experiment,script,seed,topology,grid_x,grid_y,N,edges,avg_degree,avg_k_target,n_features,n_traits,t_max,isolated_nodes,initial_unique_cultures,final_unique_cultures,frozen_step,frozen
q_sweep,axelrod_q_sweep,0,lattice,10,10,100,180,3.6,4,5,3,200000,0,82,1,59200,True
q_sweep,axelrod_q_sweep,1,lattice,10,10,100,180,3.6,4,5,3,200000,0,78,1,27200,True
q_sweep,axelrod_q_sweep,2,lattice,10,10,100,180,3.6,4,5,3,200000,0,81,1,84900,True
q_sweep,axelrod_q_sweep,3,lattice,10,10,100,180,3.6,4,5,3,200000,0,80,1,57800,True
q_sweep,axelrod_q_sweep,4,lattice,10,10,100,180,3.6,4,5,3,200000,0,81,1,85900,True
q_sweep,axelrod_q_sweep,5,lattice,10,10,100,180,3.6,4,5,3,200000,0,83,1,45500,True
q_sweep,axelrod_q_sweep,6,lattice,10,10,100,180,3.6,4,5,3,200000,0,77,1,118200,True
q_sweep,axelrod_q_sweep,7,lattice,10,10,100,180,3.6,4,5,3,200000,0,79,1,52500,True
q_sweep,axelrod_q_sweep,8,lattice,10,10,100,180,3.6,4,5,3,200000,0,89,1,38800,True
q_sweep,axelrod_q_sweep,9,lattice,10,10,100,180,3.6,4,5,3,200000,0,88,1,79600,True
q_sweep,axelrod_q_sweep,10,lattice,10,10,100,180,3.6,4,5,3,200000,0,81,1,56600,True
q_sweep,axelrod_q_sweep,11,lattice,10,10,100,180,3.6,4,5,3,200000,0,77,1,44400,True
q_sweep,axelrod_q_sweep,12,lattice,10,10,100,180,3.6,4,5,3,200000,0,89,1,70300,True
q_sweep,axelrod_q_sweep,13,lattice,10,10,100,180,3.6,4,5,3,200000,0,81,1,113100,True
q_sweep,axelrod_q_sweep,14,lattice,10,10,100,180,3.6,4,5,3,200000,0,80,1,61500,True
q_sweep,axelrod_q_sweep,15,lattice,10,10,100,180,3.6,4,5,3,200000,0,84,1,36000,True
q_sweep,axelrod_q_sweep,16,lattice,10,10,100,180,3.6,4,5,3,200000,0,83,1,67200,True
q_sweep,axelrod_q_sweep,17,lattice,10,10,100,180,3.6,4,5,3,200000,0,82,1,54100,True
q_sweep,axelrod_q_sweep,18,lattice,10,10,100,180,3.6,4,5,3,200000,0,83,1,62600,True
q_sweep,axelrod_q_sweep,19,lattice,10,10,100,180,3.6,4,5,3,200000,0,80,1,67400,True
q_sweep,axelrod_q_sweep,20,lattice,10,10,100,180,3.6,4,5,3,200000,0,82,1,44500,True
q_sweep,axelrod_q_sweep,21,lattice,10,10,100,180,3.6,4,5,3,200000,0,82,1,53000,True
q_sweep,axelrod_q_sweep,22,lattice,10,10,100,180,3.6,4,5,3,200000,0,80,1,76000,True
q_sweep,axelrod_q_sweep,23,lattice,10,10,100,180,3.6,4,5,3,200000,0,81,1,42100,True
q_sweep,axelrod_q_sweep,24,lattice,10,10,100,180,3.6,4,5,3,200000,0,81,1,41300,True
q_sweep,axelrod_q_sweep,25,lattice,10,10,100,180,3.6,4,5,3,200000,0,81,1,28900,True
q_sweep,axelrod_q_sweep,26,lattice,10,10,100,180,3.6,4,5,3,200000,0,83,1,38500,True
q_sweep,axelrod_q_sweep,27,lattice,10,10,100,180,3.6,4,5,3,200000,0,81,1,43800,True
q_sweep,axelrod_q_sweep,28,lattice,10,10,100,180,3.6,4,5,3,200000,0,83,1,31500,True
q_sweep,axelrod_q_sweep,29,lattice,10,10,100,180,3.6,4,5,3,200000,0,81,1,71800,True
q_sweep,axelrod_q_sweep,30,lattice,10,10,100,180,3.6,4,5,3,200000,0,84,1,55500,True
q_sweep,axelrod_q_sweep,31,lattice,10,10,100,180,3.6,4,5,3,200000,0,82,1,55600,True
q_sweep,axelrod_q_sweep,32,lattice,10,10,100,180,3.6,4,5,3,200000,0,79,1,59800,True
q_sweep,axelrod_q_sweep,33,lattice,10,10,100,180,3.6,4,5,3,200000,0,83,1,56400,True
q_sweep,axelrod_q_sweep,34,lattice,10,10,100,180,3.6,4,5,3,200000,0,73,1,52600,True
q_sweep,axelrod_q_sweep,35,lattice,10,10,100,180,3.6,4,5,3,200000,0,80,1,76400,True
q_sweep,axelrod_q_sweep,36,lattice,10,10,100,180,3.6,4,5,3,200000,0,77,1,53600,True
q_sweep,axelrod_q_sweep,37,lattice,10,10,100,180,3.6,4,5,3,200000,0,81,1,82000,True
q_sweep,axelrod_q_sweep,38,lattice,10,10,100,180,3.6,4,5,3,200000,0,82,1,50700,True
q_sweep,axelrod_q_sweep,39,lattice,10,10,100,180,3.6,4,5,3,200000,0,87,1,63200,True
q_sweep,axelrod_q_sweep,40,lattice,10,10,100,180,3.6,4,5,3,200000,0,77,1,52400,True
q_sweep,axelrod_q_sweep,41,lattice,10,10,100,180,3.6,4,5,3,200000,0,77,1,44000,True
q_sweep,axelrod_q_sweep,42,lattice,10,10,100,180,3.6,4,5,3,200000,0,80,1,68500,True
q_sweep,axelrod_q_sweep,43,lattice,10,10,100,180,3.6,4,5,3,200000,0,77,1,71800,True
q_sweep,axelrod_q_sweep,44,lattice,10,10,100,180,3.6,4,5,3,200000,0,86,1,51900,True
q_sweep,axelrod_q_sweep,45,lattice,10,10,100,180,3.6,4,5,3,200000,0,82,1,45100,True
q_sweep,axelrod_q_sweep,46,lattice,10,10,100,180,3.6,4,5,3,200000,0,85,1,60900,True
q_sweep,axelrod_q_sweep,47,lattice,10,10,100,180,3.6,4,5,3,200000,0,83,1,65600,True
q_sweep,axelrod_q_sweep,48,lattice,10,10,100,180,3.6,4,5,3,200000,0,81,1,78800,True
q_sweep,axelrod_q_sweep,49,lattice,10,10,100,180,3.6,4,5,3,200000,0,78,1,56500,True
q_sweep,axelrod_q_sweep,50,lattice,10,10,100,180,3.6,4,5,3,200000,0,80,1,50400,True
q_sweep,axelrod_q_sweep,51,lattice,10,10,100,180,3.6,4,5,3,200000,0,82,1,51800,True
q_sweep,axelrod_q_sweep,52,lattice,10,10,100,180,3.6,4,5,3,200000,0,82,1,70600,True
q_sweep,axelrod_q_sweep,53,lattice,10,10,100,180,3.6,4,5,3,200000,0,82,1,83000,True
q_sweep,axelrod_q_sweep,54,lattice,10,10,100,180,3.6,4,5,3,200000,0,78,1,64400,True
q_sweep,axelrod_q_sweep,55,lattice,10,10,100,180,3.6,4,5,3,200000,0,83,1,68000,True
q_sweep,axelrod_q_sweep,56,lattice,10,10,100,180,3.6,4,5,3,200000,0,78,1,47100,True
q_sweep,axelrod_q_sweep,57,lattice,10,10,100,180,3.6,4,5,3,200000,0,81,1,57000,True
q_sweep,axelrod_q_sweep,58,lattice,10,10,100,180,3.6,4,5,3,200000,0,79,1,50700,True
q_sweep,axelrod_q_sweep,59,lattice,10,10,100,180,3.6,4,5,3,200000,0,85,1,40700,True
q_sweep,axelrod_q_sweep,60,lattice,10,10,100,180,3.6,4,5,3,200000,0,82,1,54100,True
q_sweep,axelrod_q_sweep,61,lattice,10,10,100,180,3.6,4,5,3,200000,0,86,1,34300,True
q_sweep,axelrod_q_sweep,62,lattice,10,10,100,180,3.6,4,5,3,200000,0,85,1,55400,True
q_sweep,axelrod_q_sweep,63,lattice,10,10,100,180,3.6,4,5,3,200000,0,80,1,40700,True
q_sweep,axelrod_q_sweep,64,lattice,10,10,100,180,3.6,4,5,3,200000,0,82,1,41100,True
q_sweep,axelrod_q_sweep,65,lattice,10,10,100,180,3.6,4,5,3,200000,0,81,1,39500,True
q_sweep,axelrod_q_sweep,66,lattice,10,10,100,180,3.6,4,5,3,200000,0,84,1,52900,True
q_sweep,axelrod_q_sweep,67,lattice,10,10,100,180,3.6,4,5,3,200000,0,76,1,37200,True
q_sweep,axelrod_q_sweep,68,lattice,10,10,100,180,3.6,4,5,3,200000,0,76,1,50000,True
q_sweep,axelrod_q_sweep,69,lattice,10,10,100,180,3.6,4,5,3,200000,0,83,1,39600,True
q_sweep,axelrod_q_sweep,70,lattice,10,10,100,180,3.6,4,5,3,200000,0,85,1,30600,True
q_sweep,axelrod_q_sweep,71,lattice,10,10,100,180,3.6,4,5,3,200000,0,81,1,29700,True
q_sweep,axelrod_q_sweep,72,lattice,10,10,100,180,3.6,4,5,3,200000,0,84,1,30300,True
q_sweep,axelrod_q_sweep,73,lattice,10,10,100,180,3.6,4,5,3,200000,0,81,1,51500,True
q_sweep,axelrod_q_sweep,74,lattice,10,10,100,180,3.6,4,5,3,200000,0,82,1,123800,True
q_sweep,axelrod_q_sweep,75,lattice,10,10,100,180,3.6,4,5,3,200000,0,78,1,48500,True
q_sweep,axelrod_q_sweep,76,lattice,10,10,100,180,3.6,4,5,3,200000,0,86,1,97500,True
q_sweep,axelrod_q_sweep,77,lattice,10,10,100,180,3.6,4,5,3,200000,0,81,1,28100,True
q_sweep,axelrod_q_sweep,78,lattice,10,10,100,180,3.6,4,5,3,200000,0,83,1,52400,True
q_sweep,axelrod_q_sweep,79,lattice,10,10,100,180,3.6,4,5,3,200000,0,80,1,50900,True
q_sweep,axelrod_q_sweep,80,lattice,10,10,100,180,3.6,4,5,3,200000,0,86,1,64300,True
q_sweep,axelrod_q_sweep,81,lattice,10,10,100,180,3.6,4,5,3,200000,0,86,1,53000,True
q_sweep,axelrod_q_sweep,82,lattice,10,10,100,180,3.6,4,5,3,200000,0,83,1,45600,True
q_sweep,axelrod_q_sweep,83,lattice,10,10,100,180,3.6,4,5,3,200000,0,83,1,42000,True
q_sweep,axelrod_q_sweep,84,lattice,10,10,100,180,3.6,4,5,3,200000,0,78,1,52400,True
q_sweep,axelrod_q_sweep,85,lattice,10,10,100,180,3.6,4,5,3,200000,0,81,1,51900,True
q_sweep,axelrod_q_sweep,86,lattice,10,10,100,180,3.6,4,5,3,200000,0,85,1,50200,True
q_sweep,axelrod_q_sweep,87,lattice,10,10,100,180,3.6,4,5,3,200000,0,80,1,49300,True
q_sweep,axelrod_q_sweep,88,lattice,10,10,100,180,3.6,4,5,3,200000,0,80,1,33600,True
q_sweep,axelrod_q_sweep,89,lattice,10,10,100,180,3.6,4,5,3,200000,0,86,1,118700,True
q_sweep,axelrod_q_sweep,90,lattice,10,10,100,180,3.6,4,5,3,200000,0,80,1,56700,True
q_sweep,axelrod_q_sweep,91,lattice,10,10,100,180,3.6,4,5,3,200000,0,78,1,57800,True
q_sweep,axelrod_q_sweep,92,lattice,10,10,100,180,3.6,4,5,3,200000,0,76,1,45800,True
q_sweep,axelrod_q_sweep,93,lattice,10,10,100,180,3.6,4,5,3,200000,0,86,1,57300,True
q_sweep,axelrod_q_sweep,94,lattice,10,10,100,180,3.6,4,5,3,200000,0,84,1,73400,True
q_sweep,axelrod_q_sweep,95,lattice,10,10,100,180,3.6,4,5,3,200000,0,83,1,58400,True
q_sweep,axelrod_q_sweep,96,lattice,10,10,100,180,3.6,4,5,3,200000,0,82,1,70100,True
q_sweep,axelrod_q_sweep,97,lattice,10,10,100,180,3.6,4,5,3,200000,0,80,1,60700,True
q_sweep,axelrod_q_sweep,98,lattice,10,10,100,180,3.6,4,5,3,200000,0,74,1,47700,True
q_sweep,axelrod_q_sweep,99,lattice,10,10,100,180,3.6,4,5,3,200000,0,83,1,45900,True
q_sweep,axelrod_q_sweep,100,lattice,10,10,100,180,3.6,4,5,3,200000,0,85,1,47500,True
q_sweep,axelrod_q_sweep,101,lattice,10,10,100,180,3.6,4,5,3,200000,0,79,1,68800,True
q_sweep,axelrod_q_sweep,102,lattice,10,10,100,180,3.6,4,5,3,200000,0,89,1,46800,True
q_sweep,axelrod_q_sweep,103,lattice,10,10,100,180,3.6,4,5,3,200000,0,75,1,45000,True
q_sweep,axelrod_q_sweep,104,lattice,10,10,100,180,3.6,4,5,3,200000,0,80,1,29100,True
q_sweep,axelrod_q_sweep,105,lattice,10,10,100,180,3.6,4,5,3,200000,0,79,1,60200,True
q_sweep,axelrod_q_sweep,106,lattice,10,10,100,180,3.6,4,5,3,200000,0,76,1,34100,True
q_sweep,axelrod_q_sweep,107,lattice,10,10,100,180,3.6,4,5,3,200000,0,82,1,61800,True
q_sweep,axelrod_q_sweep,108,lattice,10,10,100,180,3.6,4,5,3,200000,0,77,1,55300,True
q_sweep,axelrod_q_sweep,109,lattice,10,10,100,180,3.6,4,5,3,200000,0,84,1,43200,True
q_sweep,axelrod_q_sweep,110,lattice,10,10,100,180,3.6,4,5,3,200000,0,77,1,54000,True
q_sweep,axelrod_q_sweep,111,lattice,10,10,100,180,3.6,4,5,3,200000,0,84,1,54400,True
q_sweep,axelrod_q_sweep,112,lattice,10,10,100,180,3.6,4,5,3,200000,0,87,1,49600,True
q_sweep,axelrod_q_sweep,113,lattice,10,10,100,180,3.6,4,5,3,200000,0,86,1,42600,True
q_sweep,axelrod_q_sweep,114,lattice,10,10,100,180,3.6,4,5,3,200000,0,79,1,45100,True
q_sweep,axelrod_q_sweep,115,lattice,10,10,100,180,3.6,4,5,3,200000,0,78,1,48600,True
q_sweep,axelrod_q_sweep,116,lattice,10,10,100,180,3.6,4,5,3,200000,0,81,1,52300,True
q_sweep,axelrod_q_sweep,117,lattice,10,10,100,180,3.6,4,5,3,200000,0,86,1,62800,True
q_sweep,axelrod_q_sweep,118,lattice,10,10,100,180,3.6,4,5,3,200000,0,88,1,33900,True
q_sweep,axelrod_q_sweep,119,lattice,10,10,100,180,3.6,4,5,3,200000,0,85,1,40500,True
q_sweep,axelrod_q_sweep,120,lattice,10,10,100,180,3.6,4,5,3,200000,0,84,1,40400,True
q_sweep,axelrod_q_sweep,121,lattice,10,10,100,180,3.6,4,5,3,200000,0,72,1,57000,True
q_sweep,axelrod_q_sweep,122,lattice,10,10,100,180,3.6,4,5,3,200000,0,84,1,59800,True
q_sweep,axelrod_q_sweep,123,lattice,10,10,100,180,3.6,4,5,3,200000,0,81,1,49600,True
q_sweep,axelrod_q_sweep,124,lattice,10,10,100,180,3.6,4,5,3,200000,0,86,1,50300,True
q_sweep,axelrod_q_sweep,125,lattice,10,10,100,180,3.6,4,5,3,200000,0,79,1,50200,True
q_sweep,axelrod_q_sweep,126,lattice,10,10,100,180,3.6,4,5,3,200000,0,84,1,41200,True
q_sweep,axelrod_q_sweep,127,lattice,10,10,100,180,3.6,4,5,3,200000,0,80,1,41400,True
q_sweep,axelrod_q_sweep,128,lattice,10,10,100,180,3.6,4,5,3,200000,0,83,1,32900,True
q_sweep,axelrod_q_sweep,129,lattice,10,10,100,180,3.6,4,5,3,200000,0,82,1,59200,True
q_sweep,axelrod_q_sweep,130,lattice,10,10,100,180,3.6,4,5,3,200000,0,78,1,46600,True
q_sweep,axelrod_q_sweep,131,lattice,10,10,100,180,3.6,4,5,3,200000,0,87,1,63300,True
q_sweep,axelrod_q_sweep,132,lattice,10,10,100,180,3.6,4,5,3,200000,0,85,1,56100,True
q_sweep,axelrod_q_sweep,133,lattice,10,10,100,180,3.6,4,5,3,200000,0,84,1,54900,True
q_sweep,axelrod_q_sweep,134,lattice,10,10,100,180,3.6,4,5,3,200000,0,85,1,107400,True
q_sweep,axelrod_q_sweep,135,lattice,10,10,100,180,3.6,4,5,3,200000,0,76,1,64800,True
q_sweep,axelrod_q_sweep,136,lattice,10,10,100,180,3.6,4,5,3,200000,0,84,1,38400,True
q_sweep,axelrod_q_sweep,137,lattice,10,10,100,180,3.6,4,5,3,200000,0,86,1,44000,True
q_sweep,axelrod_q_sweep,138,lattice,10,10,100,180,3.6,4,5,3,200000,0,85,1,96800,True
q_sweep,axelrod_q_sweep,139,lattice,10,10,100,180,3.6,4,5,3,200000,0,84,1,52500,True
q_sweep,axelrod_q_sweep,140,lattice,10,10,100,180,3.6,4,5,3,200000,0,82,1,48300,True
q_sweep,axelrod_q_sweep,141,lattice,10,10,100,180,3.6,4,5,3,200000,0,86,1,28600,True
q_sweep,axelrod_q_sweep,142,lattice,10,10,100,180,3.6,4,5,3,200000,0,89,1,41200,True
q_sweep,axelrod_q_sweep,143,lattice,10,10,100,180,3.6,4,5,3,200000,0,85,1,45900,True
q_sweep,axelrod_q_sweep,144,lattice,10,10,100,180,3.6,4,5,3,200000,0,84,1,75500,True
q_sweep,axelrod_q_sweep,145,lattice,10,10,100,180,3.6,4,5,3,200000,0,80,1,59700,True
q_sweep,axelrod_q_sweep,146,lattice,10,10,100,180,3.6,4,5,3,200000,0,76,1,94900,True
q_sweep,axelrod_q_sweep,147,lattice,10,10,100,180,3.6,4,5,3,200000,0,83,1,59000,True
q_sweep,axelrod_q_sweep,148,lattice,10,10,100,180,3.6,4,5,3,200000,0,82,1,69800,True
q_sweep,axelrod_q_sweep,149,lattice,10,10,100,180,3.6,4,5,3,200000,0,81,1,37000,True
q_sweep,axelrod_q_sweep,150,lattice,10,10,100,180,3.6,4,5,3,200000,0,82,1,34200,True
q_sweep,axelrod_q_sweep,151,lattice,10,10,100,180,3.6,4,5,3,200000,0,83,1,48000,True
q_sweep,axelrod_q_sweep,152,lattice,10,10,100,180,3.6,4,5,3,200000,0,84,1,43700,True
q_sweep,axelrod_q_sweep,153,lattice,10,10,100,180,3.6,4,5,3,200000,0,85,1,29200,True
q_sweep,axelrod_q_sweep,154,lattice,10,10,100,180,3.6,4,5,3,200000,0,81,1,40100,True
q_sweep,axelrod_q_sweep,155,lattice,10,10,100,180,3.6,4,5,3,200000,0,80,1,58600,True
q_sweep,axelrod_q_sweep,156,lattice,10,10,100,180,3.6,4,5,3,200000,0,79,1,45200,True
q_sweep,axelrod_q_sweep,157,lattice,10,10,100,180,3.6,4,5,3,200000,0,84,1,113300,True
q_sweep,axelrod_q_sweep,158,lattice,10,10,100,180,3.6,4,5,3,200000,0,78,1,49100,True
q_sweep,axelrod_q_sweep,159,lattice,10,10,100,180,3.6,4,5,3,200000,0,85,1,52500,True
q_sweep,axelrod_q_sweep,160,lattice,10,10,100,180,3.6,4,5,3,200000,0,79,1,71600,True
q_sweep,axelrod_q_sweep,161,lattice,10,10,100,180,3.6,4,5,3,200000,0,80,1,33200,True
q_sweep,axelrod_q_sweep,162,lattice,10,10,100,180,3.6,4,5,3,200000,0,80,1,70700,True
q_sweep,axelrod_q_sweep,163,lattice,10,10,100,180,3.6,4,5,3,200000,0,83,1,34300,True
q_sweep,axelrod_q_sweep,164,lattice,10,10,100,180,3.6,4,5,3,200000,0,81,1,68800,True
q_sweep,axelrod_q_sweep,165,lattice,10,10,100,180,3.6,4,5,3,200000,0,82,1,53100,True
q_sweep,axelrod_q_sweep,166,lattice,10,10,100,180,3.6,4,5,3,200000,0,75,1,47000,True
q_sweep,axelrod_q_sweep,167,lattice,10,10,100,180,3.6,4,5,3,200000,0,85,1,47900,True
q_sweep,axelrod_q_sweep,168,lattice,10,10,100,180,3.6,4,5,3,200000,0,85,1,27800,True
q_sweep,axelrod_q_sweep,169,lattice,10,10,100,180,3.6,4,5,3,200000,0,82,1,98700,True
q_sweep,axelrod_q_sweep,170,lattice,10,10,100,180,3.6,4,5,3,200000,0,82,1,70100,True
q_sweep,axelrod_q_sweep,171,lattice,10,10,100,180,3.6,4,5,3,200000,0,78,1,58300,True
q_sweep,axelrod_q_sweep,172,lattice,10,10,100,180,3.6,4,5,3,200000,0,85,1,33600,True
q_sweep,axelrod_q_sweep,173,lattice,10,10,100,180,3.6,4,5,3,200000,0,75,1,95400,True
q_sweep,axelrod_q_sweep,174,lattice,10,10,100,180,3.6,4,5,3,200000,0,84,1,61100,True
q_sweep,axelrod_q_sweep,175,lattice,10,10,100,180,3.6,4,5,3,200000,0,85,1,64900,True
q_sweep,axelrod_q_sweep,176,lattice,10,10,100,180,3.6,4,5,3,200000,0,78,1,73600,True
q_sweep,axelrod_q_sweep,177,lattice,10,10,100,180,3.6,4,5,3,200000,0,85,1,123900,True
q_sweep,axelrod_q_sweep,178,lattice,10,10,100,180,3.6,4,5,3,200000,0,84,1,83400,True
q_sweep,axelrod_q_sweep,179,lattice,10,10,100,180,3.6,4,5,3,200000,0,82,1,43900,True
q_sweep,axelrod_q_sweep,180,lattice,10,10,100,180,3.6,4,5,3,200000,0,80,1,76100,True
q_sweep,axelrod_q_sweep,181,lattice,10,10,100,180,3.6,4,5,3,200000,0,81,1,33600,True
q_sweep,axelrod_q_sweep,182,lattice,10,10,100,180,3.6,4,5,3,200000,0,78,1,57200,True
q_sweep,axelrod_q_sweep,183,lattice,10,10,100,180,3.6,4,5,3,200000,0,78,1,48500,True
q_sweep,axelrod_q_sweep,184,lattice,10,10,100,180,3.6,4,5,3,200000,0,82,1,40400,True
q_sweep,axelrod_q_sweep,185,lattice,10,10,100,180,3.6,4,5,3,200000,0,77,1,56700,True
q_sweep,axelrod_q_sweep,186,lattice,10,10,100,180,3.6,4,5,3,200000,0,80,1,45800,True
q_sweep,axelrod_q_sweep,187,lattice,10,10,100,180,3.6,4,5,3,200000,0,81,1,54700,True
q_sweep,axelrod_q_sweep,188,lattice,10,10,100,180,3.6,4,5,3,200000,0,86,1,36700,True
q_sweep,axelrod_q_sweep,189,lattice,10,10,100,180,3.6,4,5,3,200000,0,79,1,48800,True
q_sweep,axelrod_q_sweep,190,lattice,10,10,100,180,3.6,4,5,3,200000,0,78,1,78500,True
q_sweep,axelrod_q_sweep,191,lattice,10,10,100,180,3.6,4,5,3,200000,0,83,1,30400,True
q_sweep,axelrod_q_sweep,192,lattice,10,10,100,180,3.6,4,5,3,200000,0,85,1,43500,True
q_sweep,axelrod_q_sweep,193,lattice,10,10,100,180,3.6,4,5,3,200000,0,83,1,43200,True
q_sweep,axelrod_q_sweep,194,lattice,10,10,100,180,3.6,4,5,3,200000,0,80,1,65900,True
q_sweep,axelrod_q_sweep,195,lattice,10,10,100,180,3.6,4,5,3,200000,0,76,1,58100,True
q_sweep,axelrod_q_sweep,196,lattice,10,10,100,180,3.6,4,5,3,200000,0,82,1,81700,True
q_sweep,axelrod_q_sweep,197,lattice,10,10,100,180,3.6,4,5,3,200000,0,80,1,57400,True
q_sweep,axelrod_q_sweep,198,lattice,10,10,100,180,3.6,4,5,3,200000,0,83,1,61300,True
q_sweep,axelrod_q_sweep,199,lattice,10,10,100,180,3.6,4,5,3,200000,0,81,1,63700,True
q_sweep,axelrod_q_sweep,0,lattice,10,10,100,180,3.6,4,5,5,200000,0,99,1,75600,True
q_sweep,axelrod_q_sweep,1,lattice,10,10,100,180,3.6,4,5,5,200000,0,99,1,68000,True
q_sweep,axelrod_q_sweep,2,lattice,10,10,100,180,3.6,4,5,5,200000,0,99,1,61800,True
q_sweep,axelrod_q_sweep,3,lattice,10,10,100,180,3.6,4,5,5,200000,0,99,2,32700,True
q_sweep,axelrod_q_sweep,4,lattice,10,10,100,180,3.6,4,5,5,200000,0,100,1,49800,True
q_sweep,axelrod_q_sweep,5,lattice,10,10,100,180,3.6,4,5,5,200000,0,100,1,65000,True
q_sweep,axelrod_q_sweep,6,lattice,10,10,100,180,3.6,4,5,5,200000,0,100,1,45300,True
q_sweep,axelrod_q_sweep,7,lattice,10,10,100,180,3.6,4,5,5,200000,0,98,1,50900,True
q_sweep,axelrod_q_sweep,8,lattice,10,10,100,180,3.6,4,5,5,200000,0,99,1,40700,True
q_sweep,axelrod_q_sweep,9,lattice,10,10,100,180,3.6,4,5,5,200000,0,100,1,66000,True
q_sweep,axelrod_q_sweep,10,lattice,10,10,100,180,3.6,4,5,5,200000,0,100,1,70000,True
q_sweep,axelrod_q_sweep,11,lattice,10,10,100,180,3.6,4,5,5,200000,0,99,1,53000,True
q_sweep,axelrod_q_sweep,12,lattice,10,10,100,180,3.6,4,5,5,200000,0,98,1,79600,True
q_sweep,axelrod_q_sweep,13,lattice,10,10,100,180,3.6,4,5,5,200000,0,96,1,60100,True
q_sweep,axelrod_q_sweep,14,lattice,10,10,100,180,3.6,4,5,5,200000,0,100,1,67800,True
q_sweep,axelrod_q_sweep,15,lattice,10,10,100,180,3.6,4,5,5,200000,0,99,1,86900,True
q_sweep,axelrod_q_sweep,16,lattice,10,10,100,180,3.6,4,5,5,200000,0,100,1,45600,True
q_sweep,axelrod_q_sweep,17,lattice,10,10,100,180,3.6,4,5,5,200000,0,99,1,91900,True
q_sweep,axelrod_q_sweep,18,lattice,10,10,100,180,3.6,4,5,5,200000,0,100,1,81200,True
q_sweep,axelrod_q_sweep,19,lattice,10,10,100,180,3.6,4,5,5,200000,0,99,1,83300,True
q_sweep,axelrod_q_sweep,20,lattice,10,10,100,180,3.6,4,5,5,200000,0,100,1,55600,True
q_sweep,axelrod_q_sweep,21,lattice,10,10,100,180,3.6,4,5,5,200000,0,97,1,78800,True
q_sweep,axelrod_q_sweep,22,lattice,10,10,100,180,3.6,4,5,5,200000,0,98,1,50700,True
q_sweep,axelrod_q_sweep,23,lattice,10,10,100,180,3.6,4,5,5,200000,0,98,1,88400,True
q_sweep,axelrod_q_sweep,24,lattice,10,10,100,180,3.6,4,5,5,200000,0,100,1,67000,True
q_sweep,axelrod_q_sweep,25,lattice,10,10,100,180,3.6,4,5,5,200000,0,99,1,62400,True
q_sweep,axelrod_q_sweep,26,lattice,10,10,100,180,3.6,4,5,5,200000,0,100,1,108200,True
q_sweep,axelrod_q_sweep,27,lattice,10,10,100,180,3.6,4,5,5,200000,0,99,1,76800,True
q_sweep,axelrod_q_sweep,28,lattice,10,10,100,180,3.6,4,5,5,200000,0,100,1,53800,True
q_sweep,axelrod_q_sweep,29,lattice,10,10,100,180,3.6,4,5,5,200000,0,97,1,55600,True
q_sweep,axelrod_q_sweep,30,lattice,10,10,100,180,3.6,4,5,5,200000,0,100,1,41700,True
q_sweep,axelrod_q_sweep,31,lattice,10,10,100,180,3.6,4,5,5,200000,0,100,1,42200,True
q_sweep,axelrod_q_sweep,32,lattice,10,10,100,180,3.6,4,5,5,200000,0,96,1,50200,True
q_sweep,axelrod_q_sweep,33,lattice,10,10,100,180,3.6,4,5,5,200000,0,100,1,59200,True
q_sweep,axelrod_q_sweep,34,lattice,10,10,100,180,3.6,4,5,5,200000,0,98,1,58800,True
q_sweep,axelrod_q_sweep,35,lattice,10,10,100,180,3.6,4,5,5,200000,0,100,1,94800,True
q_sweep,axelrod_q_sweep,36,lattice,10,10,100,180,3.6,4,5,5,200000,0,99,1,93300,True
q_sweep,axelrod_q_sweep,37,lattice,10,10,100,180,3.6,4,5,5,200000,0,100,1,64400,True
q_sweep,axelrod_q_sweep,38,lattice,10,10,100,180,3.6,4,5,5,200000,0,100,1,42600,True
q_sweep,axelrod_q_sweep,39,lattice,10,10,100,180,3.6,4,5,5,200000,0,98,1,57200,True
q_sweep,axelrod_q_sweep,40,lattice,10,10,100,180,3.6,4,5,5,200000,0,98,1,74700,True
q_sweep,axelrod_q_sweep,41,lattice,10,10,100,180,3.6,4,5,5,200000,0,97,1,78200,True
q_sweep,axelrod_q_sweep,42,lattice,10,10,100,180,3.6,4,5,5,200000,0,99,1,62600,True
q_sweep,axelrod_q_sweep,43,lattice,10,10,100,180,3.6,4,5,5,200000,0,99,1,68400,True
q_sweep,axelrod_q_sweep,44,lattice,10,10,100,180,3.6,4,5,5,200000,0,100,1,46700,True
q_sweep,axelrod_q_sweep,45,lattice,10,10,100,180,3.6,4,5,5,200000,0,95,1,57200,True
q_sweep,axelrod_q_sweep,46,lattice,10,10,100,180,3.6,4,5,5,200000,0,98,1,77500,True
q_sweep,axelrod_q_sweep,47,lattice,10,10,100,180,3.6,4,5,5,200000,0,98,1,52400,True
q_sweep,axelrod_q_sweep,48,lattice,10,10,100,180,3.6,4,5,5,200000,0,98,1,58700,True
q_sweep,axelrod_q_sweep,49,lattice,10,10,100,180,3.6,4,5,5,200000,0,100,1,93800,True
q_sweep,axelrod_q_sweep,50,lattice,10,10,100,180,3.6,4,5,5,200000,0,99,1,42800,True
q_sweep,axelrod_q_sweep,51,lattice,10,10,100,180,3.6,4,5,5,200000,0,99,1,60900,True
q_sweep,axelrod_q_sweep,52,lattice,10,10,100,180,3.6,4,5,5,200000,0,100,1,43200,True
q_sweep,axelrod_q_sweep,53,lattice,10,10,100,180,3.6,4,5,5,200000,0,96,1,56800,True
q_sweep,axelrod_q_sweep,54,lattice,10,10,100,180,3.6,4,5,5,200000,0,98,2,44000,True
q_sweep,axelrod_q_sweep,55,lattice,10,10,100,180,3.6,4,5,5,200000,0,98,1,80700,True
q_sweep,axelrod_q_sweep,56,lattice,10,10,100,180,3.6,4,5,5,200000,0,100,1,76100,True
q_sweep,axelrod_q_sweep,57,lattice,10,10,100,180,3.6,4,5,5,200000,0,98,1,54000,True
q_sweep,axelrod_q_sweep,58,lattice,10,10,100,180,3.6,4,5,5,200000,0,98,1,63400,True
q_sweep,axelrod_q_sweep,59,lattice,10,10,100,180,3.6,4,5,5,200000,0,99,1,63900,True
q_sweep,axelrod_q_sweep,60,lattice,10,10,100,180,3.6,4,5,5,200000,0,99,1,70400,True
q_sweep,axelrod_q_sweep,61,lattice,10,10,100,180,3.6,4,5,5,200000,0,99,2,54200,True
q_sweep,axelrod_q_sweep,62,lattice,10,10,100,180,3.6,4,5,5,200000,0,100,1,27800,True
q_sweep,axelrod_q_sweep,63,lattice,10,10,100,180,3.6,4,5,5,200000,0,99,1,43000,True
q_sweep,axelrod_q_sweep,64,lattice,10,10,100,180,3.6,4,5,5,200000,0,99,1,63500,True
q_sweep,axelrod_q_sweep,65,lattice,10,10,100,180,3.6,4,5,5,200000,0,98,1,55900,True
q_sweep,axelrod_q_sweep,66,lattice,10,10,100,180,3.6,4,5,5,200000,0,97,3,31800,True
q_sweep,axelrod_q_sweep,67,lattice,10,10,100,180,3.6,4,5,5,200000,0,99,1,56200,True
q_sweep,axelrod_q_sweep,68,lattice,10,10,100,180,3.6,4,5,5,200000,0,98,1,74800,True
q_sweep,axelrod_q_sweep,69,lattice,10,10,100,180,3.6,4,5,5,200000,0,97,1,92100,True
q_sweep,axelrod_q_sweep,70,lattice,10,10,100,180,3.6,4,5,5,200000,0,100,1,81700,True
q_sweep,axelrod_q_sweep,71,lattice,10,10,100,180,3.6,4,5,5,200000,0,99,1,56000,True
q_sweep,axelrod_q_sweep,72,lattice,10,10,100,180,3.6,4,5,5,200000,0,100,1,79200,True
q_sweep,axelrod_q_sweep,73,lattice,10,10,100,180,3.6,4,5,5,200000,0,99,1,76500,True
q_sweep,axelrod_q_sweep,74,lattice,10,10,100,180,3.6,4,5,5,200000,0,99,1,78600,True
q_sweep,axelrod_q_sweep,75,lattice,10,10,100,180,3.6,4,5,5,200000,0,99,1,49400,True
q_sweep,axelrod_q_sweep,76,lattice,10,10,100,180,3.6,4,5,5,200000,0,98,2,51000,True
q_sweep,axelrod_q_sweep,77,lattice,10,10,100,180,3.6,4,5,5,200000,0,97,1,82800,True
q_sweep,axelrod_q_sweep,78,lattice,10,10,100,180,3.6,4,5,5,200000,0,98,1,55800,True
q_sweep,axelrod_q_sweep,79,lattice,10,10,100,180,3.6,4,5,5,200000,0,99,1,103100,True
q_sweep,axelrod_q_sweep,80,lattice,10,10,100,180,3.6,4,5,5,200000,0,100,1,69900,True
q_sweep,axelrod_q_sweep,81,lattice,10,10,100,180,3.6,4,5,5,200000,0,99,1,76200,True
q_sweep,axelrod_q_sweep,82,lattice,10,10,100,180,3.6,4,5,5,200000,0,99,1,57100,True
q_sweep,axelrod_q_sweep,83,lattice,10,10,100,180,3.6,4,5,5,200000,0,98,1,96600,True
q_sweep,axelrod_q_sweep,84,lattice,10,10,100,180,3.6,4,5,5,200000,0,99,1,71000,True
q_sweep,axelrod_q_sweep,85,lattice,10,10,100,180,3.6,4,5,5,200000,0,99,1,64000,True
q_sweep,axelrod_q_sweep,86,lattice,10,10,100,180,3.6,4,5,5,200000,0,99,1,91200,True
q_sweep,axelrod_q_sweep,87,lattice,10,10,100,180,3.6,4,5,5,200000,0,100,1,46900,True
q_sweep,axelrod_q_sweep,88,lattice,10,10,100,180,3.6,4,5,5,200000,0,98,1,78900,True
q_sweep,axelrod_q_sweep,89,lattice,10,10,100,180,3.6,4,5,5,200000,0,96,1,56300,True
q_sweep,axelrod_q_sweep,90,lattice,10,10,100,180,3.6,4,5,5,200000,0,98,1,56000,True
q_sweep,axelrod_q_sweep,91,lattice,10,10,100,180,3.6,4,5,5,200000,0,98,1,57500,True
q_sweep,axelrod_q_sweep,92,lattice,10,10,100,180,3.6,4,5,5,200000,0,98,1,43600,True
q_sweep,axelrod_q_sweep,93,lattice,10,10,100,180,3.6,4,5,5,200000,0,97,1,72500,True
q_sweep,axelrod_q_sweep,94,lattice,10,10,100,180,3.6,4,5,5,200000,0,100,1,70900,True
q_sweep,axelrod_q_sweep,95,lattice,10,10,100,180,3.6,4,5,5,200000,0,100,1,64300,True
q_sweep,axelrod_q_sweep,96,lattice,10,10,100,180,3.6,4,5,5,200000,0,98,1,73600,True
q_sweep,axelrod_q_sweep,97,lattice,10,10,100,180,3.6,4,5,5,200000,0,99,2,59400,True
q_sweep,axelrod_q_sweep,98,lattice,10,10,100,180,3.6,4,5,5,200000,0,99,1,72100,True
q_sweep,axelrod_q_sweep,99,lattice,10,10,100,180,3.6,4,5,5,200000,0,99,1,61600,True
q_sweep,axelrod_q_sweep,100,lattice,10,10,100,180,3.6,4,5,5,200000,0,96,1,80000,True
q_sweep,axelrod_q_sweep,101,lattice,10,10,100,180,3.6,4,5,5,200000,0,98,1,59400,True
q_sweep,axelrod_q_sweep,102,lattice,10,10,100,180,3.6,4,5,5,200000,0,97,1,76300,True
q_sweep,axelrod_q_sweep,103,lattice,10,10,100,180,3.6,4,5,5,200000,0,99,1,83000,True
q_sweep,axelrod_q_sweep,104,lattice,10,10,100,180,3.6,4,5,5,200000,0,98,1,47400,True
q_sweep,axelrod_q_sweep,105,lattice,10,10,100,180,3.6,4,5,5,200000,0,96,1,75100,True
q_sweep,axelrod_q_sweep,106,lattice,10,10,100,180,3.6,4,5,5,200000,0,100,1,53700,True
q_sweep,axelrod_q_sweep,107,lattice,10,10,100,180,3.6,4,5,5,200000,0,96,1,33700,True
q_sweep,axelrod_q_sweep,108,lattice,10,10,100,180,3.6,4,5,5,200000,0,98,1,80900,True
q_sweep,axelrod_q_sweep,109,lattice,10,10,100,180,3.6,4,5,5,200000,0,99,1,83100,True
q_sweep,axelrod_q_sweep,110,lattice,10,10,100,180,3.6,4,5,5,200000,0,97,1,61900,True
q_sweep,axelrod_q_sweep,111,lattice,10,10,100,180,3.6,4,5,5,200000,0,98,1,56000,True
q_sweep,axelrod_q_sweep,112,lattice,10,10,100,180,3.6,4,5,5,200000,0,96,1,68700,True
q_sweep,axelrod_q_sweep,113,lattice,10,10,100,180,3.6,4,5,5,200000,0,99,1,42000,True
q_sweep,axelrod_q_sweep,114,lattice,10,10,100,180,3.6,4,5,5,200000,0,97,1,52800,True
q_sweep,axelrod_q_sweep,115,lattice,10,10,100,180,3.6,4,5,5,200000,0,99,1,76700,True
q_sweep,axelrod_q_sweep,116,lattice,10,10,100,180,3.6,4,5,5,200000,0,99,1,60900,True
q_sweep,axelrod_q_sweep,117,lattice,10,10,100,180,3.6,4,5,5,200000,0,99,1,59800,True
q_sweep,axelrod_q_sweep,118,lattice,10,10,100,180,3.6,4,5,5,200000,0,99,3,35200,True
q_sweep,axelrod_q_sweep,119,lattice,10,10,100,180,3.6,4,5,5,200000,0,96,1,42300,True
q_sweep,axelrod_q_sweep,120,lattice,10,10,100,180,3.6,4,5,5,200000,0,99,1,50200,True
q_sweep,axelrod_q_sweep,121,lattice,10,10,100,180,3.6,4,5,5,200000,0,99,1,35900,True
q_sweep,axelrod_q_sweep,122,lattice,10,10,100,180,3.6,4,5,5,200000,0,99,1,58900,True
q_sweep,axelrod_q_sweep,123,lattice,10,10,100,180,3.6,4,5,5,200000,0,98,1,47000,True
q_sweep,axelrod_q_sweep,124,lattice,10,10,100,180,3.6,4,5,5,200000,0,99,1,66500,True
q_sweep,axelrod_q_sweep,125,lattice,10,10,100,180,3.6,4,5,5,200000,0,99,1,42700,True
q_sweep,axelrod_q_sweep,126,lattice,10,10,100,180,3.6,4,5,5,200000,0,95,1,39000,True
q_sweep,axelrod_q_sweep,127,lattice,10,10,100,180,3.6,4,5,5,200000,0,98,1,51400,True
q_sweep,axelrod_q_sweep,128,lattice,10,10,100,180,3.6,4,5,5,200000,0,100,1,53600,True
q_sweep,axelrod_q_sweep,129,lattice,10,10,100,180,3.6,4,5,5,200000,0,100,1,51900,True
q_sweep,axelrod_q_sweep,130,lattice,10,10,100,180,3.6,4,5,5,200000,0,97,1,86400,True
q_sweep,axelrod_q_sweep,131,lattice,10,10,100,180,3.6,4,5,5,200000,0,97,1,68300,True
q_sweep,axelrod_q_sweep,132,lattice,10,10,100,180,3.6,4,5,5,200000,0,98,1,56600,True
q_sweep,axelrod_q_sweep,133,lattice,10,10,100,180,3.6,4,5,5,200000,0,96,1,62900,True
q_sweep,axelrod_q_sweep,134,lattice,10,10,100,180,3.6,4,5,5,200000,0,97,1,58200,True
q_sweep,axelrod_q_sweep,135,lattice,10,10,100,180,3.6,4,5,5,200000,0,96,1,79300,True
q_sweep,axelrod_q_sweep,136,lattice,10,10,100,180,3.6,4,5,5,200000,0,99,1,71800,True
q_sweep,axelrod_q_sweep,137,lattice,10,10,100,180,3.6,4,5,5,200000,0,99,1,82700,True
q_sweep,axelrod_q_sweep,138,lattice,10,10,100,180,3.6,4,5,5,200000,0,99,1,40800,True
q_sweep,axelrod_q_sweep,139,lattice,10,10,100,180,3.6,4,5,5,200000,0,97,1,68800,True
q_sweep,axelrod_q_sweep,140,lattice,10,10,100,180,3.6,4,5,5,200000,0,96,1,72600,True
q_sweep,axelrod_q_sweep,141,lattice,10,10,100,180,3.6,4,5,5,200000,0,99,1,99500,True
q_sweep,axelrod_q_sweep,142,lattice,10,10,100,180,3.6,4,5,5,200000,0,99,1,63200,True
q_sweep,axelrod_q_sweep,143,lattice,10,10,100,180,3.6,4,5,5,200000,0,98,1,91900,True
q_sweep,axelrod_q_sweep,144,lattice,10,10,100,180,3.6,4,5,5,200000,0,98,1,70400,True
q_sweep,axelrod_q_sweep,145,lattice,10,10,100,180,3.6,4,5,5,200000,0,100,1,67500,True
q_sweep,axelrod_q_sweep,146,lattice,10,10,100,180,3.6,4,5,5,200000,0,98,1,62400,True
q_sweep,axelrod_q_sweep,147,lattice,10,10,100,180,3.6,4,5,5,200000,0,100,1,70200,True
q_sweep,axelrod_q_sweep,148,lattice,10,10,100,180,3.6,4,5,5,200000,0,98,1,54000,True
q_sweep,axelrod_q_sweep,149,lattice,10,10,100,180,3.6,4,5,5,200000,0,98,1,107400,True
q_sweep,axelrod_q_sweep,150,lattice,10,10,100,180,3.6,4,5,5,200000,0,99,1,66900,True
q_sweep,axelrod_q_sweep,151,lattice,10,10,100,180,3.6,4,5,5,200000,0,98,1,60100,True
q_sweep,axelrod_q_sweep,152,lattice,10,10,100,180,3.6,4,5,5,200000,0,97,1,50000,True
q_sweep,axelrod_q_sweep,153,lattice,10,10,100,180,3.6,4,5,5,200000,0,97,1,61500,True
q_sweep,axelrod_q_sweep,154,lattice,10,10,100,180,3.6,4,5,5,200000,0,98,1,81000,True
q_sweep,axelrod_q_sweep,155,lattice,10,10,100,180,3.6,4,5,5,200000,0,99,1,46700,True
q_sweep,axelrod_q_sweep,156,lattice,10,10,100,180,3.6,4,5,5,200000,0,98,1,66400,True
q_sweep,axelrod_q_sweep,157,lattice,10,10,100,180,3.6,4,5,5,200000,0,98,1,99800,True
q_sweep,axelrod_q_sweep,158,lattice,10,10,100,180,3.6,4,5,5,200000,0,100,1,91100,True
q_sweep,axelrod_q_sweep,159,lattice,10,10,100,180,3.6,4,5,5,200000,0,100,1,50200,True
q_sweep,axelrod_q_sweep,160,lattice,10,10,100,180,3.6,4,5,5,200000,0,99,1,84600,True
q_sweep,axelrod_q_sweep,161,lattice,10,10,100,180,3.6,4,5,5,200000,0,99,1,50900,True
q_sweep,axelrod_q_sweep,162,lattice,10,10,100,180,3.6,4,5,5,200000,0,97,1,81600,True
q_sweep,axelrod_q_sweep,163,lattice,10,10,100,180,3.6,4,5,5,200000,0,98,1,80900,True
q_sweep,axelrod_q_sweep,164,lattice,10,10,100,180,3.6,4,5,5,200000,0,98,1,86000,True
q_sweep,axelrod_q_sweep,165,lattice,10,10,100,180,3.6,4,5,5,200000,0,98,1,74100,True
q_sweep,axelrod_q_sweep,166,lattice,10,10,100,180,3.6,4,5,5,200000,0,98,1,71400,True
q_sweep,axelrod_q_sweep,167,lattice,10,10,100,180,3.6,4,5,5,200000,0,100,1,77600,True
q_sweep,axelrod_q_sweep,168,lattice,10,10,100,180,3.6,4,5,5,200000,0,96,1,97800,True
q_sweep,axelrod_q_sweep,169,lattice,10,10,100,180,3.6,4,5,5,200000,0,100,1,62700,True
q_sweep,axelrod_q_sweep,170,lattice,10,10,100,180,3.6,4,5,5,200000,0,100,1,77300,True
q_sweep,axelrod_q_sweep,171,lattice,10,10,100,180,3.6,4,5,5,200000,0,97,1,46000,True
q_sweep,axelrod_q_sweep,172,lattice,10,10,100,180,3.6,4,5,5,200000,0,98,1,53100,True
q_sweep,axelrod_q_sweep,173,lattice,10,10,100,180,3.6,4,5,5,200000,0,98,1,67100,True
q_sweep,axelrod_q_sweep,174,lattice,10,10,100,180,3.6,4,5,5,200000,0,99,1,54400,True
q_sweep,axelrod_q_sweep,175,lattice,10,10,100,180,3.6,4,5,5,200000,0,99,1,67900,True
q_sweep,axelrod_q_sweep,176,lattice,10,10,100,180,3.6,4,5,5,200000,0,98,1,86400,True
q_sweep,axelrod_q_sweep,177,lattice,10,10,100,180,3.6,4,5,5,200000,0,98,1,60000,True
q_sweep,axelrod_q_sweep,178,lattice,10,10,100,180,3.6,4,5,5,200000,0,99,1,56200,True
q_sweep,axelrod_q_sweep,179,lattice,10,10,100,180,3.6,4,5,5,200000,0,97,1,120200,True
q_sweep,axelrod_q_sweep,180,lattice,10,10,100,180,3.6,4,5,5,200000,0,97,1,85900,True
q_sweep,axelrod_q_sweep,181,lattice,10,10,100,180,3.6,4,5,5,200000,0,100,1,91700,True
q_sweep,axelrod_q_sweep,182,lattice,10,10,100,180,3.6,4,5,5,200000,0,100,1,54300,True
q_sweep,axelrod_q_sweep,183,lattice,10,10,100,180,3.6,4,5,5,200000,0,99,1,49700,True
q_sweep,axelrod_q_sweep,184,lattice,10,10,100,180,3.6,4,5,5,200000,0,98,1,72100,True
q_sweep,axelrod_q_sweep,185,lattice,10,10,100,180,3.6,4,5,5,200000,0,98,1,74900,True
q_sweep,axelrod_q_sweep,186,lattice,10,10,100,180,3.6,4,5,5,200000,0,97,1,54000,True
q_sweep,axelrod_q_sweep,187,lattice,10,10,100,180,3.6,4,5,5,200000,0,99,1,64000,True
q_sweep,axelrod_q_sweep,188,lattice,10,10,100,180,3.6,4,5,5,200000,0,98,1,62800,True
q_sweep,axelrod_q_sweep,189,lattice,10,10,100,180,3.6,4,5,5,200000,0,99,1,92800,True
q_sweep,axelrod_q_sweep,190,lattice,10,10,100,180,3.6,4,5,5,200000,0,100,1,63300,True
q_sweep,axelrod_q_sweep,191,lattice,10,10,100,180,3.6,4,5,5,200000,0,98,1,40700,True
q_sweep,axelrod_q_sweep,192,lattice,10,10,100,180,3.6,4,5,5,200000,0,99,1,97700,True
q_sweep,axelrod_q_sweep,193,lattice,10,10,100,180,3.6,4,5,5,200000,0,96,1,35600,True
q_sweep,axelrod_q_sweep,194,lattice,10,10,100,180,3.6,4,5,5,200000,0,98,1,37500,True
q_sweep,axelrod_q_sweep,195,lattice,10,10,100,180,3.6,4,5,5,200000,0,99,1,97100,True
q_sweep,axelrod_q_sweep,196,lattice,10,10,100,180,3.6,4,5,5,200000,0,99,1,89500,True
q_sweep,axelrod_q_sweep,197,lattice,10,10,100,180,3.6,4,5,5,200000,0,99,1,52300,True
q_sweep,axelrod_q_sweep,198,lattice,10,10,100,180,3.6,4,5,5,200000,0,99,2,51100,True
q_sweep,axelrod_q_sweep,199,lattice,10,10,100,180,3.6,4,5,5,200000,0,98,1,70600,True
q_sweep,axelrod_q_sweep,0,lattice,10,10,100,180,3.6,4,5,10,200000,0,100,7,68200,True
q_sweep,axelrod_q_sweep,1,lattice,10,10,100,180,3.6,4,5,10,200000,0,100,3,90300,True
q_sweep,axelrod_q_sweep,2,lattice,10,10,100,180,3.6,4,5,10,200000,0,100,2,85900,True
q_sweep,axelrod_q_sweep,3,lattice,10,10,100,180,3.6,4,5,10,200000,0,100,14,50500,True
q_sweep,axelrod_q_sweep,4,lattice,10,10,100,180,3.6,4,5,10,200000,0,100,4,72900,True
q_sweep,axelrod_q_sweep,5,lattice,10,10,100,180,3.6,4,5,10,200000,0,100,6,96300,True
q_sweep,axelrod_q_sweep,6,lattice,10,10,100,180,3.6,4,5,10,200000,0,100,1,80100,True
q_sweep,axelrod_q_sweep,7,lattice,10,10,100,180,3.6,4,5,10,200000,0,99,3,104300,True
q_sweep,axelrod_q_sweep,8,lattice,10,10,100,180,3.6,4,5,10,200000,0,100,14,66800,True
q_sweep,axelrod_q_sweep,9,lattice,10,10,100,180,3.6,4,5,10,200000,0,100,4,105700,True
q_sweep,axelrod_q_sweep,10,lattice,10,10,100,180,3.6,4,5,10,200000,0,100,3,70500,True
q_sweep,axelrod_q_sweep,11,lattice,10,10,100,180,3.6,4,5,10,200000,0,100,5,70600,True
q_sweep,axelrod_q_sweep,12,lattice,10,10,100,180,3.6,4,5,10,200000,0,100,2,82000,True
q_sweep,axelrod_q_sweep,13,lattice,10,10,100,180,3.6,4,5,10,200000,0,100,11,53500,True
q_sweep,axelrod_q_sweep,14,lattice,10,10,100,180,3.6,4,5,10,200000,0,100,5,80000,True
q_sweep,axelrod_q_sweep,15,lattice,10,10,100,180,3.6,4,5,10,200000,0,100,2,62000,True
q_sweep,axelrod_q_sweep,16,lattice,10,10,100,180,3.6,4,5,10,200000,0,100,3,52900,True
q_sweep,axelrod_q_sweep,17,lattice,10,10,100,180,3.6,4,5,10,200000,0,99,3,74200,True
q_sweep,axelrod_q_sweep,18,lattice,10,10,100,180,3.6,4,5,10,200000,0,100,10,39900,True
q_sweep,axelrod_q_sweep,19,lattice,10,10,100,180,3.6,4,5,10,200000,0,100,3,72600,True
q_sweep,axelrod_q_sweep,20,lattice,10,10,100,180,3.6,4,5,10,200000,0,100,4,105400,True
q_sweep,axelrod_q_sweep,21,lattice,10,10,100,180,3.6,4,5,10,200000,0,100,7,98200,True
q_sweep,axelrod_q_sweep,22,lattice,10,10,100,180,3.6,4,5,10,200000,0,100,7,43900,True
q_sweep,axelrod_q_sweep,23,lattice,10,10,100,180,3.6,4,5,10,200000,0,100,3,82600,True
q_sweep,axelrod_q_sweep,24,lattice,10,10,100,180,3.6,4,5,10,200000,0,100,2,75100,True
q_sweep,axelrod_q_sweep,25,lattice,10,10,100,180,3.6,4,5,10,200000,0,100,5,95200,True
q_sweep,axelrod_q_sweep,26,lattice,10,10,100,180,3.6,4,5,10,200000,0,100,4,69300,True
q_sweep,axelrod_q_sweep,27,lattice,10,10,100,180,3.6,4,5,10,200000,0,100,2,124500,True
q_sweep,axelrod_q_sweep,28,lattice,10,10,100,180,3.6,4,5,10,200000,0,100,4,98000,True
q_sweep,axelrod_q_sweep,29,lattice,10,10,100,180,3.6,4,5,10,200000,0,100,4,90200,True
q_sweep,axelrod_q_sweep,30,lattice,10,10,100,180,3.6,4,5,10,200000,0,100,4,184900,True
q_sweep,axelrod_q_sweep,31,lattice,10,10,100,180,3.6,4,5,10,200000,0,100,4,76500,True
q_sweep,axelrod_q_sweep,32,lattice,10,10,100,180,3.6,4,5,10,200000,0,100,4,78100,True
q_sweep,axelrod_q_sweep,33,lattice,10,10,100,180,3.6,4,5,10,200000,0,100,2,71500,True
q_sweep,axelrod_q_sweep,34,lattice,10,10,100,180,3.6,4,5,10,200000,0,100,2,99100,True
q_sweep,axelrod_q_sweep,35,lattice,10,10,100,180,3.6,4,5,10,200000,0,100,2,56900,True
q_sweep,axelrod_q_sweep,36,lattice,10,10,100,180,3.6,4,5,10,200000,0,100,3,78300,True
q_sweep,axelrod_q_sweep,37,lattice,10,10,100,180,3.6,4,5,10,200000,0,100,2,117800,True
q_sweep,axelrod_q_sweep,38,lattice,10,10,100,180,3.6,4,5,10,200000,0,100,5,55600,True
q_sweep,axelrod_q_sweep,39,lattice,10,10,100,180,3.6,4,5,10,200000,0,100,1,116900,True
q_sweep,axelrod_q_sweep,40,lattice,10,10,100,180,3.6,4,5,10,200000,0,100,7,66000,True
q_sweep,axelrod_q_sweep,41,lattice,10,10,100,180,3.6,4,5,10,200000,0,100,9,99700,True
q_sweep,axelrod_q_sweep,42,lattice,10,10,100,180,3.6,4,5,10,200000,0,100,3,83800,True
q_sweep,axelrod_q_sweep,43,lattice,10,10,100,180,3.6,4,5,10,200000,0,100,5,69000,True
q_sweep,axelrod_q_sweep,44,lattice,10,10,100,180,3.6,4,5,10,200000,0,100,5,90400,True
q_sweep,axelrod_q_sweep,45,lattice,10,10,100,180,3.6,4,5,10,200000,0,100,7,80200,True
q_sweep,axelrod_q_sweep,46,lattice,10,10,100,180,3.6,4,5,10,200000,0,100,2,99800,True
q_sweep,axelrod_q_sweep,47,lattice,10,10,100,180,3.6,4,5,10,200000,0,100,1,72100,True
q_sweep,axelrod_q_sweep,48,lattice,10,10,100,180,3.6,4,5,10,200000,0,100,5,76300,True
q_sweep,axelrod_q_sweep,49,lattice,10,10,100,180,3.6,4,5,10,200000,0,100,8,38500,True
q_sweep,axelrod_q_sweep,50,lattice,10,10,100,180,3.6,4,5,10,200000,0,100,3,72100,True
q_sweep,axelrod_q_sweep,51,lattice,10,10,100,180,3.6,4,5,10,200000,0,100,3,63900,True
q_sweep,axelrod_q_sweep,52,lattice,10,10,100,180,3.6,4,5,10,200000,0,100,12,48100,True
q_sweep,axelrod_q_sweep,53,lattice,10,10,100,180,3.6,4,5,10,200000,0,100,2,61600,True
q_sweep,axelrod_q_sweep,54,lattice,10,10,100,180,3.6,4,5,10,200000,0,100,4,74500,True
q_sweep,axelrod_q_sweep,55,lattice,10,10,100,180,3.6,4,5,10,200000,0,100,4,59200,True
q_sweep,axelrod_q_sweep,56,lattice,10,10,100,180,3.6,4,5,10,200000,0,100,4,58800,True
q_sweep,axelrod_q_sweep,57,lattice,10,10,100,180,3.6,4,5,10,200000,0,100,3,88600,True
q_sweep,axelrod_q_sweep,58,lattice,10,10,100,180,3.6,4,5,10,200000,0,100,5,79000,True
q_sweep,axelrod_q_sweep,59,lattice,10,10,100,180,3.6,4,5,10,200000,0,100,7,74900,True
q_sweep,axelrod_q_sweep,60,lattice,10,10,100,180,3.6,4,5,10,200000,0,100,2,67300,True
q_sweep,axelrod_q_sweep,61,lattice,10,10,100,180,3.6,4,5,10,200000,0,100,6,62900,True
q_sweep,axelrod_q_sweep,62,lattice,10,10,100,180,3.6,4,5,10,200000,0,100,9,72000,True
q_sweep,axelrod_q_sweep,63,lattice,10,10,100,180,3.6,4,5,10,200000,0,100,5,67800,True
q_sweep,axelrod_q_sweep,64,lattice,10,10,100,180,3.6,4,5,10,200000,0,100,2,71900,True
q_sweep,axelrod_q_sweep,65,lattice,10,10,100,180,3.6,4,5,10,200000,0,100,1,70800,True
q_sweep,axelrod_q_sweep,66,lattice,10,10,100,180,3.6,4,5,10,200000,0,100,4,92000,True
q_sweep,axelrod_q_sweep,67,lattice,10,10,100,180,3.6,4,5,10,200000,0,100,1,96300,True
q_sweep,axelrod_q_sweep,68,lattice,10,10,100,180,3.6,4,5,10,200000,0,100,5,39500,True
q_sweep,axelrod_q_sweep,69,lattice,10,10,100,180,3.6,4,5,10,200000,0,100,3,78500,True
q_sweep,axelrod_q_sweep,70,lattice,10,10,100,180,3.6,4,5,10,200000,0,100,3,86300,True
q_sweep,axelrod_q_sweep,71,lattice,10,10,100,180,3.6,4,5,10,200000,0,100,3,166900,True
q_sweep,axelrod_q_sweep,72,lattice,10,10,100,180,3.6,4,5,10,200000,0,100,1,85400,True
q_sweep,axelrod_q_sweep,73,lattice,10,10,100,180,3.6,4,5,10,200000,0,100,1,71600,True
q_sweep,axelrod_q_sweep,74,lattice,10,10,100,180,3.6,4,5,10,200000,0,100,4,94700,True
q_sweep,axelrod_q_sweep,75,lattice,10,10,100,180,3.6,4,5,10,200000,0,100,2,60600,True
q_sweep,axelrod_q_sweep,76,lattice,10,10,100,180,3.6,4,5,10,200000,0,100,3,64500,True
q_sweep,axelrod_q_sweep,77,lattice,10,10,100,180,3.6,4,5,10,200000,0,100,6,107600,True
q_sweep,axelrod_q_sweep,78,lattice,10,10,100,180,3.6,4,5,10,200000,0,100,1,65500,True
q_sweep,axelrod_q_sweep,79,lattice,10,10,100,180,3.6,4,5,10,200000,0,100,10,71900,True
q_sweep,axelrod_q_sweep,80,lattice,10,10,100,180,3.6,4,5,10,200000,0,100,3,51200,True
q_sweep,axelrod_q_sweep,81,lattice,10,10,100,180,3.6,4,5,10,200000,0,100,4,71800,True
q_sweep,axelrod_q_sweep,82,lattice,10,10,100,180,3.6,4,5,10,200000,0,100,3,49100,True
q_sweep,axelrod_q_sweep,83,lattice,10,10,100,180,3.6,4,5,10,200000,0,100,5,64200,True
q_sweep,axelrod_q_sweep,84,lattice,10,10,100,180,3.6,4,5,10,200000,0,100,3,59600,True
q_sweep,axelrod_q_sweep,85,lattice,10,10,100,180,3.6,4,5,10,200000,0,100,4,106900,True
q_sweep,axelrod_q_sweep,86,lattice,10,10,100,180,3.6,4,5,10,200000,0,100,4,80700,True
q_sweep,axelrod_q_sweep,87,lattice,10,10,100,180,3.6,4,5,10,200000,0,100,4,68300,True
q_sweep,axelrod_q_sweep,88,lattice,10,10,100,180,3.6,4,5,10,200000,0,100,3,76500,True
q_sweep,axelrod_q_sweep,89,lattice,10,10,100,180,3.6,4,5,10,200000,0,100,4,100200,True
q_sweep,axelrod_q_sweep,90,lattice,10,10,100,180,3.6,4,5,10,200000,0,100,1,74800,True
q_sweep,axelrod_q_sweep,91,lattice,10,10,100,180,3.6,4,5,10,200000,0,100,2,70500,True
q_sweep,axelrod_q_sweep,92,lattice,10,10,100,180,3.6,4,5,10,200000,0,100,5,75100,True
q_sweep,axelrod_q_sweep,93,lattice,10,10,100,180,3.6,4,5,10,200000,0,100,3,87200,True
q_sweep,axelrod_q_sweep,94,lattice,10,10,100,180,3.6,4,5,10,200000,0,100,5,91000,True
q_sweep,axelrod_q_sweep,95,lattice,10,10,100,180,3.6,4,5,10,200000,0,100,4,58200,True
q_sweep,axelrod_q_sweep,96,lattice,10,10,100,180,3.6,4,5,10,200000,0,100,8,112700,True
q_sweep,axelrod_q_sweep,97,lattice,10,10,100,180,3.6,4,5,10,200000,0,100,1,59500,True
q_sweep,axelrod_q_sweep,98,lattice,10,10,100,180,3.6,4,5,10,200000,0,100,1,69200,True
q_sweep,axelrod_q_sweep,99,lattice,10,10,100,180,3.6,4,5,10,200000,0,100,1,59100,True
q_sweep,axelrod_q_sweep,100,lattice,10,10,100,180,3.6,4,5,10,200000,0,99,7,74400,True
q_sweep,axelrod_q_sweep,101,lattice,10,10,100,180,3.6,4,5,10,200000,0,100,2,73100,True
q_sweep,axelrod_q_sweep,102,lattice,10,10,100,180,3.6,4,5,10,200000,0,100,4,105300,True
q_sweep,axelrod_q_sweep,103,lattice,10,10,100,180,3.6,4,5,10,200000,0,100,5,91800,True
q_sweep,axelrod_q_sweep,104,lattice,10,10,100,180,3.6,4,5,10,200000,0,100,4,96000,True
q_sweep,axelrod_q_sweep,105,lattice,10,10,100,180,3.6,4,5,10,200000,0,100,6,74500,True
q_sweep,axelrod_q_sweep,106,lattice,10,10,100,180,3.6,4,5,10,200000,0,100,4,65500,True
q_sweep,axelrod_q_sweep,107,lattice,10,10,100,180,3.6,4,5,10,200000,0,100,1,86200,True
q_sweep,axelrod_q_sweep,108,lattice,10,10,100,180,3.6,4,5,10,200000,0,100,6,44200,True
q_sweep,axelrod_q_sweep,109,lattice,10,10,100,180,3.6,4,5,10,200000,0,100,4,97200,True
q_sweep,axelrod_q_sweep,110,lattice,10,10,100,180,3.6,4,5,10,200000,0,100,3,80500,True
q_sweep,axelrod_q_sweep,111,lattice,10,10,100,180,3.6,4,5,10,200000,0,100,3,146000,True
q_sweep,axelrod_q_sweep,112,lattice,10,10,100,180,3.6,4,5,10,200000,0,100,5,48800,True
q_sweep,axelrod_q_sweep,113,lattice,10,10,100,180,3.6,4,5,10,200000,0,100,4,79600,True
q_sweep,axelrod_q_sweep,114,lattice,10,10,100,180,3.6,4,5,10,200000,0,100,2,78600,True
q_sweep,axelrod_q_sweep,115,lattice,10,10,100,180,3.6,4,5,10,200000,0,100,4,72600,True
q_sweep,axelrod_q_sweep,116,lattice,10,10,100,180,3.6,4,5,10,200000,0,99,10,83000,True
q_sweep,axelrod_q_sweep,117,lattice,10,10,100,180,3.6,4,5,10,200000,0,100,3,57800,True
q_sweep,axelrod_q_sweep,118,lattice,10,10,100,180,3.6,4,5,10,200000,0,100,11,58100,True
q_sweep,axelrod_q_sweep,119,lattice,10,10,100,180,3.6,4,5,10,200000,0,100,4,79400,True
q_sweep,axelrod_q_sweep,120,lattice,10,10,100,180,3.6,4,5,10,200000,0,100,5,59600,True
q_sweep,axelrod_q_sweep,121,lattice,10,10,100,180,3.6,4,5,10,200000,0,100,5,64900,True
q_sweep,axelrod_q_sweep,122,lattice,10,10,100,180,3.6,4,5,10,200000,0,100,1,58400,True
q_sweep,axelrod_q_sweep,123,lattice,10,10,100,180,3.6,4,5,10,200000,0,100,3,78200,True
q_sweep,axelrod_q_sweep,124,lattice,10,10,100,180,3.6,4,5,10,200000,0,100,11,77300,True
q_sweep,axelrod_q_sweep,125,lattice,10,10,100,180,3.6,4,5,10,200000,0,100,3,100900,True
q_sweep,axelrod_q_sweep,126,lattice,10,10,100,180,3.6,4,5,10,200000,0,100,4,79800,True
q_sweep,axelrod_q_sweep,127,lattice,10,10,100,180,3.6,4,5,10,200000,0,100,2,91500,True
q_sweep,axelrod_q_sweep,128,lattice,10,10,100,180,3.6,4,5,10,200000,0,100,4,73900,True
q_sweep,axelrod_q_sweep,129,lattice,10,10,100,180,3.6,4,5,10,200000,0,100,4,69500,True
q_sweep,axelrod_q_sweep,130,lattice,10,10,100,180,3.6,4,5,10,200000,0,100,6,129300,True
q_sweep,axelrod_q_sweep,131,lattice,10,10,100,180,3.6,4,5,10,200000,0,100,10,55400,True
q_sweep,axelrod_q_sweep,132,lattice,10,10,100,180,3.6,4,5,10,200000,0,100,5,66400,True
q_sweep,axelrod_q_sweep,133,lattice,10,10,100,180,3.6,4,5,10,200000,0,100,4,67200,True
q_sweep,axelrod_q_sweep,134,lattice,10,10,100,180,3.6,4,5,10,200000,0,100,6,64900,True
q_sweep,axelrod_q_sweep,135,lattice,10,10,100,180,3.6,4,5,10,200000,0,100,1,73000,True
q_sweep,axelrod_q_sweep,136,lattice,10,10,100,180,3.6,4,5,10,200000,0,100,3,109100,True
q_sweep,axelrod_q_sweep,137,lattice,10,10,100,180,3.6,4,5,10,200000,0,100,4,87900,True
q_sweep,axelrod_q_sweep,138,lattice,10,10,100,180,3.6,4,5,10,200000,0,100,1,60400,True
q_sweep,axelrod_q_sweep,139,lattice,10,10,100,180,3.6,4,5,10,200000,0,100,3,77700,True
q_sweep,axelrod_q_sweep,140,lattice,10,10,100,180,3.6,4,5,10,200000,0,100,2,66800,True
q_sweep,axelrod_q_sweep,141,lattice,10,10,100,180,3.6,4,5,10,200000,0,100,3,80200,True
q_sweep,axelrod_q_sweep,142,lattice,10,10,100,180,3.6,4,5,10,200000,0,100,1,77600,True
q_sweep,axelrod_q_sweep,143,lattice,10,10,100,180,3.6,4,5,10,200000,0,100,5,41800,True
q_sweep,axelrod_q_sweep,144,lattice,10,10,100,180,3.6,4,5,10,200000,0,100,5,81800,True
q_sweep,axelrod_q_sweep,145,lattice,10,10,100,180,3.6,4,5,10,200000,0,100,1,90900,True
q_sweep,axelrod_q_sweep,146,lattice,10,10,100,180,3.6,4,5,10,200000,0,100,3,52700,True
q_sweep,axelrod_q_sweep,147,lattice,10,10,100,180,3.6,4,5,10,200000,0,100,3,97900,True
q_sweep,axelrod_q_sweep,148,lattice,10,10,100,180,3.6,4,5,10,200000,0,100,1,97100,True
q_sweep,axelrod_q_sweep,149,lattice,10,10,100,180,3.6,4,5,10,200000,0,100,1,102800,True
q_sweep,axelrod_q_sweep,150,lattice,10,10,100,180,3.6,4,5,10,200000,0,100,5,123900,True
q_sweep,axelrod_q_sweep,151,lattice,10,10,100,180,3.6,4,5,10,200000,0,100,3,99300,True
q_sweep,axelrod_q_sweep,152,lattice,10,10,100,180,3.6,4,5,10,200000,0,100,8,81700,True
q_sweep,axelrod_q_sweep,153,lattice,10,10,100,180,3.6,4,5,10,200000,0,100,6,72700,True
q_sweep,axelrod_q_sweep,154,lattice,10,10,100,180,3.6,4,5,10,200000,0,100,8,69200,True
q_sweep,axelrod_q_sweep,155,lattice,10,10,100,180,3.6,4,5,10,200000,0,100,4,84300,True
q_sweep,axelrod_q_sweep,156,lattice,10,10,100,180,3.6,4,5,10,200000,0,100,2,97200,True
q_sweep,axelrod_q_sweep,157,lattice,10,10,100,180,3.6,4,5,10,200000,0,100,2,70500,True
q_sweep,axelrod_q_sweep,158,lattice,10,10,100,180,3.6,4,5,10,200000,0,100,6,98700,True
q_sweep,axelrod_q_sweep,159,lattice,10,10,100,180,3.6,4,5,10,200000,0,100,7,70300,True
q_sweep,axelrod_q_sweep,160,lattice,10,10,100,180,3.6,4,5,10,200000,0,100,7,52500,True
q_sweep,axelrod_q_sweep,161,lattice,10,10,100,180,3.6,4,5,10,200000,0,100,5,54700,True
q_sweep,axelrod_q_sweep,162,lattice,10,10,100,180,3.6,4,5,10,200000,0,100,4,99800,True
q_sweep,axelrod_q_sweep,163,lattice,10,10,100,180,3.6,4,5,10,200000,0,100,12,97300,True
q_sweep,axelrod_q_sweep,164,lattice,10,10,100,180,3.6,4,5,10,200000,0,100,5,114800,True
q_sweep,axelrod_q_sweep,165,lattice,10,10,100,180,3.6,4,5,10,200000,0,100,8,36900,True
q_sweep,axelrod_q_sweep,166,lattice,10,10,100,180,3.6,4,5,10,200000,0,100,6,81300,True
q_sweep,axelrod_q_sweep,167,lattice,10,10,100,180,3.6,4,5,10,200000,0,100,2,84500,True
q_sweep,axelrod_q_sweep,168,lattice,10,10,100,180,3.6,4,5,10,200000,0,99,9,80000,True
q_sweep,axelrod_q_sweep,169,lattice,10,10,100,180,3.6,4,5,10,200000,0,100,2,98700,True
q_sweep,axelrod_q_sweep,170,lattice,10,10,100,180,3.6,4,5,10,200000,0,100,5,78900,True
q_sweep,axelrod_q_sweep,171,lattice,10,10,100,180,3.6,4,5,10,200000,0,100,1,96000,True
q_sweep,axelrod_q_sweep,172,lattice,10,10,100,180,3.6,4,5,10,200000,0,100,2,73400,True
q_sweep,axelrod_q_sweep,173,lattice,10,10,100,180,3.6,4,5,10,200000,0,100,7,48500,True
q_sweep,axelrod_q_sweep,174,lattice,10,10,100,180,3.6,4,5,10,200000,0,100,3,64700,True
q_sweep,axelrod_q_sweep,175,lattice,10,10,100,180,3.6,4,5,10,200000,0,100,9,86100,True
q_sweep,axelrod_q_sweep,176,lattice,10,10,100,180,3.6,4,5,10,200000,0,100,2,103900,True
q_sweep,axelrod_q_sweep,177,lattice,10,10,100,180,3.6,4,5,10,200000,0,100,6,100000,True
q_sweep,axelrod_q_sweep,178,lattice,10,10,100,180,3.6,4,5,10,200000,0,100,2,66200,True
q_sweep,axelrod_q_sweep,179,lattice,10,10,100,180,3.6,4,5,10,200000,0,100,3,64500,True
q_sweep,axelrod_q_sweep,180,lattice,10,10,100,180,3.6,4,5,10,200000,0,100,5,93300,True
q_sweep,axelrod_q_sweep,181,lattice,10,10,100,180,3.6,4,5,10,200000,0,100,3,143200,True
q_sweep,axelrod_q_sweep,182,lattice,10,10,100,180,3.6,4,5,10,200000,0,100,1,137800,True
q_sweep,axelrod_q_sweep,183,lattice,10,10,100,180,3.6,4,5,10,200000,0,100,5,62600,True
q_sweep,axelrod_q_sweep,184,lattice,10,10,100,180,3.6,4,5,10,200000,0,100,4,110300,True
q_sweep,axelrod_q_sweep,185,lattice,10,10,100,180,3.6,4,5,10,200000,0,100,4,80100,True
q_sweep,axelrod_q_sweep,186,lattice,10,10,100,180,3.6,4,5,10,200000,0,100,1,60700,True
q_sweep,axelrod_q_sweep,187,lattice,10,10,100,180,3.6,4,5,10,200000,0,100,3,60200,True
q_sweep,axelrod_q_sweep,188,lattice,10,10,100,180,3.6,4,5,10,200000,0,99,10,85800,True
q_sweep,axelrod_q_sweep,189,lattice,10,10,100,180,3.6,4,5,10,200000,0,100,3,73200,True
q_sweep,axelrod_q_sweep,190,lattice,10,10,100,180,3.6,4,5,10,200000,0,100,1,58800,True
q_sweep,axelrod_q_sweep,191,lattice,10,10,100,180,3.6,4,5,10,200000,0,100,3,83600,True
q_sweep,axelrod_q_sweep,192,lattice,10,10,100,180,3.6,4,5,10,200000,0,100,4,53800,True
q_sweep,axelrod_q_sweep,193,lattice,10,10,100,180,3.6,4,5,10,200000,0,100,2,88100,True
q_sweep,axelrod_q_sweep,194,lattice,10,10,100,180,3.6,4,5,10,200000,0,100,7,73800,True
q_sweep,axelrod_q_sweep,195,lattice,10,10,100,180,3.6,4,5,10,200000,0,100,1,86400,True
q_sweep,axelrod_q_sweep,196,lattice,10,10,100,180,3.6,4,5,10,200000,0,100,3,87500,True
q_sweep,axelrod_q_sweep,197,lattice,10,10,100,180,3.6,4,5,10,200000,0,100,4,84000,True
q_sweep,axelrod_q_sweep,198,lattice,10,10,100,180,3.6,4,5,10,200000,0,100,4,104100,True
q_sweep,axelrod_q_sweep,199,lattice,10,10,100,180,3.6,4,5,10,200000,0,100,5,97200,True
q_sweep,axelrod_q_sweep,0,lattice,10,10,100,180,3.6,4,5,20,200000,0,100,59,36200,True
q_sweep,axelrod_q_sweep,1,lattice,10,10,100,180,3.6,4,5,20,200000,0,100,46,33900,True
q_sweep,axelrod_q_sweep,2,lattice,10,10,100,180,3.6,4,5,20,200000,0,100,37,49900,True
q_sweep,axelrod_q_sweep,3,lattice,10,10,100,180,3.6,4,5,20,200000,0,100,49,31300,True
q_sweep,axelrod_q_sweep,4,lattice,10,10,100,180,3.6,4,5,20,200000,0,100,53,32000,True
q_sweep,axelrod_q_sweep,5,lattice,10,10,100,180,3.6,4,5,20,200000,0,100,42,37200,True
q_sweep,axelrod_q_sweep,6,lattice,10,10,100,180,3.6,4,5,20,200000,0,100,34,36600,True
q_sweep,axelrod_q_sweep,7,lattice,10,10,100,180,3.6,4,5,20,200000,0,100,49,33000,True
q_sweep,axelrod_q_sweep,8,lattice,10,10,100,180,3.6,4,5,20,200000,0,100,51,11700,True
q_sweep,axelrod_q_sweep,9,lattice,10,10,100,180,3.6,4,5,20,200000,0,100,47,30200,True
q_sweep,axelrod_q_sweep,10,lattice,10,10,100,180,3.6,4,5,20,200000,0,100,38,24300,True
q_sweep,axelrod_q_sweep,11,lattice,10,10,100,180,3.6,4,5,20,200000,0,100,26,111500,True
q_sweep,axelrod_q_sweep,12,lattice,10,10,100,180,3.6,4,5,20,200000,0,100,43,35700,True
q_sweep,axelrod_q_sweep,13,lattice,10,10,100,180,3.6,4,5,20,200000,0,100,44,32300,True
q_sweep,axelrod_q_sweep,14,lattice,10,10,100,180,3.6,4,5,20,200000,0,100,20,97600,True
q_sweep,axelrod_q_sweep,15,lattice,10,10,100,180,3.6,4,5,20,200000,0,100,36,66300,True
q_sweep,axelrod_q_sweep,16,lattice,10,10,100,180,3.6,4,5,20,200000,0,100,22,88500,True
q_sweep,axelrod_q_sweep,17,lattice,10,10,100,180,3.6,4,5,20,200000,0,100,51,6900,True
q_sweep,axelrod_q_sweep,18,lattice,10,10,100,180,3.6,4,5,20,200000,0,100,44,62000,True
q_sweep,axelrod_q_sweep,19,lattice,10,10,100,180,3.6,4,5,20,200000,0,100,46,29000,True
q_sweep,axelrod_q_sweep,20,lattice,10,10,100,180,3.6,4,5,20,200000,0,100,41,34600,True
q_sweep,axelrod_q_sweep,21,lattice,10,10,100,180,3.6,4,5,20,200000,0,100,50,42200,True
q_sweep,axelrod_q_sweep,22,lattice,10,10,100,180,3.6,4,5,20,200000,0,100,35,105900,True
q_sweep,axelrod_q_sweep,23,lattice,10,10,100,180,3.6,4,5,20,200000,0,100,39,46000,True
q_sweep,axelrod_q_sweep,24,lattice,10,10,100,180,3.6,4,5,20,200000,0,100,31,66200,True
q_sweep,axelrod_q_sweep,25,lattice,10,10,100,180,3.6,4,5,20,200000,0,100,52,22100,True
q_sweep,axelrod_q_sweep,26,lattice,10,10,100,180,3.6,4,5,20,200000,0,100,49,32000,True
q_sweep,axelrod_q_sweep,27,lattice,10,10,100,180,3.6,4,5,20,200000,0,100,46,24500,True
q_sweep,axelrod_q_sweep,28,lattice,10,10,100,180,3.6,4,5,20,200000,0,100,29,47600,True
q_sweep,axelrod_q_sweep,29,lattice,10,10,100,180,3.6,4,5,20,200000,0,100,46,18900,True
q_sweep,axelrod_q_sweep,30,lattice,10,10,100,180,3.6,4,5,20,200000,0,100,51,47300,True
q_sweep,axelrod_q_sweep,31,lattice,10,10,100,180,3.6,4,5,20,200000,0,100,32,41200,True
q_sweep,axelrod_q_sweep,32,lattice,10,10,100,180,3.6,4,5,20,200000,0,100,50,19700,True
q_sweep,axelrod_q_sweep,33,lattice,10,10,100,180,3.6,4,5,20,200000,0,100,37,32000,True
q_sweep,axelrod_q_sweep,34,lattice,10,10,100,180,3.6,4,5,20,200000,0,100,50,24800,True
q_sweep,axelrod_q_sweep,35,lattice,10,10,100,180,3.6,4,5,20,200000,0,100,60,16500,True
q_sweep,axelrod_q_sweep,36,lattice,10,10,100,180,3.6,4,5,20,200000,0,100,48,62200,True
q_sweep,axelrod_q_sweep,37,lattice,10,10,100,180,3.6,4,5,20,200000,0,100,31,78800,True
q_sweep,axelrod_q_sweep,38,lattice,10,10,100,180,3.6,4,5,20,200000,0,100,41,25500,True
q_sweep,axelrod_q_sweep,39,lattice,10,10,100,180,3.6,4,5,20,200000,0,100,44,27400,True
q_sweep,axelrod_q_sweep,40,lattice,10,10,100,180,3.6,4,5,20,200000,0,100,43,54500,True
q_sweep,axelrod_q_sweep,41,lattice,10,10,100,180,3.6,4,5,20,200000,0,100,54,22300,True
q_sweep,axelrod_q_sweep,42,lattice,10,10,100,180,3.6,4,5,20,200000,0,100,54,13400,True
q_sweep,axelrod_q_sweep,43,lattice,10,10,100,180,3.6,4,5,20,200000,0,100,43,20000,True
q_sweep,axelrod_q_sweep,44,lattice,10,10,100,180,3.6,4,5,20,200000,0,100,62,9500,True
q_sweep,axelrod_q_sweep,45,lattice,10,10,100,180,3.6,4,5,20,200000,0,100,39,37200,True
q_sweep,axelrod_q_sweep,46,lattice,10,10,100,180,3.6,4,5,20,200000,0,100,56,15300,True
q_sweep,axelrod_q_sweep,47,lattice,10,10,100,180,3.6,4,5,20,200000,0,100,27,40600,True
q_sweep,axelrod_q_sweep,48,lattice,10,10,100,180,3.6,4,5,20,200000,0,100,57,26800,True
q_sweep,axelrod_q_sweep,49,lattice,10,10,100,180,3.6,4,5,20,200000,0,100,53,17100,True
q_sweep,axelrod_q_sweep,50,lattice,10,10,100,180,3.6,4,5,20,200000,0,100,44,34000,True
q_sweep,axelrod_q_sweep,51,lattice,10,10,100,180,3.6,4,5,20,200000,0,100,43,35200,True
q_sweep,axelrod_q_sweep,52,lattice,10,10,100,180,3.6,4,5,20,200000,0,100,41,51800,True
q_sweep,axelrod_q_sweep,53,lattice,10,10,100,180,3.6,4,5,20,200000,0,100,46,51100,True
q_sweep,axelrod_q_sweep,54,lattice,10,10,100,180,3.6,4,5,20,200000,0,100,38,52300,True
q_sweep,axelrod_q_sweep,55,lattice,10,10,100,180,3.6,4,5,20,200000,0,100,46,29800,True
q_sweep,axelrod_q_sweep,56,lattice,10,10,100,180,3.6,4,5,20,200000,0,100,33,68400,True
q_sweep,axelrod_q_sweep,57,lattice,10,10,100,180,3.6,4,5,20,200000,0,100,16,54800,True
q_sweep,axelrod_q_sweep,58,lattice,10,10,100,180,3.6,4,5,20,200000,0,100,38,26200,True
q_sweep,axelrod_q_sweep,59,lattice,10,10,100,180,3.6,4,5,20,200000,0,100,60,13900,True
q_sweep,axelrod_q_sweep,60,lattice,10,10,100,180,3.6,4,5,20,200000,0,100,52,12300,True
q_sweep,axelrod_q_sweep,61,lattice,10,10,100,180,3.6,4,5,20,200000,0,100,34,79000,True
q_sweep,axelrod_q_sweep,62,lattice,10,10,100,180,3.6,4,5,20,200000,0,100,48,29000,True
q_sweep,axelrod_q_sweep,63,lattice,10,10,100,180,3.6,4,5,20,200000,0,100,55,13200,True
q_sweep,axelrod_q_sweep,64,lattice,10,10,100,180,3.6,4,5,20,200000,0,100,29,84300,True
q_sweep,axelrod_q_sweep,65,lattice,10,10,100,180,3.6,4,5,20,200000,0,100,63,25800,True
q_sweep,axelrod_q_sweep,66,lattice,10,10,100,180,3.6,4,5,20,200000,0,100,31,66700,True
q_sweep,axelrod_q_sweep,67,lattice,10,10,100,180,3.6,4,5,20,200000,0,100,48,23600,True
q_sweep,axelrod_q_sweep,68,lattice,10,10,100,180,3.6,4,5,20,200000,0,100,47,30500,True
q_sweep,axelrod_q_sweep,69,lattice,10,10,100,180,3.6,4,5,20,200000,0,100,40,90600,True
q_sweep,axelrod_q_sweep,70,lattice,10,10,100,180,3.6,4,5,20,200000,0,100,45,27600,True
q_sweep,axelrod_q_sweep,71,lattice,10,10,100,180,3.6,4,5,20,200000,0,100,56,19600,True
q_sweep,axelrod_q_sweep,72,lattice,10,10,100,180,3.6,4,5,20,200000,0,100,40,35500,True
q_sweep,axelrod_q_sweep,73,lattice,10,10,100,180,3.6,4,5,20,200000,0,100,48,24300,True
q_sweep,axelrod_q_sweep,74,lattice,10,10,100,180,3.6,4,5,20,200000,0,100,41,38700,True
q_sweep,axelrod_q_sweep,75,lattice,10,10,100,180,3.6,4,5,20,200000,0,100,44,37400,True
q_sweep,axelrod_q_sweep,76,lattice,10,10,100,180,3.6,4,5,20,200000,0,100,47,35400,True
q_sweep,axelrod_q_sweep,77,lattice,10,10,100,180,3.6,4,5,20,200000,0,100,57,29600,True
q_sweep,axelrod_q_sweep,78,lattice,10,10,100,180,3.6,4,5,20,200000,0,100,39,32000,True
q_sweep,axelrod_q_sweep,79,lattice,10,10,100,180,3.6,4,5,20,200000,0,100,34,35800,True
q_sweep,axelrod_q_sweep,80,lattice,10,10,100,180,3.6,4,5,20,200000,0,100,35,119900,True
q_sweep,axelrod_q_sweep,81,lattice,10,10,100,180,3.6,4,5,20,200000,0,100,23,77200,True
q_sweep,axelrod_q_sweep,82,lattice,10,10,100,180,3.6,4,5,20,200000,0,100,35,64300,True
q_sweep,axelrod_q_sweep,83,lattice,10,10,100,180,3.6,4,5,20,200000,0,100,49,30400,True
q_sweep,axelrod_q_sweep,84,lattice,10,10,100,180,3.6,4,5,20,200000,0,100,51,11100,True
q_sweep,axelrod_q_sweep,85,lattice,10,10,100,180,3.6,4,5,20,200000,0,100,46,45600,True
q_sweep,axelrod_q_sweep,86,lattice,10,10,100,180,3.6,4,5,20,200000,0,100,46,96400,True
q_sweep,axelrod_q_sweep,87,lattice,10,10,100,180,3.6,4,5,20,200000,0,100,64,20900,True
q_sweep,axelrod_q_sweep,88,lattice,10,10,100,180,3.6,4,5,20,200000,0,100,57,31500,True
q_sweep,axelrod_q_sweep,89,lattice,10,10,100,180,3.6,4,5,20,200000,0,100,34,31500,True
q_sweep,axelrod_q_sweep,90,lattice,10,10,100,180,3.6,4,5,20,200000,0,100,27,111100,True
q_sweep,axelrod_q_sweep,91,lattice,10,10,100,180,3.6,4,5,20,200000,0,100,51,30200,True
q_sweep,axelrod_q_sweep,92,lattice,10,10,100,180,3.6,4,5,20,200000,0,100,44,34200,True
q_sweep,axelrod_q_sweep,93,lattice,10,10,100,180,3.6,4,5,20,200000,0,100,34,70400,True
q_sweep,axelrod_q_sweep,94,lattice,10,10,100,180,3.6,4,5,20,200000,0,100,49,18300,True
q_sweep,axelrod_q_sweep,95,lattice,10,10,100,180,3.6,4,5,20,200000,0,100,22,41500,True
q_sweep,axelrod_q_sweep,96,lattice,10,10,100,180,3.6,4,5,20,200000,0,100,34,74600,True
q_sweep,axelrod_q_sweep,97,lattice,10,10,100,180,3.6,4,5,20,200000,0,100,49,17100,True
q_sweep,axelrod_q_sweep,98,lattice,10,10,100,180,3.6,4,5,20,200000,0,100,47,20400,True
q_sweep,axelrod_q_sweep,99,lattice,10,10,100,180,3.6,4,5,20,200000,0,100,51,19300,True
q_sweep,axelrod_q_sweep,100,lattice,10,10,100,180,3.6,4,5,20,200000,0,100,39,127900,True
q_sweep,axelrod_q_sweep,101,lattice,10,10,100,180,3.6,4,5,20,200000,0,100,41,31900,True
q_sweep,axelrod_q_sweep,102,lattice,10,10,100,180,3.6,4,5,20,200000,0,100,34,54600,True
q_sweep,axelrod_q_sweep,103,lattice,10,10,100,180,3.6,4,5,20,200000,0,100,53,33700,True
q_sweep,axelrod_q_sweep,104,lattice,10,10,100,180,3.6,4,5,20,200000,0,100,43,36400,True
q_sweep,axelrod_q_sweep,105,lattice,10,10,100,180,3.6,4,5,20,200000,0,100,34,126300,True
q_sweep,axelrod_q_sweep,106,lattice,10,10,100,180,3.6,4,5,20,200000,0,100,42,25300,True
q_sweep,axelrod_q_sweep,107,lattice,10,10,100,180,3.6,4,5,20,200000,0,100,41,51500,True
q_sweep,axelrod_q_sweep,108,lattice,10,10,100,180,3.6,4,5,20,200000,0,100,38,133000,True
q_sweep,axelrod_q_sweep,109,lattice,10,10,100,180,3.6,4,5,20,200000,0,100,23,184000,True
q_sweep,axelrod_q_sweep,110,lattice,10,10,100,180,3.6,4,5,20,200000,0,100,52,10600,True
q_sweep,axelrod_q_sweep,111,lattice,10,10,100,180,3.6,4,5,20,200000,0,100,41,23300,True
q_sweep,axelrod_q_sweep,112,lattice,10,10,100,180,3.6,4,5,20,200000,0,100,39,51400,True
q_sweep,axelrod_q_sweep,113,lattice,10,10,100,180,3.6,4,5,20,200000,0,100,40,35900,True
q_sweep,axelrod_q_sweep,114,lattice,10,10,100,180,3.6,4,5,20,200000,0,100,43,67700,True
q_sweep,axelrod_q_sweep,115,lattice,10,10,100,180,3.6,4,5,20,200000,0,100,46,40600,True
q_sweep,axelrod_q_sweep,116,lattice,10,10,100,180,3.6,4,5,20,200000,0,99,57,29500,True
q_sweep,axelrod_q_sweep,117,lattice,10,10,100,180,3.6,4,5,20,200000,0,100,37,44000,True
q_sweep,axelrod_q_sweep,118,lattice,10,10,100,180,3.6,4,5,20,200000,0,100,51,16600,True
q_sweep,axelrod_q_sweep,119,lattice,10,10,100,180,3.6,4,5,20,200000,0,100,35,106800,True
q_sweep,axelrod_q_sweep,120,lattice,10,10,100,180,3.6,4,5,20,200000,0,100,40,29900,True
q_sweep,axelrod_q_sweep,121,lattice,10,10,100,180,3.6,4,5,20,200000,0,100,34,68700,True
q_sweep,axelrod_q_sweep,122,lattice,10,10,100,180,3.6,4,5,20,200000,0,100,49,22200,True
q_sweep,axelrod_q_sweep,123,lattice,10,10,100,180,3.6,4,5,20,200000,0,100,32,48900,True
q_sweep,axelrod_q_sweep,124,lattice,10,10,100,180,3.6,4,5,20,200000,0,100,28,42400,True
q_sweep,axelrod_q_sweep,125,lattice,10,10,100,180,3.6,4,5,20,200000,0,100,50,46500,True
q_sweep,axelrod_q_sweep,126,lattice,10,10,100,180,3.6,4,5,20,200000,0,100,63,21600,True
q_sweep,axelrod_q_sweep,127,lattice,10,10,100,180,3.6,4,5,20,200000,0,100,45,16300,True
q_sweep,axelrod_q_sweep,128,lattice,10,10,100,180,3.6,4,5,20,200000,0,100,49,10700,True
q_sweep,axelrod_q_sweep,129,lattice,10,10,100,180,3.6,4,5,20,200000,0,100,45,29600,True
q_sweep,axelrod_q_sweep,130,lattice,10,10,100,180,3.6,4,5,20,200000,0,100,43,44800,True
q_sweep,axelrod_q_sweep,131,lattice,10,10,100,180,3.6,4,5,20,200000,0,100,48,31200,True
q_sweep,axelrod_q_sweep,132,lattice,10,10,100,180,3.6,4,5,20,200000,0,100,50,25700,True
q_sweep,axelrod_q_sweep,133,lattice,10,10,100,180,3.6,4,5,20,200000,0,100,39,30500,True
q_sweep,axelrod_q_sweep,134,lattice,10,10,100,180,3.6,4,5,20,200000,0,100,51,20800,True
q_sweep,axelrod_q_sweep,135,lattice,10,10,100,180,3.6,4,5,20,200000,0,100,45,63900,True
q_sweep,axelrod_q_sweep,136,lattice,10,10,100,180,3.6,4,5,20,200000,0,100,27,59700,True
q_sweep,axelrod_q_sweep,137,lattice,10,10,100,180,3.6,4,5,20,200000,0,100,40,24000,True
q_sweep,axelrod_q_sweep,138,lattice,10,10,100,180,3.6,4,5,20,200000,0,100,29,101700,True
q_sweep,axelrod_q_sweep,139,lattice,10,10,100,180,3.6,4,5,20,200000,0,100,44,40000,True
q_sweep,axelrod_q_sweep,140,lattice,10,10,100,180,3.6,4,5,20,200000,0,100,53,19000,True
q_sweep,axelrod_q_sweep,141,lattice,10,10,100,180,3.6,4,5,20,200000,0,100,37,31500,True
q_sweep,axelrod_q_sweep,142,lattice,10,10,100,180,3.6,4,5,20,200000,0,100,44,69800,True
q_sweep,axelrod_q_sweep,143,lattice,10,10,100,180,3.6,4,5,20,200000,0,100,48,21200,True
q_sweep,axelrod_q_sweep,144,lattice,10,10,100,180,3.6,4,5,20,200000,0,100,43,18700,True
q_sweep,axelrod_q_sweep,145,lattice,10,10,100,180,3.6,4,5,20,200000,0,100,63,18000,True
q_sweep,axelrod_q_sweep,146,lattice,10,10,100,180,3.6,4,5,20,200000,0,100,40,24300,True
q_sweep,axelrod_q_sweep,147,lattice,10,10,100,180,3.6,4,5,20,200000,0,100,39,41000,True
q_sweep,axelrod_q_sweep,148,lattice,10,10,100,180,3.6,4,5,20,200000,0,100,19,167800,True
q_sweep,axelrod_q_sweep,149,lattice,10,10,100,180,3.6,4,5,20,200000,0,100,60,26000,True
q_sweep,axelrod_q_sweep,150,lattice,10,10,100,180,3.6,4,5,20,200000,0,100,41,42300,True
q_sweep,axelrod_q_sweep,151,lattice,10,10,100,180,3.6,4,5,20,200000,0,100,50,29200,True
q_sweep,axelrod_q_sweep,152,lattice,10,10,100,180,3.6,4,5,20,200000,0,100,42,18600,True
q_sweep,axelrod_q_sweep,153,lattice,10,10,100,180,3.6,4,5,20,200000,0,100,60,12900,True
q_sweep,axelrod_q_sweep,154,lattice,10,10,100,180,3.6,4,5,20,200000,0,100,55,40500,True
q_sweep,axelrod_q_sweep,155,lattice,10,10,100,180,3.6,4,5,20,200000,0,100,46,17000,True
q_sweep,axelrod_q_sweep,156,lattice,10,10,100,180,3.6,4,5,20,200000,0,100,48,28900,True
q_sweep,axelrod_q_sweep,157,lattice,10,10,100,180,3.6,4,5,20,200000,0,100,33,78400,True
q_sweep,axelrod_q_sweep,158,lattice,10,10,100,180,3.6,4,5,20,200000,0,100,22,96400,True
q_sweep,axelrod_q_sweep,159,lattice,10,10,100,180,3.6,4,5,20,200000,0,100,55,26700,True
q_sweep,axelrod_q_sweep,160,lattice,10,10,100,180,3.6,4,5,20,200000,0,100,41,44100,True
q_sweep,axelrod_q_sweep,161,lattice,10,10,100,180,3.6,4,5,20,200000,0,100,41,27800,True
q_sweep,axelrod_q_sweep,162,lattice,10,10,100,180,3.6,4,5,20,200000,0,100,44,22200,True
q_sweep,axelrod_q_sweep,163,lattice,10,10,100,180,3.6,4,5,20,200000,0,100,34,89700,True
q_sweep,axelrod_q_sweep,164,lattice,10,10,100,180,3.6,4,5,20,200000,0,100,29,71000,True
q_sweep,axelrod_q_sweep,165,lattice,10,10,100,180,3.6,4,5,20,200000,0,100,20,121300,True
q_sweep,axelrod_q_sweep,166,lattice,10,10,100,180,3.6,4,5,20,200000,0,100,33,65500,True
q_sweep,axelrod_q_sweep,167,lattice,10,10,100,180,3.6,4,5,20,200000,0,100,40,66500,True
q_sweep,axelrod_q_sweep,168,lattice,10,10,100,180,3.6,4,5,20,200000,0,100,48,17600,True
q_sweep,axelrod_q_sweep,169,lattice,10,10,100,180,3.6,4,5,20,200000,0,100,36,28500,True
q_sweep,axelrod_q_sweep,170,lattice,10,10,100,180,3.6,4,5,20,200000,0,100,39,49000,True
q_sweep,axelrod_q_sweep,171,lattice,10,10,100,180,3.6,4,5,20,200000,0,100,39,75900,True
q_sweep,axelrod_q_sweep,172,lattice,10,10,100,180,3.6,4,5,20,200000,0,100,45,24400,True
q_sweep,axelrod_q_sweep,173,lattice,10,10,100,180,3.6,4,5,20,200000,0,100,39,25500,True
q_sweep,axelrod_q_sweep,174,lattice,10,10,100,180,3.6,4,5,20,200000,0,100,36,51100,True
q_sweep,axelrod_q_sweep,175,lattice,10,10,100,180,3.6,4,5,20,200000,0,100,55,13300,True
q_sweep,axelrod_q_sweep,176,lattice,10,10,100,180,3.6,4,5,20,200000,0,100,42,23900,True
q_sweep,axelrod_q_sweep,177,lattice,10,10,100,180,3.6,4,5,20,200000,0,100,49,32300,True
q_sweep,axelrod_q_sweep,178,lattice,10,10,100,180,3.6,4,5,20,200000,0,100,46,23000,True
q_sweep,axelrod_q_sweep,179,lattice,10,10,100,180,3.6,4,5,20,200000,0,100,31,87700,True
q_sweep,axelrod_q_sweep,180,lattice,10,10,100,180,3.6,4,5,20,200000,0,100,49,20600,True
q_sweep,axelrod_q_sweep,181,lattice,10,10,100,180,3.6,4,5,20,200000,0,100,45,21100,True
q_sweep,axelrod_q_sweep,182,lattice,10,10,100,180,3.6,4,5,20,200000,0,100,38,21100,True
q_sweep,axelrod_q_sweep,183,lattice,10,10,100,180,3.6,4,5,20,200000,0,100,43,35500,True
q_sweep,axelrod_q_sweep,184,lattice,10,10,100,180,3.6,4,5,20,200000,0,100,46,27800,True
q_sweep,axelrod_q_sweep,185,lattice,10,10,100,180,3.6,4,5,20,200000,0,100,29,96400,True
q_sweep,axelrod_q_sweep,186,lattice,10,10,100,180,3.6,4,5,20,200000,0,100,26,127700,True
q_sweep,axelrod_q_sweep,187,lattice,10,10,100,180,3.6,4,5,20,200000,0,100,56,14300,True
q_sweep,axelrod_q_sweep,188,lattice,10,10,100,180,3.6,4,5,20,200000,0,100,43,32700,True
q_sweep,axelrod_q_sweep,189,lattice,10,10,100,180,3.6,4,5,20,200000,0,100,44,55200,True
q_sweep,axelrod_q_sweep,190,lattice,10,10,100,180,3.6,4,5,20,200000,0,100,35,24700,True
q_sweep,axelrod_q_sweep,191,lattice,10,10,100,180,3.6,4,5,20,200000,0,100,42,84800,True
q_sweep,axelrod_q_sweep,192,lattice,10,10,100,180,3.6,4,5,20,200000,0,100,29,66900,True
q_sweep,axelrod_q_sweep,193,lattice,10,10,100,180,3.6,4,5,20,200000,0,100,56,9000,True
q_sweep,axelrod_q_sweep,194,lattice,10,10,100,180,3.6,4,5,20,200000,0,100,53,39100,True
q_sweep,axelrod_q_sweep,195,lattice,10,10,100,180,3.6,4,5,20,200000,0,100,23,68000,True
q_sweep,axelrod_q_sweep,196,lattice,10,10,100,180,3.6,4,5,20,200000,0,100,42,67900,True
q_sweep,axelrod_q_sweep,197,lattice,10,10,100,180,3.6,4,5,20,200000,0,100,41,84600,True
q_sweep,axelrod_q_sweep,198,lattice,10,10,100,180,3.6,4,5,20,200000,0,100,53,8400,True
q_sweep,axelrod_q_sweep,199,lattice,10,10,100,180,3.6,4,5,20,200000,0,100,62,13800,True
q_sweep,axelrod_q_sweep,0,er,10,10,100,211,4.22,4,5,3,200000,2,82,3,34200,True
q_sweep,axelrod_q_sweep,1,er,10,10,100,219,4.38,4,5,3,200000,2,78,3,31300,True
q_sweep,axelrod_q_sweep,2,er,10,10,100,211,4.22,4,5,3,200000,2,81,3,48600,True
q_sweep,axelrod_q_sweep,3,er,10,10,100,184,3.68,4,5,3,200000,0,80,1,53100,True
q_sweep,axelrod_q_sweep,4,er,10,10,100,184,3.68,4,5,3,200000,3,81,4,34000,True
q_sweep,axelrod_q_sweep,5,er,10,10,100,194,3.88,4,5,3,200000,1,83,3,24900,True
q_sweep,axelrod_q_sweep,6,er,10,10,100,231,4.62,4,5,3,200000,1,77,2,32100,True
q_sweep,axelrod_q_sweep,7,er,10,10,100,206,4.12,4,5,3,200000,0,79,1,41200,True
q_sweep,axelrod_q_sweep,8,er,10,10,100,199,3.98,4,5,3,200000,2,89,3,28000,True
q_sweep,axelrod_q_sweep,9,er,10,10,100,223,4.46,4,5,3,200000,0,88,1,19700,True
q_sweep,axelrod_q_sweep,10,er,10,10,100,176,3.52,4,5,3,200000,5,81,6,31900,True
q_sweep,axelrod_q_sweep,11,er,10,10,100,192,3.84,4,5,3,200000,2,77,3,27800,True
q_sweep,axelrod_q_sweep,12,er,10,10,100,187,3.74,4,5,3,200000,2,89,3,36900,True
q_sweep,axelrod_q_sweep,13,er,10,10,100,202,4.04,4,5,3,200000,1,81,2,41800,True
q_sweep,axelrod_q_sweep,14,er,10,10,100,198,3.96,4,5,3,200000,2,80,3,53900,True
q_sweep,axelrod_q_sweep,15,er,10,10,100,179,3.58,4,5,3,200000,2,84,4,24900,True
q_sweep,axelrod_q_sweep,16,er,10,10,100,184,3.68,4,5,3,200000,1,83,2,38600,True
q_sweep,axelrod_q_sweep,17,er,10,10,100,176,3.52,4,5,3,200000,3,82,4,36200,True
q_sweep,axelrod_q_sweep,18,er,10,10,100,179,3.58,4,5,3,200000,2,83,4,47500,True
q_sweep,axelrod_q_sweep,19,er,10,10,100,171,3.42,4,5,3,200000,4,80,6,22200,True
q_sweep,axelrod_q_sweep,20,er,10,10,100,214,4.28,4,5,3,200000,3,82,4,33400,True
q_sweep,axelrod_q_sweep,21,er,10,10,100,206,4.12,4,5,3,200000,1,82,2,24500,True
q_sweep,axelrod_q_sweep,22,er,10,10,100,210,4.2,4,5,3,200000,1,80,2,25200,True
q_sweep,axelrod_q_sweep,23,er,10,10,100,185,3.7,4,5,3,200000,2,81,3,28600,True
q_sweep,axelrod_q_sweep,24,er,10,10,100,168,3.36,4,5,3,200000,4,81,6,21000,True
q_sweep,axelrod_q_sweep,25,er,10,10,100,195,3.9,4,5,3,200000,0,81,1,64800,True
q_sweep,axelrod_q_sweep,26,er,10,10,100,208,4.16,4,5,3,200000,0,83,1,43200,True
q_sweep,axelrod_q_sweep,27,er,10,10,100,191,3.82,4,5,3,200000,4,81,5,25600,True
q_sweep,axelrod_q_sweep,28,er,10,10,100,192,3.84,4,5,3,200000,3,83,4,41600,True
q_sweep,axelrod_q_sweep,29,er,10,10,100,211,4.22,4,5,3,200000,1,81,2,33300,True
q_sweep,axelrod_q_sweep,30,er,10,10,100,208,4.16,4,5,3,200000,2,84,3,48000,True
q_sweep,axelrod_q_sweep,31,er,10,10,100,175,3.5,4,5,3,200000,5,82,6,67100,True
q_sweep,axelrod_q_sweep,32,er,10,10,100,203,4.06,4,5,3,200000,0,79,1,41600,True
q_sweep,axelrod_q_sweep,33,er,10,10,100,214,4.28,4,5,3,200000,1,83,2,41400,True
q_sweep,axelrod_q_sweep,34,er,10,10,100,206,4.12,4,5,3,200000,3,73,4,24700,True
q_sweep,axelrod_q_sweep,35,er,10,10,100,191,3.82,4,5,3,200000,6,80,7,35000,True
q_sweep,axelrod_q_sweep,36,er,10,10,100,219,4.38,4,5,3,200000,0,77,1,32900,True
q_sweep,axelrod_q_sweep,37,er,10,10,100,179,3.58,4,5,3,200000,5,81,5,32900,True
q_sweep,axelrod_q_sweep,38,er,10,10,100,218,4.36,4,5,3,200000,3,82,4,24200,True
q_sweep,axelrod_q_sweep,39,er,10,10,100,224,4.48,4,5,3,200000,0,87,1,38900,True
q_sweep,axelrod_q_sweep,40,er,10,10,100,195,3.9,4,5,3,200000,1,77,2,29800,True
q_sweep,axelrod_q_sweep,41,er,10,10,100,213,4.26,4,5,3,200000,0,77,1,44500,True
q_sweep,axelrod_q_sweep,42,er,10,10,100,177,3.54,4,5,3,200000,3,80,4,43300,True
q_sweep,axelrod_q_sweep,43,er,10,10,100,184,3.68,4,5,3,200000,3,77,4,29100,True
q_sweep,axelrod_q_sweep,44,er,10,10,100,221,4.42,4,5,3,200000,0,86,1,49100,True
q_sweep,axelrod_q_sweep,45,er,10,10,100,190,3.8,4,5,3,200000,3,82,4,33300,True
q_sweep,axelrod_q_sweep,46,er,10,10,100,187,3.74,4,5,3,200000,1,85,2,25400,True
q_sweep,axelrod_q_sweep,47,er,10,10,100,205,4.1,4,5,3,200000,2,83,3,71500,True
q_sweep,axelrod_q_sweep,48,er,10,10,100,169,3.38,4,5,3,200000,2,81,3,54800,True
q_sweep,axelrod_q_sweep,49,er,10,10,100,204,4.08,4,5,3,200000,2,78,3,22700,True
q_sweep,axelrod_q_sweep,50,er,10,10,100,199,3.98,4,5,3,200000,4,80,5,30100,True
q_sweep,axelrod_q_sweep,51,er,10,10,100,205,4.1,4,5,3,200000,1,82,2,36400,True
q_sweep,axelrod_q_sweep,52,er,10,10,100,201,4.02,4,5,3,200000,1,82,2,36400,True
q_sweep,axelrod_q_sweep,53,er,10,10,100,190,3.8,4,5,3,200000,0,82,1,44900,True
q_sweep,axelrod_q_sweep,54,er,10,10,100,189,3.78,4,5,3,200000,2,78,3,41200,True
q_sweep,axelrod_q_sweep,55,er,10,10,100,197,3.94,4,5,3,200000,3,83,4,33600,True
q_sweep,axelrod_q_sweep,56,er,10,10,100,184,3.68,4,5,3,200000,3,78,4,39400,True
q_sweep,axelrod_q_sweep,57,er,10,10,100,211,4.22,4,5,3,200000,0,81,1,24600,True
q_sweep,axelrod_q_sweep,58,er,10,10,100,174,3.48,4,5,3,200000,2,79,3,64700,True
q_sweep,axelrod_q_sweep,59,er,10,10,100,178,3.56,4,5,3,200000,0,85,1,43300,True
q_sweep,axelrod_q_sweep,60,er,10,10,100,200,4.0,4,5,3,200000,3,82,4,28000,True
q_sweep,axelrod_q_sweep,61,er,10,10,100,204,4.08,4,5,3,200000,1,86,3,44000,True
q_sweep,axelrod_q_sweep,62,er,10,10,100,207,4.14,4,5,3,200000,0,85,1,23500,True
q_sweep,axelrod_q_sweep,63,er,10,10,100,176,3.52,4,5,3,200000,4,80,5,49100,True
q_sweep,axelrod_q_sweep,64,er,10,10,100,227,4.54,4,5,3,200000,0,82,2,42800,True
q_sweep,axelrod_q_sweep,65,er,10,10,100,195,3.9,4,5,3,200000,4,81,5,34200,True
q_sweep,axelrod_q_sweep,66,er,10,10,100,202,4.04,4,5,3,200000,1,84,2,22100,True
q_sweep,axelrod_q_sweep,67,er,10,10,100,226,4.52,4,5,3,200000,1,76,2,51700,True
q_sweep,axelrod_q_sweep,68,er,10,10,100,184,3.68,4,5,3,200000,2,76,3,41100,True
q_sweep,axelrod_q_sweep,69,er,10,10,100,187,3.74,4,5,3,200000,1,83,2,43500,True
q_sweep,axelrod_q_sweep,70,er,10,10,100,216,4.32,4,5,3,200000,2,85,6,26600,True
q_sweep,axelrod_q_sweep,71,er,10,10,100,177,3.54,4,5,3,200000,1,81,2,29300,True
q_sweep,axelrod_q_sweep,72,er,10,10,100,184,3.68,4,5,3,200000,1,84,2,43400,True
q_sweep,axelrod_q_sweep,73,er,10,10,100,212,4.24,4,5,3,200000,1,81,2,38600,True
q_sweep,axelrod_q_sweep,74,er,10,10,100,177,3.54,4,5,3,200000,1,82,2,30800,True
q_sweep,axelrod_q_sweep,75,er,10,10,100,240,4.8,4,5,3,200000,0,78,1,38700,True
q_sweep,axelrod_q_sweep,76,er,10,10,100,195,3.9,4,5,3,200000,3,86,3,27400,True
q_sweep,axelrod_q_sweep,77,er,10,10,100,219,4.38,4,5,3,200000,2,81,3,31100,True
q_sweep,axelrod_q_sweep,78,er,10,10,100,192,3.84,4,5,3,200000,2,83,3,27100,True
q_sweep,axelrod_q_sweep,79,er,10,10,100,173,3.46,4,5,3,200000,1,80,2,46800,True
q_sweep,axelrod_q_sweep,80,er,10,10,100,216,4.32,4,5,3,200000,1,86,2,25500,True
q_sweep,axelrod_q_sweep,81,er,10,10,100,183,3.66,4,5,3,200000,5,86,6,32000,True
q_sweep,axelrod_q_sweep,82,er,10,10,100,216,4.32,4,5,3,200000,3,83,4,27000,True
q_sweep,axelrod_q_sweep,83,er,10,10,100,188,3.76,4,5,3,200000,4,83,5,33600,True
q_sweep,axelrod_q_sweep,84,er,10,10,100,201,4.02,4,5,3,200000,2,78,3,46300,True
q_sweep,axelrod_q_sweep,85,er,10,10,100,195,3.9,4,5,3,200000,3,81,4,39100,True
q_sweep,axelrod_q_sweep,86,er,10,10,100,203,4.06,4,5,3,200000,3,85,4,34800,True
q_sweep,axelrod_q_sweep,87,er,10,10,100,193,3.86,4,5,3,200000,3,80,4,29900,True
q_sweep,axelrod_q_sweep,88,er,10,10,100,203,4.06,4,5,3,200000,2,80,3,38300,True
q_sweep,axelrod_q_sweep,89,er,10,10,100,184,3.68,4,5,3,200000,0,86,2,37800,True
q_sweep,axelrod_q_sweep,90,er,10,10,100,189,3.78,4,5,3,200000,2,80,3,26200,True
q_sweep,axelrod_q_sweep,91,er,10,10,100,212,4.24,4,5,3,200000,1,78,2,28600,True
q_sweep,axelrod_q_sweep,92,er,10,10,100,205,4.1,4,5,3,200000,1,76,2,39500,True
q_sweep,axelrod_q_sweep,93,er,10,10,100,220,4.4,4,5,3,200000,0,86,1,31400,True
q_sweep,axelrod_q_sweep,94,er,10,10,100,194,3.88,4,5,3,200000,2,84,3,43500,True
q_sweep,axelrod_q_sweep,95,er,10,10,100,207,4.14,4,5,3,200000,0,83,1,35400,True
q_sweep,axelrod_q_sweep,96,er,10,10,100,176,3.52,4,5,3,200000,4,82,5,28100,True
q_sweep,axelrod_q_sweep,97,er,10,10,100,184,3.68,4,5,3,200000,3,80,4,30000,True
q_sweep,axelrod_q_sweep,98,er,10,10,100,193,3.86,4,5,3,200000,2,74,3,35200,True
q_sweep,axelrod_q_sweep,99,er,10,10,100,190,3.8,4,5,3,200000,1,83,2,29700,True
q_sweep,axelrod_q_sweep,100,er,10,10,100,210,4.2,4,5,3,200000,0,85,1,38200,True
q_sweep,axelrod_q_sweep,101,er,10,10,100,205,4.1,4,5,3,200000,1,79,3,35500,True
q_sweep,axelrod_q_sweep,102,er,10,10,100,210,4.2,4,5,3,200000,3,89,4,27000,True
q_sweep,axelrod_q_sweep,103,er,10,10,100,195,3.9,4,5,3,200000,1,75,2,42200,True
q_sweep,axelrod_q_sweep,104,er,10,10,100,200,4.0,4,5,3,200000,0,80,1,36700,True
q_sweep,axelrod_q_sweep,105,er,10,10,100,214,4.28,4,5,3,200000,0,79,1,43300,True
q_sweep,axelrod_q_sweep,106,er,10,10,100,189,3.78,4,5,3,200000,4,76,5,23200,True
q_sweep,axelrod_q_sweep,107,er,10,10,100,189,3.78,4,5,3,200000,2,82,3,37700,True
q_sweep,axelrod_q_sweep,108,er,10,10,100,210,4.2,4,5,3,200000,1,77,3,35900,True
q_sweep,axelrod_q_sweep,109,er,10,10,100,201,4.02,4,5,3,200000,4,84,5,23800,True
q_sweep,axelrod_q_sweep,110,er,10,10,100,231,4.62,4,5,3,200000,0,77,1,31800,True
q_sweep,axelrod_q_sweep,111,er,10,10,100,196,3.92,4,5,3,200000,1,84,2,37700,True
q_sweep,axelrod_q_sweep,112,er,10,10,100,180,3.6,4,5,3,200000,2,87,3,36100,True
q_sweep,axelrod_q_sweep,113,er,10,10,100,216,4.32,4,5,3,200000,1,86,2,45900,True
q_sweep,axelrod_q_sweep,114,er,10,10,100,192,3.84,4,5,3,200000,3,79,4,35200,True
q_sweep,axelrod_q_sweep,115,er,10,10,100,180,3.6,4,5,3,200000,1,78,3,39600,True
q_sweep,axelrod_q_sweep,116,er,10,10,100,205,4.1,4,5,3,200000,3,81,4,35500,True
q_sweep,axelrod_q_sweep,117,er,10,10,100,216,4.32,4,5,3,200000,1,86,2,26200,True
q_sweep,axelrod_q_sweep,118,er,10,10,100,204,4.08,4,5,3,200000,1,88,2,23900,True
q_sweep,axelrod_q_sweep,119,er,10,10,100,209,4.18,4,5,3,200000,0,85,1,33000,True
q_sweep,axelrod_q_sweep,120,er,10,10,100,224,4.48,4,5,3,200000,0,84,1,40400,True
q_sweep,axelrod_q_sweep,121,er,10,10,100,205,4.1,4,5,3,200000,1,72,2,26700,True
q_sweep,axelrod_q_sweep,122,er,10,10,100,181,3.62,4,5,3,200000,3,84,4,38500,True
q_sweep,axelrod_q_sweep,123,er,10,10,100,208,4.16,4,5,3,200000,2,81,3,29400,True
q_sweep,axelrod_q_sweep,124,er,10,10,100,201,4.02,4,5,3,200000,4,86,5,37400,True
q_sweep,axelrod_q_sweep,125,er,10,10,100,183,3.66,4,5,3,200000,2,79,3,30500,True
q_sweep,axelrod_q_sweep,126,er,10,10,100,198,3.96,4,5,3,200000,3,84,4,34600,True
q_sweep,axelrod_q_sweep,127,er,10,10,100,180,3.6,4,5,3,200000,1,80,2,44600,True
q_sweep,axelrod_q_sweep,128,er,10,10,100,187,3.74,4,5,3,200000,3,83,4,22000,True
q_sweep,axelrod_q_sweep,129,er,10,10,100,198,3.96,4,5,3,200000,1,82,2,21000,True
q_sweep,axelrod_q_sweep,130,er,10,10,100,242,4.84,4,5,3,200000,0,78,1,30600,True
q_sweep,axelrod_q_sweep,131,er,10,10,100,205,4.1,4,5,3,200000,1,87,2,50600,True
q_sweep,axelrod_q_sweep,132,er,10,10,100,180,3.6,4,5,3,200000,2,85,3,29000,True
q_sweep,axelrod_q_sweep,133,er,10,10,100,205,4.1,4,5,3,200000,1,84,2,31300,True
q_sweep,axelrod_q_sweep,134,er,10,10,100,212,4.24,4,5,3,200000,2,85,3,33400,True
q_sweep,axelrod_q_sweep,135,er,10,10,100,195,3.9,4,5,3,200000,2,76,3,27400,True
q_sweep,axelrod_q_sweep,136,er,10,10,100,208,4.16,4,5,3,200000,0,84,1,48500,True
q_sweep,axelrod_q_sweep,137,er,10,10,100,199,3.98,4,5,3,200000,1,86,2,34400,True
q_sweep,axelrod_q_sweep,138,er,10,10,100,199,3.98,4,5,3,200000,4,85,5,22700,True
q_sweep,axelrod_q_sweep,139,er,10,10,100,201,4.02,4,5,3,200000,0,84,1,37900,True
q_sweep,axelrod_q_sweep,140,er,10,10,100,195,3.9,4,5,3,200000,0,82,1,30500,True
q_sweep,axelrod_q_sweep,141,er,10,10,100,215,4.3,4,5,3,200000,0,86,1,30100,True
q_sweep,axelrod_q_sweep,142,er,10,10,100,200,4.0,4,5,3,200000,1,89,2,27700,True
q_sweep,axelrod_q_sweep,143,er,10,10,100,215,4.3,4,5,3,200000,3,85,4,34900,True
q_sweep,axelrod_q_sweep,144,er,10,10,100,211,4.22,4,5,3,200000,1,84,2,17100,True
q_sweep,axelrod_q_sweep,145,er,10,10,100,197,3.94,4,5,3,200000,1,80,2,34700,True
q_sweep,axelrod_q_sweep,146,er,10,10,100,185,3.7,4,5,3,200000,2,76,3,47300,True
q_sweep,axelrod_q_sweep,147,er,10,10,100,183,3.66,4,5,3,200000,8,83,9,26500,True
q_sweep,axelrod_q_sweep,148,er,10,10,100,189,3.78,4,5,3,200000,4,82,5,40900,True
q_sweep,axelrod_q_sweep,149,er,10,10,100,198,3.96,4,5,3,200000,4,81,5,53700,True
q_sweep,axelrod_q_sweep,150,er,10,10,100,203,4.06,4,5,3,200000,0,82,2,45300,True
q_sweep,axelrod_q_sweep,151,er,10,10,100,196,3.92,4,5,3,200000,5,83,6,34200,True
q_sweep,axelrod_q_sweep,152,er,10,10,100,186,3.72,4,5,3,200000,1,84,2,55500,True
q_sweep,axelrod_q_sweep,153,er,10,10,100,215,4.3,4,5,3,200000,1,85,2,48900,True
q_sweep,axelrod_q_sweep,154,er,10,10,100,209,4.18,4,5,3,200000,1,81,2,45100,True
q_sweep,axelrod_q_sweep,155,er,10,10,100,196,3.92,4,5,3,200000,2,80,3,37500,True
q_sweep,axelrod_q_sweep,156,er,10,10,100,207,4.14,4,5,3,200000,1,79,2,24200,True
q_sweep,axelrod_q_sweep,157,er,10,10,100,196,3.92,4,5,3,200000,1,84,2,35900,True
q_sweep,axelrod_q_sweep,158,er,10,10,100,174,3.48,4,5,3,200000,2,78,4,38700,True
q_sweep,axelrod_q_sweep,159,er,10,10,100,193,3.86,4,5,3,200000,4,85,5,21500,True
q_sweep,axelrod_q_sweep,160,er,10,10,100,211,4.22,4,5,3,200000,1,79,2,53300,True
q_sweep,axelrod_q_sweep,161,er,10,10,100,196,3.92,4,5,3,200000,2,80,3,31000,True
q_sweep,axelrod_q_sweep,162,er,10,10,100,207,4.14,4,5,3,200000,1,80,2,70200,True
q_sweep,axelrod_q_sweep,163,er,10,10,100,209,4.18,4,5,3,200000,0,83,1,25400,True
q_sweep,axelrod_q_sweep,164,er,10,10,100,196,3.92,4,5,3,200000,0,81,1,48700,True
q_sweep,axelrod_q_sweep,165,er,10,10,100,217,4.34,4,5,3,200000,4,82,5,34700,True
q_sweep,axelrod_q_sweep,166,er,10,10,100,231,4.62,4,5,3,200000,1,75,2,48200,True
q_sweep,axelrod_q_sweep,167,er,10,10,100,169,3.38,4,5,3,200000,1,85,2,50400,True
q_sweep,axelrod_q_sweep,168,er,10,10,100,215,4.3,4,5,3,200000,1,85,2,57500,True
q_sweep,axelrod_q_sweep,169,er,10,10,100,193,3.86,4,5,3,200000,2,82,3,23400,True
q_sweep,axelrod_q_sweep,170,er,10,10,100,200,4.0,4,5,3,200000,3,82,4,32400,True
q_sweep,axelrod_q_sweep,171,er,10,10,100,206,4.12,4,5,3,200000,3,78,4,28000,True
q_sweep,axelrod_q_sweep,172,er,10,10,100,188,3.76,4,5,3,200000,4,85,5,30900,True
q_sweep,axelrod_q_sweep,173,er,10,10,100,209,4.18,4,5,3,200000,2,75,3,20700,True
q_sweep,axelrod_q_sweep,174,er,10,10,100,210,4.2,4,5,3,200000,1,84,2,23900,True
q_sweep,axelrod_q_sweep,175,er,10,10,100,195,3.9,4,5,3,200000,1,85,2,29500,True
q_sweep,axelrod_q_sweep,176,er,10,10,100,195,3.9,4,5,3,200000,0,78,1,20400,True
q_sweep,axelrod_q_sweep,177,er,10,10,100,197,3.94,4,5,3,200000,1,85,2,66800,True
q_sweep,axelrod_q_sweep,178,er,10,10,100,194,3.88,4,5,3,200000,2,84,3,31400,True
q_sweep,axelrod_q_sweep,179,er,10,10,100,190,3.8,4,5,3,200000,3,82,4,25900,True
q_sweep,axelrod_q_sweep,180,er,10,10,100,207,4.14,4,5,3,200000,1,80,2,40100,True
q_sweep,axelrod_q_sweep,181,er,10,10,100,213,4.26,4,5,3,200000,1,81,2,45400,True
q_sweep,axelrod_q_sweep,182,er,10,10,100,209,4.18,4,5,3,200000,0,78,1,30000,True
q_sweep,axelrod_q_sweep,183,er,10,10,100,205,4.1,4,5,3,200000,1,78,2,18500,True
q_sweep,axelrod_q_sweep,184,er,10,10,100,209,4.18,4,5,3,200000,1,82,2,46300,True
q_sweep,axelrod_q_sweep,185,er,10,10,100,188,3.76,4,5,3,200000,1,77,2,47200,True
q_sweep,axelrod_q_sweep,186,er,10,10,100,190,3.8,4,5,3,200000,2,80,3,27600,True
q_sweep,axelrod_q_sweep,187,er,10,10,100,190,3.8,4,5,3,200000,0,81,1,30600,True
q_sweep,axelrod_q_sweep,188,er,10,10,100,230,4.6,4,5,3,200000,0,86,1,30700,True
q_sweep,axelrod_q_sweep,189,er,10,10,100,208,4.16,4,5,3,200000,2,79,3,45700,True
q_sweep,axelrod_q_sweep,190,er,10,10,100,183,3.66,4,5,3,200000,2,78,3,21600,True
q_sweep,axelrod_q_sweep,191,er,10,10,100,210,4.2,4,5,3,200000,1,83,2,74700,True
q_sweep,axelrod_q_sweep,192,er,10,10,100,180,3.6,4,5,3,200000,2,85,3,35000,True
q_sweep,axelrod_q_sweep,193,er,10,10,100,184,3.68,4,5,3,200000,1,83,2,23300,True
q_sweep,axelrod_q_sweep,194,er,10,10,100,211,4.22,4,5,3,200000,2,80,3,33300,True
q_sweep,axelrod_q_sweep,195,er,10,10,100,192,3.84,4,5,3,200000,2,76,3,24500,True
q_sweep,axelrod_q_sweep,196,er,10,10,100,181,3.62,4,5,3,200000,3,82,5,28800,True
q_sweep,axelrod_q_sweep,197,er,10,10,100,197,3.94,4,5,3,200000,0,80,1,22300,True
q_sweep,axelrod_q_sweep,198,er,10,10,100,200,4.0,4,5,3,200000,2,83,3,68300,True
q_sweep,axelrod_q_sweep,199,er,10,10,100,194,3.88,4,5,3,200000,2,81,3,24000,True
q_sweep,axelrod_q_sweep,0,er,10,10,100,211,4.22,4,5,5,200000,2,99,3,66000,True
q_sweep,axelrod_q_sweep,1,er,10,10,100,219,4.38,4,5,5,200000,2,99,3,44000,True
q_sweep,axelrod_q_sweep,2,er,10,10,100,211,4.22,4,5,5,200000,2,99,3,35700,True
q_sweep,axelrod_q_sweep,3,er,10,10,100,184,3.68,4,5,5,200000,0,99,1,51200,True
q_sweep,axelrod_q_sweep,4,er,10,10,100,184,3.68,4,5,5,200000,3,100,4,46400,True
q_sweep,axelrod_q_sweep,5,er,10,10,100,194,3.88,4,5,5,200000,1,100,3,44100,True
q_sweep,axelrod_q_sweep,6,er,10,10,100,231,4.62,4,5,5,200000,1,100,2,38200,True
q_sweep,axelrod_q_sweep,7,er,10,10,100,206,4.12,4,5,5,200000,0,98,1,32000,True
q_sweep,axelrod_q_sweep,8,er,10,10,100,199,3.98,4,5,5,200000,2,99,3,38200,True
q_sweep,axelrod_q_sweep,9,er,10,10,100,223,4.46,4,5,5,200000,0,100,1,40400,True
q_sweep,axelrod_q_sweep,10,er,10,10,100,176,3.52,4,5,5,200000,5,100,6,47600,True
q_sweep,axelrod_q_sweep,11,er,10,10,100,192,3.84,4,5,5,200000,2,99,3,69900,True
q_sweep,axelrod_q_sweep,12,er,10,10,100,187,3.74,4,5,5,200000,2,98,3,36600,True
q_sweep,axelrod_q_sweep,13,er,10,10,100,202,4.04,4,5,5,200000,1,96,2,38800,True
q_sweep,axelrod_q_sweep,14,er,10,10,100,198,3.96,4,5,5,200000,2,100,3,36100,True
q_sweep,axelrod_q_sweep,15,er,10,10,100,179,3.58,4,5,5,200000,2,99,4,32000,True
q_sweep,axelrod_q_sweep,16,er,10,10,100,184,3.68,4,5,5,200000,1,100,2,59200,True
q_sweep,axelrod_q_sweep,17,er,10,10,100,176,3.52,4,5,5,200000,3,99,4,36200,True
q_sweep,axelrod_q_sweep,18,er,10,10,100,179,3.58,4,5,5,200000,2,100,5,38000,True
q_sweep,axelrod_q_sweep,19,er,10,10,100,171,3.42,4,5,5,200000,4,99,6,33800,True
q_sweep,axelrod_q_sweep,20,er,10,10,100,214,4.28,4,5,5,200000,3,100,4,62700,True
q_sweep,axelrod_q_sweep,21,er,10,10,100,206,4.12,4,5,5,200000,1,97,2,45500,True
q_sweep,axelrod_q_sweep,22,er,10,10,100,210,4.2,4,5,5,200000,1,98,2,48300,True
q_sweep,axelrod_q_sweep,23,er,10,10,100,185,3.7,4,5,5,200000,2,98,3,41000,True
q_sweep,axelrod_q_sweep,24,er,10,10,100,168,3.36,4,5,5,200000,4,100,7,44700,True
q_sweep,axelrod_q_sweep,25,er,10,10,100,195,3.9,4,5,5,200000,0,99,1,24000,True
q_sweep,axelrod_q_sweep,26,er,10,10,100,208,4.16,4,5,5,200000,0,100,1,47200,True
q_sweep,axelrod_q_sweep,27,er,10,10,100,191,3.82,4,5,5,200000,4,99,5,36300,True
q_sweep,axelrod_q_sweep,28,er,10,10,100,192,3.84,4,5,5,200000,3,100,4,35400,True
q_sweep,axelrod_q_sweep,29,er,10,10,100,211,4.22,4,5,5,200000,1,97,2,46600,True
q_sweep,axelrod_q_sweep,30,er,10,10,100,208,4.16,4,5,5,200000,2,100,4,31100,True
q_sweep,axelrod_q_sweep,31,er,10,10,100,175,3.5,4,5,5,200000,5,100,6,41200,True
q_sweep,axelrod_q_sweep,32,er,10,10,100,203,4.06,4,5,5,200000,0,96,1,39300,True
q_sweep,axelrod_q_sweep,33,er,10,10,100,214,4.28,4,5,5,200000,1,100,2,39600,True
q_sweep,axelrod_q_sweep,34,er,10,10,100,206,4.12,4,5,5,200000,3,98,4,54200,True
q_sweep,axelrod_q_sweep,35,er,10,10,100,191,3.82,4,5,5,200000,6,100,7,30000,True
q_sweep,axelrod_q_sweep,36,er,10,10,100,219,4.38,4,5,5,200000,0,99,1,41700,True
q_sweep,axelrod_q_sweep,37,er,10,10,100,179,3.58,4,5,5,200000,5,100,6,31000,True
q_sweep,axelrod_q_sweep,38,er,10,10,100,218,4.36,4,5,5,200000,3,100,4,50200,True
q_sweep,axelrod_q_sweep,39,er,10,10,100,224,4.48,4,5,5,200000,0,98,1,45400,True
q_sweep,axelrod_q_sweep,40,er,10,10,100,195,3.9,4,5,5,200000,1,98,2,40600,True
q_sweep,axelrod_q_sweep,41,er,10,10,100,213,4.26,4,5,5,200000,0,97,1,50900,True
q_sweep,axelrod_q_sweep,42,er,10,10,100,177,3.54,4,5,5,200000,3,99,5,35100,True
q_sweep,axelrod_q_sweep,43,er,10,10,100,184,3.68,4,5,5,200000,3,99,4,27800,True
q_sweep,axelrod_q_sweep,44,er,10,10,100,221,4.42,4,5,5,200000,0,100,1,22400,True
q_sweep,axelrod_q_sweep,45,er,10,10,100,190,3.8,4,5,5,200000,3,95,4,41100,True
q_sweep,axelrod_q_sweep,46,er,10,10,100,187,3.74,4,5,5,200000,1,98,4,44500,True
q_sweep,axelrod_q_sweep,47,er,10,10,100,205,4.1,4,5,5,200000,2,98,3,26700,True
q_sweep,axelrod_q_sweep,48,er,10,10,100,169,3.38,4,5,5,200000,2,98,3,37100,True
q_sweep,axelrod_q_sweep,49,er,10,10,100,204,4.08,4,5,5,200000,2,100,3,51500,True
q_sweep,axelrod_q_sweep,50,er,10,10,100,199,3.98,4,5,5,200000,4,99,5,25400,True
q_sweep,axelrod_q_sweep,51,er,10,10,100,205,4.1,4,5,5,200000,1,99,2,56900,True
q_sweep,axelrod_q_sweep,52,er,10,10,100,201,4.02,4,5,5,200000,1,100,2,72900,True
q_sweep,axelrod_q_sweep,53,er,10,10,100,190,3.8,4,5,5,200000,0,96,1,57100,True
q_sweep,axelrod_q_sweep,54,er,10,10,100,189,3.78,4,5,5,200000,2,98,3,32100,True
q_sweep,axelrod_q_sweep,55,er,10,10,100,197,3.94,4,5,5,200000,3,98,4,28900,True
q_sweep,axelrod_q_sweep,56,er,10,10,100,184,3.68,4,5,5,200000,3,100,4,55100,True
q_sweep,axelrod_q_sweep,57,er,10,10,100,211,4.22,4,5,5,200000,0,98,1,39000,True
q_sweep,axelrod_q_sweep,58,er,10,10,100,174,3.48,4,5,5,200000,2,98,3,43600,True
q_sweep,axelrod_q_sweep,59,er,10,10,100,178,3.56,4,5,5,200000,0,99,1,30500,True
q_sweep,axelrod_q_sweep,60,er,10,10,100,200,4.0,4,5,5,200000,3,99,4,45900,True
q_sweep,axelrod_q_sweep,61,er,10,10,100,204,4.08,4,5,5,200000,1,99,3,29000,True
q_sweep,axelrod_q_sweep,62,er,10,10,100,207,4.14,4,5,5,200000,0,100,1,59600,True
q_sweep,axelrod_q_sweep,63,er,10,10,100,176,3.52,4,5,5,200000,4,99,5,32500,True
q_sweep,axelrod_q_sweep,64,er,10,10,100,227,4.54,4,5,5,200000,0,99,2,35400,True
q_sweep,axelrod_q_sweep,65,er,10,10,100,195,3.9,4,5,5,200000,4,98,5,56200,True
q_sweep,axelrod_q_sweep,66,er,10,10,100,202,4.04,4,5,5,200000,1,97,2,27800,True
q_sweep,axelrod_q_sweep,67,er,10,10,100,226,4.52,4,5,5,200000,1,99,2,47000,True
q_sweep,axelrod_q_sweep,68,er,10,10,100,184,3.68,4,5,5,200000,2,98,3,34000,True
q_sweep,axelrod_q_sweep,69,er,10,10,100,187,3.74,4,5,5,200000,1,97,2,42500,True
q_sweep,axelrod_q_sweep,70,er,10,10,100,216,4.32,4,5,5,200000,2,100,4,33500,True
q_sweep,axelrod_q_sweep,71,er,10,10,100,177,3.54,4,5,5,200000,1,99,2,63000,True
q_sweep,axelrod_q_sweep,72,er,10,10,100,184,3.68,4,5,5,200000,1,100,2,36000,True
q_sweep,axelrod_q_sweep,73,er,10,10,100,212,4.24,4,5,5,200000,1,99,2,37100,True
q_sweep,axelrod_q_sweep,74,er,10,10,100,177,3.54,4,5,5,200000,1,99,3,70500,True
q_sweep,axelrod_q_sweep,75,er,10,10,100,240,4.8,4,5,5,200000,0,99,1,48400,True
q_sweep,axelrod_q_sweep,76,er,10,10,100,195,3.9,4,5,5,200000,3,98,4,34200,True
q_sweep,axelrod_q_sweep,77,er,10,10,100,219,4.38,4,5,5,200000,2,97,3,60800,True
q_sweep,axelrod_q_sweep,78,er,10,10,100,192,3.84,4,5,5,200000,2,98,3,36100,True
q_sweep,axelrod_q_sweep,79,er,10,10,100,173,3.46,4,5,5,200000,1,99,2,52000,True
q_sweep,axelrod_q_sweep,80,er,10,10,100,216,4.32,4,5,5,200000,1,100,2,50100,True
q_sweep,axelrod_q_sweep,81,er,10,10,100,183,3.66,4,5,5,200000,5,99,6,40300,True
q_sweep,axelrod_q_sweep,82,er,10,10,100,216,4.32,4,5,5,200000,3,99,4,29500,True
q_sweep,axelrod_q_sweep,83,er,10,10,100,188,3.76,4,5,5,200000,4,98,5,44100,True
q_sweep,axelrod_q_sweep,84,er,10,10,100,201,4.02,4,5,5,200000,2,99,4,40300,True
q_sweep,axelrod_q_sweep,85,er,10,10,100,195,3.9,4,5,5,200000,3,99,4,28100,True
q_sweep,axelrod_q_sweep,86,er,10,10,100,203,4.06,4,5,5,200000,3,99,4,38200,True
q_sweep,axelrod_q_sweep,87,er,10,10,100,193,3.86,4,5,5,200000,3,100,4,49200,True
q_sweep,axelrod_q_sweep,88,er,10,10,100,203,4.06,4,5,5,200000,2,98,3,48700,True
q_sweep,axelrod_q_sweep,89,er,10,10,100,184,3.68,4,5,5,200000,0,96,2,33500,True
q_sweep,axelrod_q_sweep,90,er,10,10,100,189,3.78,4,5,5,200000,2,98,3,50400,True
q_sweep,axelrod_q_sweep,91,er,10,10,100,212,4.24,4,5,5,200000,1,98,2,53200,True
q_sweep,axelrod_q_sweep,92,er,10,10,100,205,4.1,4,5,5,200000,1,98,2,46500,True
q_sweep,axelrod_q_sweep,93,er,10,10,100,220,4.4,4,5,5,200000,0,97,1,34500,True
q_sweep,axelrod_q_sweep,94,er,10,10,100,194,3.88,4,5,5,200000,2,100,3,61600,True
q_sweep,axelrod_q_sweep,95,er,10,10,100,207,4.14,4,5,5,200000,0,100,1,41400,True
q_sweep,axelrod_q_sweep,96,er,10,10,100,176,3.52,4,5,5,200000,4,98,5,29600,True
q_sweep,axelrod_q_sweep,97,er,10,10,100,184,3.68,4,5,5,200000,3,99,4,35100,True
q_sweep,axelrod_q_sweep,98,er,10,10,100,193,3.86,4,5,5,200000,2,99,3,48600,True
q_sweep,axelrod_q_sweep,99,er,10,10,100,190,3.8,4,5,5,200000,1,99,2,44100,True
q_sweep,axelrod_q_sweep,100,er,10,10,100,210,4.2,4,5,5,200000,0,96,1,36000,True
q_sweep,axelrod_q_sweep,101,er,10,10,100,205,4.1,4,5,5,200000,1,98,3,38500,True
q_sweep,axelrod_q_sweep,102,er,10,10,100,210,4.2,4,5,5,200000,3,97,4,32900,True
q_sweep,axelrod_q_sweep,103,er,10,10,100,195,3.9,4,5,5,200000,1,99,2,29500,True
q_sweep,axelrod_q_sweep,104,er,10,10,100,200,4.0,4,5,5,200000,0,98,1,40400,True
q_sweep,axelrod_q_sweep,105,er,10,10,100,214,4.28,4,5,5,200000,0,96,1,51100,True
q_sweep,axelrod_q_sweep,106,er,10,10,100,189,3.78,4,5,5,200000,4,100,5,55700,True
q_sweep,axelrod_q_sweep,107,er,10,10,100,189,3.78,4,5,5,200000,2,96,3,29800,True
q_sweep,axelrod_q_sweep,108,er,10,10,100,210,4.2,4,5,5,200000,1,98,3,56500,True
q_sweep,axelrod_q_sweep,109,er,10,10,100,201,4.02,4,5,5,200000,4,99,5,39400,True
q_sweep,axelrod_q_sweep,110,er,10,10,100,231,4.62,4,5,5,200000,0,97,1,53600,True
q_sweep,axelrod_q_sweep,111,er,10,10,100,196,3.92,4,5,5,200000,1,98,2,39700,True
q_sweep,axelrod_q_sweep,112,er,10,10,100,180,3.6,4,5,5,200000,2,96,3,52200,True
q_sweep,axelrod_q_sweep,113,er,10,10,100,216,4.32,4,5,5,200000,1,99,2,71100,True
q_sweep,axelrod_q_sweep,114,er,10,10,100,192,3.84,4,5,5,200000,3,97,4,45600,True
q_sweep,axelrod_q_sweep,115,er,10,10,100,180,3.6,4,5,5,200000,1,99,3,35400,True
q_sweep,axelrod_q_sweep,116,er,10,10,100,205,4.1,4,5,5,200000,3,99,4,37300,True
q_sweep,axelrod_q_sweep,117,er,10,10,100,216,4.32,4,5,5,200000,1,99,2,58300,True
q_sweep,axelrod_q_sweep,118,er,10,10,100,204,4.08,4,5,5,200000,1,99,2,61300,True
q_sweep,axelrod_q_sweep,119,er,10,10,100,209,4.18,4,5,5,200000,0,96,1,42200,True
q_sweep,axelrod_q_sweep,120,er,10,10,100,224,4.48,4,5,5,200000,0,99,1,50800,True
q_sweep,axelrod_q_sweep,121,er,10,10,100,205,4.1,4,5,5,200000,1,99,2,33400,True
q_sweep,axelrod_q_sweep,122,er,10,10,100,181,3.62,4,5,5,200000,3,99,4,38400,True
q_sweep,axelrod_q_sweep,123,er,10,10,100,208,4.16,4,5,5,200000,2,98,3,49000,True
q_sweep,axelrod_q_sweep,124,er,10,10,100,201,4.02,4,5,5,200000,4,99,5,58400,True
q_sweep,axelrod_q_sweep,125,er,10,10,100,183,3.66,4,5,5,200000,2,99,3,37900,True
q_sweep,axelrod_q_sweep,126,er,10,10,100,198,3.96,4,5,5,200000,3,95,4,43200,True
q_sweep,axelrod_q_sweep,127,er,10,10,100,180,3.6,4,5,5,200000,1,98,2,61400,True
q_sweep,axelrod_q_sweep,128,er,10,10,100,187,3.74,4,5,5,200000,3,100,4,59900,True
q_sweep,axelrod_q_sweep,129,er,10,10,100,198,3.96,4,5,5,200000,1,100,3,38900,True
q_sweep,axelrod_q_sweep,130,er,10,10,100,242,4.84,4,5,5,200000,0,97,1,42500,True
q_sweep,axelrod_q_sweep,131,er,10,10,100,205,4.1,4,5,5,200000,1,97,2,45800,True
q_sweep,axelrod_q_sweep,132,er,10,10,100,180,3.6,4,5,5,200000,2,98,3,22400,True
q_sweep,axelrod_q_sweep,133,er,10,10,100,205,4.1,4,5,5,200000,1,96,2,32400,True
q_sweep,axelrod_q_sweep,134,er,10,10,100,212,4.24,4,5,5,200000,2,97,3,29200,True
q_sweep,axelrod_q_sweep,135,er,10,10,100,195,3.9,4,5,5,200000,2,96,3,46200,True
q_sweep,axelrod_q_sweep,136,er,10,10,100,208,4.16,4,5,5,200000,0,99,1,35200,True
q_sweep,axelrod_q_sweep,137,er,10,10,100,199,3.98,4,5,5,200000,1,99,2,45500,True
q_sweep,axelrod_q_sweep,138,er,10,10,100,199,3.98,4,5,5,200000,4,99,5,56300,True
q_sweep,axelrod_q_sweep,139,er,10,10,100,201,4.02,4,5,5,200000,0,97,1,62900,True
q_sweep,axelrod_q_sweep,140,er,10,10,100,195,3.9,4,5,5,200000,0,96,1,44600,True
q_sweep,axelrod_q_sweep,141,er,10,10,100,215,4.3,4,5,5,200000,0,99,1,32000,True
q_sweep,axelrod_q_sweep,142,er,10,10,100,200,4.0,4,5,5,200000,1,99,2,29100,True
q_sweep,axelrod_q_sweep,143,er,10,10,100,215,4.3,4,5,5,200000,3,98,4,52300,True
q_sweep,axelrod_q_sweep,144,er,10,10,100,211,4.22,4,5,5,200000,1,98,2,44700,True
q_sweep,axelrod_q_sweep,145,er,10,10,100,197,3.94,4,5,5,200000,1,100,2,35500,True
q_sweep,axelrod_q_sweep,146,er,10,10,100,185,3.7,4,5,5,200000,2,98,3,23300,True
q_sweep,axelrod_q_sweep,147,er,10,10,100,183,3.66,4,5,5,200000,8,100,9,30300,True
q_sweep,axelrod_q_sweep,148,er,10,10,100,189,3.78,4,5,5,200000,4,98,5,45400,True
q_sweep,axelrod_q_sweep,149,er,10,10,100,198,3.96,4,5,5,200000,4,98,5,53800,True
q_sweep,axelrod_q_sweep,150,er,10,10,100,203,4.06,4,5,5,200000,0,99,2,41400,True
q_sweep,axelrod_q_sweep,151,er,10,10,100,196,3.92,4,5,5,200000,5,98,6,46000,True
q_sweep,axelrod_q_sweep,152,er,10,10,100,186,3.72,4,5,5,200000,1,97,2,53100,True
q_sweep,axelrod_q_sweep,153,er,10,10,100,215,4.3,4,5,5,200000,1,97,2,45400,True
q_sweep,axelrod_q_sweep,154,er,10,10,100,209,4.18,4,5,5,200000,1,98,2,44300,True
q_sweep,axelrod_q_sweep,155,er,10,10,100,196,3.92,4,5,5,200000,2,99,3,38800,True
q_sweep,axelrod_q_sweep,156,er,10,10,100,207,4.14,4,5,5,200000,1,98,2,44500,True
q_sweep,axelrod_q_sweep,157,er,10,10,100,196,3.92,4,5,5,200000,1,98,2,32800,True
q_sweep,axelrod_q_sweep,158,er,10,10,100,174,3.48,4,5,5,200000,2,100,4,42900,True
q_sweep,axelrod_q_sweep,159,er,10,10,100,193,3.86,4,5,5,200000,4,100,5,46700,True
q_sweep,axelrod_q_sweep,160,er,10,10,100,211,4.22,4,5,5,200000,1,99,2,49000,True
q_sweep,axelrod_q_sweep,161,er,10,10,100,196,3.92,4,5,5,200000,2,99,3,31400,True
q_sweep,axelrod_q_sweep,162,er,10,10,100,207,4.14,4,5,5,200000,1,97,2,40300,True
q_sweep,axelrod_q_sweep,163,er,10,10,100,209,4.18,4,5,5,200000,0,98,1,56100,True
q_sweep,axelrod_q_sweep,164,er,10,10,100,196,3.92,4,5,5,200000,0,98,1,45400,True
q_sweep,axelrod_q_sweep,165,er,10,10,100,217,4.34,4,5,5,200000,4,98,6,37000,True
q_sweep,axelrod_q_sweep,166,er,10,10,100,231,4.62,4,5,5,200000,1,98,2,39300,True
q_sweep,axelrod_q_sweep,167,er,10,10,100,169,3.38,4,5,5,200000,1,100,2,33000,True
q_sweep,axelrod_q_sweep,168,er,10,10,100,215,4.3,4,5,5,200000,1,96,2,50500,True
q_sweep,axelrod_q_sweep,169,er,10,10,100,193,3.86,4,5,5,200000,2,100,3,40200,True
q_sweep,axelrod_q_sweep,170,er,10,10,100,200,4.0,4,5,5,200000,3,100,4,46200,True
q_sweep,axelrod_q_sweep,171,er,10,10,100,206,4.12,4,5,5,200000,3,97,4,21600,True
q_sweep,axelrod_q_sweep,172,er,10,10,100,188,3.76,4,5,5,200000,4,98,5,51200,True
q_sweep,axelrod_q_sweep,173,er,10,10,100,209,4.18,4,5,5,200000,2,98,3,31900,True
q_sweep,axelrod_q_sweep,174,er,10,10,100,210,4.2,4,5,5,200000,1,99,2,52300,True
q_sweep,axelrod_q_sweep,175,er,10,10,100,195,3.9,4,5,5,200000,1,99,2,39200,True
q_sweep,axelrod_q_sweep,176,er,10,10,100,195,3.9,4,5,5,200000,0,98,1,21000,True
q_sweep,axelrod_q_sweep,177,er,10,10,100,197,3.94,4,5,5,200000,1,98,2,34000,True
q_sweep,axelrod_q_sweep,178,er,10,10,100,194,3.88,4,5,5,200000,2,99,3,37600,True
q_sweep,axelrod_q_sweep,179,er,10,10,100,190,3.8,4,5,5,200000,3,97,4,40000,True
q_sweep,axelrod_q_sweep,180,er,10,10,100,207,4.14,4,5,5,200000,1,97,2,32300,True
q_sweep,axelrod_q_sweep,181,er,10,10,100,213,4.26,4,5,5,200000,1,100,2,39400,True
q_sweep,axelrod_q_sweep,182,er,10,10,100,209,4.18,4,5,5,200000,0,100,1,34400,True
q_sweep,axelrod_q_sweep,183,er,10,10,100,205,4.1,4,5,5,200000,1,99,2,51500,True
q_sweep,axelrod_q_sweep,184,er,10,10,100,209,4.18,4,5,5,200000,1,98,2,44100,True
q_sweep,axelrod_q_sweep,185,er,10,10,100,188,3.76,4,5,5,200000,1,98,2,47300,True
q_sweep,axelrod_q_sweep,186,er,10,10,100,190,3.8,4,5,5,200000,2,97,3,56600,True
q_sweep,axelrod_q_sweep,187,er,10,10,100,190,3.8,4,5,5,200000,0,99,1,54900,True
q_sweep,axelrod_q_sweep,188,er,10,10,100,230,4.6,4,5,5,200000,0,98,1,47700,True
q_sweep,axelrod_q_sweep,189,er,10,10,100,208,4.16,4,5,5,200000,2,99,3,27500,True
q_sweep,axelrod_q_sweep,190,er,10,10,100,183,3.66,4,5,5,200000,2,100,3,59000,True
q_sweep,axelrod_q_sweep,191,er,10,10,100,210,4.2,4,5,5,200000,1,98,2,43800,True
q_sweep,axelrod_q_sweep,192,er,10,10,100,180,3.6,4,5,5,200000,2,99,3,55200,True
q_sweep,axelrod_q_sweep,193,er,10,10,100,184,3.68,4,5,5,200000,1,96,2,43400,True
q_sweep,axelrod_q_sweep,194,er,10,10,100,211,4.22,4,5,5,200000,2,98,3,55300,True
q_sweep,axelrod_q_sweep,195,er,10,10,100,192,3.84,4,5,5,200000,2,99,3,33200,True
q_sweep,axelrod_q_sweep,196,er,10,10,100,181,3.62,4,5,5,200000,3,99,5,34600,True
q_sweep,axelrod_q_sweep,197,er,10,10,100,197,3.94,4,5,5,200000,0,99,2,61600,True
q_sweep,axelrod_q_sweep,198,er,10,10,100,200,4.0,4,5,5,200000,2,99,3,74300,True
q_sweep,axelrod_q_sweep,199,er,10,10,100,194,3.88,4,5,5,200000,2,98,3,28900,True
q_sweep,axelrod_q_sweep,0,er,10,10,100,211,4.22,4,5,10,200000,2,100,3,43100,True
q_sweep,axelrod_q_sweep,1,er,10,10,100,219,4.38,4,5,10,200000,2,100,6,39500,True
q_sweep,axelrod_q_sweep,2,er,10,10,100,211,4.22,4,5,10,200000,2,100,4,53500,True
q_sweep,axelrod_q_sweep,3,er,10,10,100,184,3.68,4,5,10,200000,0,100,3,58800,True
q_sweep,axelrod_q_sweep,4,er,10,10,100,184,3.68,4,5,10,200000,3,100,6,67100,True
q_sweep,axelrod_q_sweep,5,er,10,10,100,194,3.88,4,5,10,200000,1,100,3,76300,True
q_sweep,axelrod_q_sweep,6,er,10,10,100,231,4.62,4,5,10,200000,1,100,3,58800,True
q_sweep,axelrod_q_sweep,7,er,10,10,100,206,4.12,4,5,10,200000,0,99,1,65700,True
q_sweep,axelrod_q_sweep,8,er,10,10,100,199,3.98,4,5,10,200000,2,100,3,39500,True
q_sweep,axelrod_q_sweep,9,er,10,10,100,223,4.46,4,5,10,200000,0,100,1,44300,True
q_sweep,axelrod_q_sweep,10,er,10,10,100,176,3.52,4,5,10,200000,5,100,10,36200,True
q_sweep,axelrod_q_sweep,11,er,10,10,100,192,3.84,4,5,10,200000,2,100,4,59100,True
q_sweep,axelrod_q_sweep,12,er,10,10,100,187,3.74,4,5,10,200000,2,100,5,64500,True
q_sweep,axelrod_q_sweep,13,er,10,10,100,202,4.04,4,5,10,200000,1,100,3,44500,True
q_sweep,axelrod_q_sweep,14,er,10,10,100,198,3.96,4,5,10,200000,2,100,3,48300,True
q_sweep,axelrod_q_sweep,15,er,10,10,100,179,3.58,4,5,10,200000,2,100,5,40900,True
q_sweep,axelrod_q_sweep,16,er,10,10,100,184,3.68,4,5,10,200000,1,100,3,44300,True
q_sweep,axelrod_q_sweep,17,er,10,10,100,176,3.52,4,5,10,200000,3,99,6,51600,True
q_sweep,axelrod_q_sweep,18,er,10,10,100,179,3.58,4,5,10,200000,2,100,6,60400,True
q_sweep,axelrod_q_sweep,19,er,10,10,100,171,3.42,4,5,10,200000,4,100,9,44400,True
q_sweep,axelrod_q_sweep,20,er,10,10,100,214,4.28,4,5,10,200000,3,100,4,39100,True
q_sweep,axelrod_q_sweep,21,er,10,10,100,206,4.12,4,5,10,200000,1,100,2,49900,True
q_sweep,axelrod_q_sweep,22,er,10,10,100,210,4.2,4,5,10,200000,1,100,2,40600,True
q_sweep,axelrod_q_sweep,23,er,10,10,100,185,3.7,4,5,10,200000,2,100,3,41900,True
q_sweep,axelrod_q_sweep,24,er,10,10,100,168,3.36,4,5,10,200000,4,100,7,61200,True
q_sweep,axelrod_q_sweep,25,er,10,10,100,195,3.9,4,5,10,200000,0,100,4,70500,True
q_sweep,axelrod_q_sweep,26,er,10,10,100,208,4.16,4,5,10,200000,0,100,2,56100,True
q_sweep,axelrod_q_sweep,27,er,10,10,100,191,3.82,4,5,10,200000,4,100,7,50600,True
q_sweep,axelrod_q_sweep,28,er,10,10,100,192,3.84,4,5,10,200000,3,100,6,59600,True
q_sweep,axelrod_q_sweep,29,er,10,10,100,211,4.22,4,5,10,200000,1,100,7,42500,True
q_sweep,axelrod_q_sweep,30,er,10,10,100,208,4.16,4,5,10,200000,2,100,5,43900,True
q_sweep,axelrod_q_sweep,31,er,10,10,100,175,3.5,4,5,10,200000,5,100,8,53200,True
q_sweep,axelrod_q_sweep,32,er,10,10,100,203,4.06,4,5,10,200000,0,100,2,63200,True
q_sweep,axelrod_q_sweep,33,er,10,10,100,214,4.28,4,5,10,200000,1,100,3,45300,True
q_sweep,axelrod_q_sweep,34,er,10,10,100,206,4.12,4,5,10,200000,3,100,6,40900,True
q_sweep,axelrod_q_sweep,35,er,10,10,100,191,3.82,4,5,10,200000,6,100,7,47700,True
q_sweep,axelrod_q_sweep,36,er,10,10,100,219,4.38,4,5,10,200000,0,100,1,42400,True
q_sweep,axelrod_q_sweep,37,er,10,10,100,179,3.58,4,5,10,200000,5,100,7,38700,True
q_sweep,axelrod_q_sweep,38,er,10,10,100,218,4.36,4,5,10,200000,3,100,5,52400,True
q_sweep,axelrod_q_sweep,39,er,10,10,100,224,4.48,4,5,10,200000,0,100,2,50800,True
q_sweep,axelrod_q_sweep,40,er,10,10,100,195,3.9,4,5,10,200000,1,100,2,72500,True
q_sweep,axelrod_q_sweep,41,er,10,10,100,213,4.26,4,5,10,200000,0,100,3,57000,True
q_sweep,axelrod_q_sweep,42,er,10,10,100,177,3.54,4,5,10,200000,3,100,4,58100,True
q_sweep,axelrod_q_sweep,43,er,10,10,100,184,3.68,4,5,10,200000,3,100,4,73700,True
q_sweep,axelrod_q_sweep,44,er,10,10,100,221,4.42,4,5,10,200000,0,100,1,69300,True
q_sweep,axelrod_q_sweep,45,er,10,10,100,190,3.8,4,5,10,200000,3,100,4,70600,True
q_sweep,axelrod_q_sweep,46,er,10,10,100,187,3.74,4,5,10,200000,1,100,8,35500,True
q_sweep,axelrod_q_sweep,47,er,10,10,100,205,4.1,4,5,10,200000,2,100,4,58300,True
q_sweep,axelrod_q_sweep,48,er,10,10,100,169,3.38,4,5,10,200000,2,100,4,59000,True
q_sweep,axelrod_q_sweep,49,er,10,10,100,204,4.08,4,5,10,200000,2,100,3,51600,True
q_sweep,axelrod_q_sweep,50,er,10,10,100,199,3.98,4,5,10,200000,4,100,7,48100,True
q_sweep,axelrod_q_sweep,51,er,10,10,100,205,4.1,4,5,10,200000,1,100,2,77300,True
q_sweep,axelrod_q_sweep,52,er,10,10,100,201,4.02,4,5,10,200000,1,100,4,38400,True
q_sweep,axelrod_q_sweep,53,er,10,10,100,190,3.8,4,5,10,200000,0,100,1,63100,True
q_sweep,axelrod_q_sweep,54,er,10,10,100,189,3.78,4,5,10,200000,2,100,5,53700,True
q_sweep,axelrod_q_sweep,55,er,10,10,100,197,3.94,4,5,10,200000,3,100,4,53800,True
q_sweep,axelrod_q_sweep,56,er,10,10,100,184,3.68,4,5,10,200000,3,100,5,62000,True
q_sweep,axelrod_q_sweep,57,er,10,10,100,211,4.22,4,5,10,200000,0,100,1,37800,True
q_sweep,axelrod_q_sweep,58,er,10,10,100,174,3.48,4,5,10,200000,2,100,4,58300,True
q_sweep,axelrod_q_sweep,59,er,10,10,100,178,3.56,4,5,10,200000,0,100,3,41900,True
q_sweep,axelrod_q_sweep,60,er,10,10,100,200,4.0,4,5,10,200000,3,100,6,53900,True
q_sweep,axelrod_q_sweep,61,er,10,10,100,204,4.08,4,5,10,200000,1,100,4,40100,True
q_sweep,axelrod_q_sweep,62,er,10,10,100,207,4.14,4,5,10,200000,0,100,2,59300,True
q_sweep,axelrod_q_sweep,63,er,10,10,100,176,3.52,4,5,10,200000,4,100,8,50800,True
q_sweep,axelrod_q_sweep,64,er,10,10,100,227,4.54,4,5,10,200000,0,100,4,74700,True
q_sweep,axelrod_q_sweep,65,er,10,10,100,195,3.9,4,5,10,200000,4,100,5,36800,True
q_sweep,axelrod_q_sweep,66,er,10,10,100,202,4.04,4,5,10,200000,1,100,5,70600,True
q_sweep,axelrod_q_sweep,67,er,10,10,100,226,4.52,4,5,10,200000,1,100,3,49800,True
q_sweep,axelrod_q_sweep,68,er,10,10,100,184,3.68,4,5,10,200000,2,100,3,47800,True
q_sweep,axelrod_q_sweep,69,er,10,10,100,187,3.74,4,5,10,200000,1,100,4,55400,True
q_sweep,axelrod_q_sweep,70,er,10,10,100,216,4.32,4,5,10,200000,2,100,8,39000,True
q_sweep,axelrod_q_sweep,71,er,10,10,100,177,3.54,4,5,10,200000,1,100,3,45900,True
q_sweep,axelrod_q_sweep,72,er,10,10,100,184,3.68,4,5,10,200000,1,100,4,79000,True
q_sweep,axelrod_q_sweep,73,er,10,10,100,212,4.24,4,5,10,200000,1,100,4,52200,True
q_sweep,axelrod_q_sweep,74,er,10,10,100,177,3.54,4,5,10,200000,1,100,5,78400,True
q_sweep,axelrod_q_sweep,75,er,10,10,100,240,4.8,4,5,10,200000,0,100,2,51000,True
q_sweep,axelrod_q_sweep,76,er,10,10,100,195,3.9,4,5,10,200000,3,100,4,59900,True
q_sweep,axelrod_q_sweep,77,er,10,10,100,219,4.38,4,5,10,200000,2,100,3,63000,True
q_sweep,axelrod_q_sweep,78,er,10,10,100,192,3.84,4,5,10,200000,2,100,3,43400,True
q_sweep,axelrod_q_sweep,79,er,10,10,100,173,3.46,4,5,10,200000,1,100,3,43300,True
q_sweep,axelrod_q_sweep,80,er,10,10,100,216,4.32,4,5,10,200000,1,100,3,51700,True
q_sweep,axelrod_q_sweep,81,er,10,10,100,183,3.66,4,5,10,200000,5,100,8,53500,True
q_sweep,axelrod_q_sweep,82,er,10,10,100,216,4.32,4,5,10,200000,3,100,4,40800,True
q_sweep,axelrod_q_sweep,83,er,10,10,100,188,3.76,4,5,10,200000,4,100,6,58600,True
q_sweep,axelrod_q_sweep,84,er,10,10,100,201,4.02,4,5,10,200000,2,100,4,44500,True
q_sweep,axelrod_q_sweep,85,er,10,10,100,195,3.9,4,5,10,200000,3,100,7,52000,True
q_sweep,axelrod_q_sweep,86,er,10,10,100,203,4.06,4,5,10,200000,3,100,5,66200,True
q_sweep,axelrod_q_sweep,87,er,10,10,100,193,3.86,4,5,10,200000,3,100,4,44900,True
q_sweep,axelrod_q_sweep,88,er,10,10,100,203,4.06,4,5,10,200000,2,100,3,41700,True
q_sweep,axelrod_q_sweep,89,er,10,10,100,184,3.68,4,5,10,200000,0,100,6,38000,True
q_sweep,axelrod_q_sweep,90,er,10,10,100,189,3.78,4,5,10,200000,2,100,8,67300,True
q_sweep,axelrod_q_sweep,91,er,10,10,100,212,4.24,4,5,10,200000,1,100,2,61000,True
q_sweep,axelrod_q_sweep,92,er,10,10,100,205,4.1,4,5,10,200000,1,100,5,34100,True
q_sweep,axelrod_q_sweep,93,er,10,10,100,220,4.4,4,5,10,200000,0,100,2,54200,True
q_sweep,axelrod_q_sweep,94,er,10,10,100,194,3.88,4,5,10,200000,2,100,3,53800,True
q_sweep,axelrod_q_sweep,95,er,10,10,100,207,4.14,4,5,10,200000,0,100,2,61100,True
q_sweep,axelrod_q_sweep,96,er,10,10,100,176,3.52,4,5,10,200000,4,100,8,42100,True
q_sweep,axelrod_q_sweep,97,er,10,10,100,184,3.68,4,5,10,200000,3,100,5,51100,True
q_sweep,axelrod_q_sweep,98,er,10,10,100,193,3.86,4,5,10,200000,2,100,3,70900,True
q_sweep,axelrod_q_sweep,99,er,10,10,100,190,3.8,4,5,10,200000,1,100,3,49200,True
q_sweep,axelrod_q_sweep,100,er,10,10,100,210,4.2,4,5,10,200000,0,99,2,38500,True
q_sweep,axelrod_q_sweep,101,er,10,10,100,205,4.1,4,5,10,200000,1,100,5,65000,True
q_sweep,axelrod_q_sweep,102,er,10,10,100,210,4.2,4,5,10,200000,3,100,4,81000,True
q_sweep,axelrod_q_sweep,103,er,10,10,100,195,3.9,4,5,10,200000,1,100,2,49200,True
q_sweep,axelrod_q_sweep,104,er,10,10,100,200,4.0,4,5,10,200000,0,100,4,53400,True
q_sweep,axelrod_q_sweep,105,er,10,10,100,214,4.28,4,5,10,200000,0,100,2,38700,True
q_sweep,axelrod_q_sweep,106,er,10,10,100,189,3.78,4,5,10,200000,4,100,6,45600,True
q_sweep,axelrod_q_sweep,107,er,10,10,100,189,3.78,4,5,10,200000,2,100,6,59400,True
q_sweep,axelrod_q_sweep,108,er,10,10,100,210,4.2,4,5,10,200000,1,100,4,42900,True
q_sweep,axelrod_q_sweep,109,er,10,10,100,201,4.02,4,5,10,200000,4,100,5,53200,True
q_sweep,axelrod_q_sweep,110,er,10,10,100,231,4.62,4,5,10,200000,0,100,3,45400,True
q_sweep,axelrod_q_sweep,111,er,10,10,100,196,3.92,4,5,10,200000,1,100,3,55400,True
q_sweep,axelrod_q_sweep,112,er,10,10,100,180,3.6,4,5,10,200000,2,100,5,65800,True
q_sweep,axelrod_q_sweep,113,er,10,10,100,216,4.32,4,5,10,200000,1,100,2,53900,True
q_sweep,axelrod_q_sweep,114,er,10,10,100,192,3.84,4,5,10,200000,3,100,5,47500,True
q_sweep,axelrod_q_sweep,115,er,10,10,100,180,3.6,4,5,10,200000,1,100,5,77900,True
q_sweep,axelrod_q_sweep,116,er,10,10,100,205,4.1,4,5,10,200000,3,99,8,45500,True
q_sweep,axelrod_q_sweep,117,er,10,10,100,216,4.32,4,5,10,200000,1,100,2,38200,True
q_sweep,axelrod_q_sweep,118,er,10,10,100,204,4.08,4,5,10,200000,1,100,3,56500,True
q_sweep,axelrod_q_sweep,119,er,10,10,100,209,4.18,4,5,10,200000,0,100,1,45800,True
q_sweep,axelrod_q_sweep,120,er,10,10,100,224,4.48,4,5,10,200000,0,100,2,54100,True
q_sweep,axelrod_q_sweep,121,er,10,10,100,205,4.1,4,5,10,200000,1,100,6,44200,True
q_sweep,axelrod_q_sweep,122,er,10,10,100,181,3.62,4,5,10,200000,3,100,6,66500,True
q_sweep,axelrod_q_sweep,123,er,10,10,100,208,4.16,4,5,10,200000,2,100,3,54300,True
q_sweep,axelrod_q_sweep,124,er,10,10,100,201,4.02,4,5,10,200000,4,100,5,57600,True
q_sweep,axelrod_q_sweep,125,er,10,10,100,183,3.66,4,5,10,200000,2,100,3,71300,True
q_sweep,axelrod_q_sweep,126,er,10,10,100,198,3.96,4,5,10,200000,3,100,5,64900,True
q_sweep,axelrod_q_sweep,127,er,10,10,100,180,3.6,4,5,10,200000,1,100,3,67300,True
q_sweep,axelrod_q_sweep,128,er,10,10,100,187,3.74,4,5,10,200000,3,100,4,42800,True
q_sweep,axelrod_q_sweep,129,er,10,10,100,198,3.96,4,5,10,200000,1,100,3,44200,True
q_sweep,axelrod_q_sweep,130,er,10,10,100,242,4.84,4,5,10,200000,0,100,4,37900,True
q_sweep,axelrod_q_sweep,131,er,10,10,100,205,4.1,4,5,10,200000,1,100,2,54100,True
q_sweep,axelrod_q_sweep,132,er,10,10,100,180,3.6,4,5,10,200000,2,100,4,42700,True
q_sweep,axelrod_q_sweep,133,er,10,10,100,205,4.1,4,5,10,200000,1,100,3,49000,True
q_sweep,axelrod_q_sweep,134,er,10,10,100,212,4.24,4,5,10,200000,2,100,3,58100,True
q_sweep,axelrod_q_sweep,135,er,10,10,100,195,3.9,4,5,10,200000,2,100,4,32200,True
q_sweep,axelrod_q_sweep,136,er,10,10,100,208,4.16,4,5,10,200000,0,100,2,65400,True
q_sweep,axelrod_q_sweep,137,er,10,10,100,199,3.98,4,5,10,200000,1,100,3,55500,True
q_sweep,axelrod_q_sweep,138,er,10,10,100,199,3.98,4,5,10,200000,4,100,6,43500,True
q_sweep,axelrod_q_sweep,139,er,10,10,100,201,4.02,4,5,10,200000,0,100,1,34200,True
q_sweep,axelrod_q_sweep,140,er,10,10,100,195,3.9,4,5,10,200000,0,100,3,66900,True
q_sweep,axelrod_q_sweep,141,er,10,10,100,215,4.3,4,5,10,200000,0,100,3,56100,True
q_sweep,axelrod_q_sweep,142,er,10,10,100,200,4.0,4,5,10,200000,1,100,3,73000,True
q_sweep,axelrod_q_sweep,143,er,10,10,100,215,4.3,4,5,10,200000,3,100,4,61700,True
q_sweep,axelrod_q_sweep,144,er,10,10,100,211,4.22,4,5,10,200000,1,100,3,106100,True
q_sweep,axelrod_q_sweep,145,er,10,10,100,197,3.94,4,5,10,200000,1,100,2,63400,True
q_sweep,axelrod_q_sweep,146,er,10,10,100,185,3.7,4,5,10,200000,2,100,4,56900,True
q_sweep,axelrod_q_sweep,147,er,10,10,100,183,3.66,4,5,10,200000,8,100,10,39800,True
q_sweep,axelrod_q_sweep,148,er,10,10,100,189,3.78,4,5,10,200000,4,100,6,66500,True
q_sweep,axelrod_q_sweep,149,er,10,10,100,198,3.96,4,5,10,200000,4,100,8,50700,True
q_sweep,axelrod_q_sweep,150,er,10,10,100,203,4.06,4,5,10,200000,0,100,2,52800,True
q_sweep,axelrod_q_sweep,151,er,10,10,100,196,3.92,4,5,10,200000,5,100,6,64900,True
q_sweep,axelrod_q_sweep,152,er,10,10,100,186,3.72,4,5,10,200000,1,100,5,59100,True
q_sweep,axelrod_q_sweep,153,er,10,10,100,215,4.3,4,5,10,200000,1,100,5,48600,True
q_sweep,axelrod_q_sweep,154,er,10,10,100,209,4.18,4,5,10,200000,1,100,3,35500,True
q_sweep,axelrod_q_sweep,155,er,10,10,100,196,3.92,4,5,10,200000,2,100,3,55500,True
q_sweep,axelrod_q_sweep,156,er,10,10,100,207,4.14,4,5,10,200000,1,100,3,43500,True
q_sweep,axelrod_q_sweep,157,er,10,10,100,196,3.92,4,5,10,200000,1,100,6,30700,True
q_sweep,axelrod_q_sweep,158,er,10,10,100,174,3.48,4,5,10,200000,2,100,6,67500,True
q_sweep,axelrod_q_sweep,159,er,10,10,100,193,3.86,4,5,10,200000,4,100,5,68500,True
q_sweep,axelrod_q_sweep,160,er,10,10,100,211,4.22,4,5,10,200000,1,100,3,38900,True
q_sweep,axelrod_q_sweep,161,er,10,10,100,196,3.92,4,5,10,200000,2,100,6,50000,True
q_sweep,axelrod_q_sweep,162,er,10,10,100,207,4.14,4,5,10,200000,1,100,2,54900,True
q_sweep,axelrod_q_sweep,163,er,10,10,100,209,4.18,4,5,10,200000,0,100,2,51800,True
q_sweep,axelrod_q_sweep,164,er,10,10,100,196,3.92,4,5,10,200000,0,100,1,42500,True
q_sweep,axelrod_q_sweep,165,er,10,10,100,217,4.34,4,5,10,200000,4,100,6,70400,True
q_sweep,axelrod_q_sweep,166,er,10,10,100,231,4.62,4,5,10,200000,1,100,2,67200,True
q_sweep,axelrod_q_sweep,167,er,10,10,100,169,3.38,4,5,10,200000,1,100,3,70100,True
q_sweep,axelrod_q_sweep,168,er,10,10,100,215,4.3,4,5,10,200000,1,99,3,49400,True
q_sweep,axelrod_q_sweep,169,er,10,10,100,193,3.86,4,5,10,200000,2,100,4,48300,True
q_sweep,axelrod_q_sweep,170,er,10,10,100,200,4.0,4,5,10,200000,3,100,4,81000,True
q_sweep,axelrod_q_sweep,171,er,10,10,100,206,4.12,4,5,10,200000,3,100,5,69700,True
q_sweep,axelrod_q_sweep,172,er,10,10,100,188,3.76,4,5,10,200000,4,100,5,53400,True
q_sweep,axelrod_q_sweep,173,er,10,10,100,209,4.18,4,5,10,200000,2,100,3,46000,True
q_sweep,axelrod_q_sweep,174,er,10,10,100,210,4.2,4,5,10,200000,1,100,3,54300,True
q_sweep,axelrod_q_sweep,175,er,10,10,100,195,3.9,4,5,10,200000,1,100,4,52200,True
q_sweep,axelrod_q_sweep,176,er,10,10,100,195,3.9,4,5,10,200000,0,100,5,32900,True
q_sweep,axelrod_q_sweep,177,er,10,10,100,197,3.94,4,5,10,200000,1,100,2,56900,True
q_sweep,axelrod_q_sweep,178,er,10,10,100,194,3.88,4,5,10,200000,2,100,3,37200,True
q_sweep,axelrod_q_sweep,179,er,10,10,100,190,3.8,4,5,10,200000,3,100,5,48500,True
q_sweep,axelrod_q_sweep,180,er,10,10,100,207,4.14,4,5,10,200000,1,100,5,36400,True
q_sweep,axelrod_q_sweep,181,er,10,10,100,213,4.26,4,5,10,200000,1,100,2,70000,True
q_sweep,axelrod_q_sweep,182,er,10,10,100,209,4.18,4,5,10,200000,0,100,1,60400,True
q_sweep,axelrod_q_sweep,183,er,10,10,100,205,4.1,4,5,10,200000,1,100,5,50400,True
q_sweep,axelrod_q_sweep,184,er,10,10,100,209,4.18,4,5,10,200000,1,100,3,40500,True
q_sweep,axelrod_q_sweep,185,er,10,10,100,188,3.76,4,5,10,200000,1,100,5,49700,True
q_sweep,axelrod_q_sweep,186,er,10,10,100,190,3.8,4,5,10,200000,2,100,3,56900,True
q_sweep,axelrod_q_sweep,187,er,10,10,100,190,3.8,4,5,10,200000,0,100,2,45200,True
q_sweep,axelrod_q_sweep,188,er,10,10,100,230,4.6,4,5,10,200000,0,99,1,61100,True
q_sweep,axelrod_q_sweep,189,er,10,10,100,208,4.16,4,5,10,200000,2,100,3,78300,True
q_sweep,axelrod_q_sweep,190,er,10,10,100,183,3.66,4,5,10,200000,2,100,3,68700,True
q_sweep,axelrod_q_sweep,191,er,10,10,100,210,4.2,4,5,10,200000,1,100,4,57900,True
q_sweep,axelrod_q_sweep,192,er,10,10,100,180,3.6,4,5,10,200000,2,100,3,53100,True
q_sweep,axelrod_q_sweep,193,er,10,10,100,184,3.68,4,5,10,200000,1,100,2,38800,True
q_sweep,axelrod_q_sweep,194,er,10,10,100,211,4.22,4,5,10,200000,2,100,7,38600,True
q_sweep,axelrod_q_sweep,195,er,10,10,100,192,3.84,4,5,10,200000,2,100,4,46000,True
q_sweep,axelrod_q_sweep,196,er,10,10,100,181,3.62,4,5,10,200000,3,100,7,31800,True
q_sweep,axelrod_q_sweep,197,er,10,10,100,197,3.94,4,5,10,200000,0,100,7,59900,True
q_sweep,axelrod_q_sweep,198,er,10,10,100,200,4.0,4,5,10,200000,2,100,5,40800,True
q_sweep,axelrod_q_sweep,199,er,10,10,100,194,3.88,4,5,10,200000,2,100,4,70200,True
q_sweep,axelrod_q_sweep,0,er,10,10,100,211,4.22,4,5,20,200000,2,100,15,49700,True
q_sweep,axelrod_q_sweep,1,er,10,10,100,219,4.38,4,5,20,200000,2,100,22,30000,True
q_sweep,axelrod_q_sweep,2,er,10,10,100,211,4.22,4,5,20,200000,2,100,20,43500,True
q_sweep,axelrod_q_sweep,3,er,10,10,100,184,3.68,4,5,20,200000,0,100,12,49600,True
q_sweep,axelrod_q_sweep,4,er,10,10,100,184,3.68,4,5,20,200000,3,100,15,68100,True
q_sweep,axelrod_q_sweep,5,er,10,10,100,194,3.88,4,5,20,200000,1,100,10,73300,True
q_sweep,axelrod_q_sweep,6,er,10,10,100,231,4.62,4,5,20,200000,1,100,9,72100,True
q_sweep,axelrod_q_sweep,7,er,10,10,100,206,4.12,4,5,20,200000,0,100,10,61500,True
q_sweep,axelrod_q_sweep,8,er,10,10,100,199,3.98,4,5,20,200000,2,100,13,42900,True
q_sweep,axelrod_q_sweep,9,er,10,10,100,223,4.46,4,5,20,200000,0,100,18,60100,True
q_sweep,axelrod_q_sweep,10,er,10,10,100,176,3.52,4,5,20,200000,5,100,34,37100,True
q_sweep,axelrod_q_sweep,11,er,10,10,100,192,3.84,4,5,20,200000,2,100,11,56000,True
q_sweep,axelrod_q_sweep,12,er,10,10,100,187,3.74,4,5,20,200000,2,100,31,39200,True
q_sweep,axelrod_q_sweep,13,er,10,10,100,202,4.04,4,5,20,200000,1,100,26,47900,True
q_sweep,axelrod_q_sweep,14,er,10,10,100,198,3.96,4,5,20,200000,2,100,42,36900,True
q_sweep,axelrod_q_sweep,15,er,10,10,100,179,3.58,4,5,20,200000,2,100,37,42700,True
q_sweep,axelrod_q_sweep,16,er,10,10,100,184,3.68,4,5,20,200000,1,100,39,34700,True
q_sweep,axelrod_q_sweep,17,er,10,10,100,176,3.52,4,5,20,200000,3,100,33,43100,True
q_sweep,axelrod_q_sweep,18,er,10,10,100,179,3.58,4,5,20,200000,2,100,39,46600,True
q_sweep,axelrod_q_sweep,19,er,10,10,100,171,3.42,4,5,20,200000,4,100,40,34700,True
q_sweep,axelrod_q_sweep,20,er,10,10,100,214,4.28,4,5,20,200000,3,100,11,48400,True
q_sweep,axelrod_q_sweep,21,er,10,10,100,206,4.12,4,5,20,200000,1,100,13,48500,True
q_sweep,axelrod_q_sweep,22,er,10,10,100,210,4.2,4,5,20,200000,1,100,29,39900,True
q_sweep,axelrod_q_sweep,23,er,10,10,100,185,3.7,4,5,20,200000,2,100,21,52800,True
q_sweep,axelrod_q_sweep,24,er,10,10,100,168,3.36,4,5,20,200000,4,100,38,45800,True
q_sweep,axelrod_q_sweep,25,er,10,10,100,195,3.9,4,5,20,200000,0,100,14,51000,True
q_sweep,axelrod_q_sweep,26,er,10,10,100,208,4.16,4,5,20,200000,0,100,9,54400,True
q_sweep,axelrod_q_sweep,27,er,10,10,100,191,3.82,4,5,20,200000,4,100,25,38500,True
q_sweep,axelrod_q_sweep,28,er,10,10,100,192,3.84,4,5,20,200000,3,100,29,56100,True
q_sweep,axelrod_q_sweep,29,er,10,10,100,211,4.22,4,5,20,200000,1,100,16,60600,True
q_sweep,axelrod_q_sweep,30,er,10,10,100,208,4.16,4,5,20,200000,2,100,16,50800,True
q_sweep,axelrod_q_sweep,31,er,10,10,100,175,3.5,4,5,20,200000,5,100,19,57300,True
q_sweep,axelrod_q_sweep,32,er,10,10,100,203,4.06,4,5,20,200000,0,100,33,77400,True
q_sweep,axelrod_q_sweep,33,er,10,10,100,214,4.28,4,5,20,200000,1,100,30,51800,True
q_sweep,axelrod_q_sweep,34,er,10,10,100,206,4.12,4,5,20,200000,3,100,12,73400,True
q_sweep,axelrod_q_sweep,35,er,10,10,100,191,3.82,4,5,20,200000,6,100,30,73700,True
q_sweep,axelrod_q_sweep,36,er,10,10,100,219,4.38,4,5,20,200000,0,100,11,62400,True
q_sweep,axelrod_q_sweep,37,er,10,10,100,179,3.58,4,5,20,200000,5,100,13,52000,True
q_sweep,axelrod_q_sweep,38,er,10,10,100,218,4.36,4,5,20,200000,3,100,11,58900,True
q_sweep,axelrod_q_sweep,39,er,10,10,100,224,4.48,4,5,20,200000,0,100,14,55000,True
q_sweep,axelrod_q_sweep,40,er,10,10,100,195,3.9,4,5,20,200000,1,100,17,57100,True
q_sweep,axelrod_q_sweep,41,er,10,10,100,213,4.26,4,5,20,200000,0,100,34,46000,True
q_sweep,axelrod_q_sweep,42,er,10,10,100,177,3.54,4,5,20,200000,3,100,23,67000,True
q_sweep,axelrod_q_sweep,43,er,10,10,100,184,3.68,4,5,20,200000,3,100,26,49600,True
q_sweep,axelrod_q_sweep,44,er,10,10,100,221,4.42,4,5,20,200000,0,100,16,67500,True
q_sweep,axelrod_q_sweep,45,er,10,10,100,190,3.8,4,5,20,200000,3,100,11,52500,True
q_sweep,axelrod_q_sweep,46,er,10,10,100,187,3.74,4,5,20,200000,1,100,34,35000,True
q_sweep,axelrod_q_sweep,47,er,10,10,100,205,4.1,4,5,20,200000,2,100,14,77000,True
q_sweep,axelrod_q_sweep,48,er,10,10,100,169,3.38,4,5,20,200000,2,100,44,37500,True
q_sweep,axelrod_q_sweep,49,er,10,10,100,204,4.08,4,5,20,200000,2,100,14,61600,True
q_sweep,axelrod_q_sweep,50,er,10,10,100,199,3.98,4,5,20,200000,4,100,10,51500,True
q_sweep,axelrod_q_sweep,51,er,10,10,100,205,4.1,4,5,20,200000,1,100,14,70300,True
q_sweep,axelrod_q_sweep,52,er,10,10,100,201,4.02,4,5,20,200000,1,100,19,43000,True
q_sweep,axelrod_q_sweep,53,er,10,10,100,190,3.8,4,5,20,200000,0,100,17,55600,True
q_sweep,axelrod_q_sweep,54,er,10,10,100,189,3.78,4,5,20,200000,2,100,20,64800,True
q_sweep,axelrod_q_sweep,55,er,10,10,100,197,3.94,4,5,20,200000,3,100,18,80000,True
q_sweep,axelrod_q_sweep,56,er,10,10,100,184,3.68,4,5,20,200000,3,100,27,48600,True
q_sweep,axelrod_q_sweep,57,er,10,10,100,211,4.22,4,5,20,200000,0,100,11,80700,True
q_sweep,axelrod_q_sweep,58,er,10,10,100,174,3.48,4,5,20,200000,2,100,30,52700,True
q_sweep,axelrod_q_sweep,59,er,10,10,100,178,3.56,4,5,20,200000,0,100,32,44400,True
q_sweep,axelrod_q_sweep,60,er,10,10,100,200,4.0,4,5,20,200000,3,100,23,59300,True
q_sweep,axelrod_q_sweep,61,er,10,10,100,204,4.08,4,5,20,200000,1,100,7,63800,True
q_sweep,axelrod_q_sweep,62,er,10,10,100,207,4.14,4,5,20,200000,0,100,20,72400,True
q_sweep,axelrod_q_sweep,63,er,10,10,100,176,3.52,4,5,20,200000,4,100,19,66000,True
q_sweep,axelrod_q_sweep,64,er,10,10,100,227,4.54,4,5,20,200000,0,100,12,52400,True
q_sweep,axelrod_q_sweep,65,er,10,10,100,195,3.9,4,5,20,200000,4,100,16,67400,True
q_sweep,axelrod_q_sweep,66,er,10,10,100,202,4.04,4,5,20,200000,1,100,25,56000,True
q_sweep,axelrod_q_sweep,67,er,10,10,100,226,4.52,4,5,20,200000,1,100,9,59300,True
q_sweep,axelrod_q_sweep,68,er,10,10,100,184,3.68,4,5,20,200000,2,100,31,36300,True
q_sweep,axelrod_q_sweep,69,er,10,10,100,187,3.74,4,5,20,200000,1,100,9,57400,True
q_sweep,axelrod_q_sweep,70,er,10,10,100,216,4.32,4,5,20,200000,2,100,15,53800,True
q_sweep,axelrod_q_sweep,71,er,10,10,100,177,3.54,4,5,20,200000,1,100,28,112200,True
q_sweep,axelrod_q_sweep,72,er,10,10,100,184,3.68,4,5,20,200000,1,100,25,98700,True
q_sweep,axelrod_q_sweep,73,er,10,10,100,212,4.24,4,5,20,200000,1,100,30,55200,True
q_sweep,axelrod_q_sweep,74,er,10,10,100,177,3.54,4,5,20,200000,1,100,18,57700,True
q_sweep,axelrod_q_sweep,75,er,10,10,100,240,4.8,4,5,20,200000,0,100,14,67200,True
q_sweep,axelrod_q_sweep,76,er,10,10,100,195,3.9,4,5,20,200000,3,100,13,62700,True
q_sweep,axelrod_q_sweep,77,er,10,10,100,219,4.38,4,5,20,200000,2,100,18,47400,True
q_sweep,axelrod_q_sweep,78,er,10,10,100,192,3.84,4,5,20,200000,2,100,14,62600,True
q_sweep,axelrod_q_sweep,79,er,10,10,100,173,3.46,4,5,20,200000,1,100,20,55800,True
q_sweep,axelrod_q_sweep,80,er,10,10,100,216,4.32,4,5,20,200000,1,100,29,54000,True
q_sweep,axelrod_q_sweep,81,er,10,10,100,183,3.66,4,5,20,200000,5,100,27,46600,True
q_sweep,axelrod_q_sweep,82,er,10,10,100,216,4.32,4,5,20,200000,3,100,12,61000,True
q_sweep,axelrod_q_sweep,83,er,10,10,100,188,3.76,4,5,20,200000,4,100,23,49800,True
q_sweep,axelrod_q_sweep,84,er,10,10,100,201,4.02,4,5,20,200000,2,100,13,32100,True
q_sweep,axelrod_q_sweep,85,er,10,10,100,195,3.9,4,5,20,200000,3,100,23,61400,True
q_sweep,axelrod_q_sweep,86,er,10,10,100,203,4.06,4,5,20,200000,3,100,13,61300,True
q_sweep,axelrod_q_sweep,87,er,10,10,100,193,3.86,4,5,20,200000,3,100,17,64900,True
q_sweep,axelrod_q_sweep,88,er,10,10,100,203,4.06,4,5,20,200000,2,100,18,72100,True
q_sweep,axelrod_q_sweep,89,er,10,10,100,184,3.68,4,5,20,200000,0,100,14,43900,True
q_sweep,axelrod_q_sweep,90,er,10,10,100,189,3.78,4,5,20,200000,2,100,17,78600,True
q_sweep,axelrod_q_sweep,91,er,10,10,100,212,4.24,4,5,20,200000,1,100,13,54200,True
q_sweep,axelrod_q_sweep,92,er,10,10,100,205,4.1,4,5,20,200000,1,100,16,66600,True
q_sweep,axelrod_q_sweep,93,er,10,10,100,220,4.4,4,5,20,200000,0,100,12,60600,True
q_sweep,axelrod_q_sweep,94,er,10,10,100,194,3.88,4,5,20,200000,2,100,19,69400,True
q_sweep,axelrod_q_sweep,95,er,10,10,100,207,4.14,4,5,20,200000,0,100,15,72800,True
q_sweep,axelrod_q_sweep,96,er,10,10,100,176,3.52,4,5,20,200000,4,100,20,55600,True
q_sweep,axelrod_q_sweep,97,er,10,10,100,184,3.68,4,5,20,200000,3,100,18,68800,True
q_sweep,axelrod_q_sweep,98,er,10,10,100,193,3.86,4,5,20,200000,2,100,22,42300,True
q_sweep,axelrod_q_sweep,99,er,10,10,100,190,3.8,4,5,20,200000,1,100,8,52800,True
q_sweep,axelrod_q_sweep,100,er,10,10,100,210,4.2,4,5,20,200000,0,100,18,70500,True
q_sweep,axelrod_q_sweep,101,er,10,10,100,205,4.1,4,5,20,200000,1,100,20,66400,True
q_sweep,axelrod_q_sweep,102,er,10,10,100,210,4.2,4,5,20,200000,3,100,19,36800,True
q_sweep,axelrod_q_sweep,103,er,10,10,100,195,3.9,4,5,20,200000,1,100,9,80100,True
q_sweep,axelrod_q_sweep,104,er,10,10,100,200,4.0,4,5,20,200000,0,100,10,94600,True
q_sweep,axelrod_q_sweep,105,er,10,10,100,214,4.28,4,5,20,200000,0,100,19,66400,True
q_sweep,axelrod_q_sweep,106,er,10,10,100,189,3.78,4,5,20,200000,4,100,25,54100,True
q_sweep,axelrod_q_sweep,107,er,10,10,100,189,3.78,4,5,20,200000,2,100,29,63700,True
q_sweep,axelrod_q_sweep,108,er,10,10,100,210,4.2,4,5,20,200000,1,100,17,53500,True
q_sweep,axelrod_q_sweep,109,er,10,10,100,201,4.02,4,5,20,200000,4,100,12,70900,True
q_sweep,axelrod_q_sweep,110,er,10,10,100,231,4.62,4,5,20,200000,0,100,11,54100,True
q_sweep,axelrod_q_sweep,111,er,10,10,100,196,3.92,4,5,20,200000,1,100,22,49400,True
q_sweep,axelrod_q_sweep,112,er,10,10,100,180,3.6,4,5,20,200000,2,100,18,61900,True
q_sweep,axelrod_q_sweep,113,er,10,10,100,216,4.32,4,5,20,200000,1,100,18,37200,True
q_sweep,axelrod_q_sweep,114,er,10,10,100,192,3.84,4,5,20,200000,3,100,20,68500,True
q_sweep,axelrod_q_sweep,115,er,10,10,100,180,3.6,4,5,20,200000,1,100,34,34500,True
q_sweep,axelrod_q_sweep,116,er,10,10,100,205,4.1,4,5,20,200000,3,99,22,67000,True
q_sweep,axelrod_q_sweep,117,er,10,10,100,216,4.32,4,5,20,200000,1,100,27,47300,True
q_sweep,axelrod_q_sweep,118,er,10,10,100,204,4.08,4,5,20,200000,1,100,20,66600,True
q_sweep,axelrod_q_sweep,119,er,10,10,100,209,4.18,4,5,20,200000,0,100,9,60900,True
q_sweep,axelrod_q_sweep,120,er,10,10,100,224,4.48,4,5,20,200000,0,100,9,63500,True
q_sweep,axelrod_q_sweep,121,er,10,10,100,205,4.1,4,5,20,200000,1,100,22,44500,True
q_sweep,axelrod_q_sweep,122,er,10,10,100,181,3.62,4,5,20,200000,3,100,43,81700,True
q_sweep,axelrod_q_sweep,123,er,10,10,100,208,4.16,4,5,20,200000,2,100,30,56000,True
q_sweep,axelrod_q_sweep,124,er,10,10,100,201,4.02,4,5,20,200000,4,100,24,61100,True
q_sweep,axelrod_q_sweep,125,er,10,10,100,183,3.66,4,5,20,200000,2,100,35,38100,True
q_sweep,axelrod_q_sweep,126,er,10,10,100,198,3.96,4,5,20,200000,3,100,19,56800,True
q_sweep,axelrod_q_sweep,127,er,10,10,100,180,3.6,4,5,20,200000,1,100,30,52200,True
q_sweep,axelrod_q_sweep,128,er,10,10,100,187,3.74,4,5,20,200000,3,100,19,50700,True
q_sweep,axelrod_q_sweep,129,er,10,10,100,198,3.96,4,5,20,200000,1,100,28,53700,True
q_sweep,axelrod_q_sweep,130,er,10,10,100,242,4.84,4,5,20,200000,0,100,21,60000,True
q_sweep,axelrod_q_sweep,131,er,10,10,100,205,4.1,4,5,20,200000,1,100,22,61200,True
q_sweep,axelrod_q_sweep,132,er,10,10,100,180,3.6,4,5,20,200000,2,100,38,63000,True
q_sweep,axelrod_q_sweep,133,er,10,10,100,205,4.1,4,5,20,200000,1,100,27,48600,True
q_sweep,axelrod_q_sweep,134,er,10,10,100,212,4.24,4,5,20,200000,2,100,19,50500,True
q_sweep,axelrod_q_sweep,135,er,10,10,100,195,3.9,4,5,20,200000,2,100,16,65900,True
q_sweep,axelrod_q_sweep,136,er,10,10,100,208,4.16,4,5,20,200000,0,100,17,57000,True
q_sweep,axelrod_q_sweep,137,er,10,10,100,199,3.98,4,5,20,200000,1,100,19,48100,True
q_sweep,axelrod_q_sweep,138,er,10,10,100,199,3.98,4,5,20,200000,4,100,17,55600,True
q_sweep,axelrod_q_sweep,139,er,10,10,100,201,4.02,4,5,20,200000,0,100,19,64900,True
q_sweep,axelrod_q_sweep,140,er,10,10,100,195,3.9,4,5,20,200000,0,100,46,41700,True
q_sweep,axelrod_q_sweep,141,er,10,10,100,215,4.3,4,5,20,200000,0,100,13,42000,True
q_sweep,axelrod_q_sweep,142,er,10,10,100,200,4.0,4,5,20,200000,1,100,14,53200,True
q_sweep,axelrod_q_sweep,143,er,10,10,100,215,4.3,4,5,20,200000,3,100,22,92600,True
q_sweep,axelrod_q_sweep,144,er,10,10,100,211,4.22,4,5,20,200000,1,100,12,117100,True
q_sweep,axelrod_q_sweep,145,er,10,10,100,197,3.94,4,5,20,200000,1,100,24,45800,True
q_sweep,axelrod_q_sweep,146,er,10,10,100,185,3.7,4,5,20,200000,2,100,44,25700,True
q_sweep,axelrod_q_sweep,147,er,10,10,100,183,3.66,4,5,20,200000,8,100,34,48700,True
q_sweep,axelrod_q_sweep,148,er,10,10,100,189,3.78,4,5,20,200000,4,100,24,66300,True
q_sweep,axelrod_q_sweep,149,er,10,10,100,198,3.96,4,5,20,200000,4,100,25,50900,True
q_sweep,axelrod_q_sweep,150,er,10,10,100,203,4.06,4,5,20,200000,0,100,17,61500,True
q_sweep,axelrod_q_sweep,151,er,10,10,100,196,3.92,4,5,20,200000,5,100,26,52700,True
q_sweep,axelrod_q_sweep,152,er,10,10,100,186,3.72,4,5,20,200000,1,100,36,30400,True
q_sweep,axelrod_q_sweep,153,er,10,10,100,215,4.3,4,5,20,200000,1,100,18,87400,True
q_sweep,axelrod_q_sweep,154,er,10,10,100,209,4.18,4,5,20,200000,1,100,18,84800,True
q_sweep,axelrod_q_sweep,155,er,10,10,100,196,3.92,4,5,20,200000,2,100,24,51900,True
q_sweep,axelrod_q_sweep,156,er,10,10,100,207,4.14,4,5,20,200000,1,100,15,74700,True
q_sweep,axelrod_q_sweep,157,er,10,10,100,196,3.92,4,5,20,200000,1,100,22,63300,True
q_sweep,axelrod_q_sweep,158,er,10,10,100,174,3.48,4,5,20,200000,2,100,22,77900,True
q_sweep,axelrod_q_sweep,159,er,10,10,100,193,3.86,4,5,20,200000,4,100,27,47500,True
q_sweep,axelrod_q_sweep,160,er,10,10,100,211,4.22,4,5,20,200000,1,100,18,67500,True
q_sweep,axelrod_q_sweep,161,er,10,10,100,196,3.92,4,5,20,200000,2,100,11,76700,True
q_sweep,axelrod_q_sweep,162,er,10,10,100,207,4.14,4,5,20,200000,1,100,8,63200,True
q_sweep,axelrod_q_sweep,163,er,10,10,100,209,4.18,4,5,20,200000,0,100,21,88200,True
q_sweep,axelrod_q_sweep,164,er,10,10,100,196,3.92,4,5,20,200000,0,100,34,57700,True
q_sweep,axelrod_q_sweep,165,er,10,10,100,217,4.34,4,5,20,200000,4,100,29,49900,True
q_sweep,axelrod_q_sweep,166,er,10,10,100,231,4.62,4,5,20,200000,1,100,18,45700,True
q_sweep,axelrod_q_sweep,167,er,10,10,100,169,3.38,4,5,20,200000,1,100,26,77700,True
q_sweep,axelrod_q_sweep,168,er,10,10,100,215,4.3,4,5,20,200000,1,100,12,73100,True
q_sweep,axelrod_q_sweep,169,er,10,10,100,193,3.86,4,5,20,200000,2,100,32,70900,True
q_sweep,axelrod_q_sweep,170,er,10,10,100,200,4.0,4,5,20,200000,3,100,18,50400,True
q_sweep,axelrod_q_sweep,171,er,10,10,100,206,4.12,4,5,20,200000,3,100,22,40500,True
q_sweep,axelrod_q_sweep,172,er,10,10,100,188,3.76,4,5,20,200000,4,100,20,53000,True
q_sweep,axelrod_q_sweep,173,er,10,10,100,209,4.18,4,5,20,200000,2,100,42,26900,True
q_sweep,axelrod_q_sweep,174,er,10,10,100,210,4.2,4,5,20,200000,1,100,20,45700,True
q_sweep,axelrod_q_sweep,175,er,10,10,100,195,3.9,4,5,20,200000,1,100,14,64000,True
q_sweep,axelrod_q_sweep,176,er,10,10,100,195,3.9,4,5,20,200000,0,100,20,53800,True
q_sweep,axelrod_q_sweep,177,er,10,10,100,197,3.94,4,5,20,200000,1,100,32,40500,True
q_sweep,axelrod_q_sweep,178,er,10,10,100,194,3.88,4,5,20,200000,2,100,23,54700,True
q_sweep,axelrod_q_sweep,179,er,10,10,100,190,3.8,4,5,20,200000,3,100,15,52400,True
q_sweep,axelrod_q_sweep,180,er,10,10,100,207,4.14,4,5,20,200000,1,100,11,67400,True
q_sweep,axelrod_q_sweep,181,er,10,10,100,213,4.26,4,5,20,200000,1,100,22,51200,True
q_sweep,axelrod_q_sweep,182,er,10,10,100,209,4.18,4,5,20,200000,0,100,21,82000,True
q_sweep,axelrod_q_sweep,183,er,10,10,100,205,4.1,4,5,20,200000,1,100,9,92400,True
q_sweep,axelrod_q_sweep,184,er,10,10,100,209,4.18,4,5,20,200000,1,100,13,67300,True
q_sweep,axelrod_q_sweep,185,er,10,10,100,188,3.76,4,5,20,200000,1,100,57,46300,True
q_sweep,axelrod_q_sweep,186,er,10,10,100,190,3.8,4,5,20,200000,2,100,20,54500,True
q_sweep,axelrod_q_sweep,187,er,10,10,100,190,3.8,4,5,20,200000,0,100,32,34700,True
q_sweep,axelrod_q_sweep,188,er,10,10,100,230,4.6,4,5,20,200000,0,100,13,66200,True
q_sweep,axelrod_q_sweep,189,er,10,10,100,208,4.16,4,5,20,200000,2,100,26,47300,True
q_sweep,axelrod_q_sweep,190,er,10,10,100,183,3.66,4,5,20,200000,2,100,27,59300,True
q_sweep,axelrod_q_sweep,191,er,10,10,100,210,4.2,4,5,20,200000,1,100,11,55500,True
q_sweep,axelrod_q_sweep,192,er,10,10,100,180,3.6,4,5,20,200000,2,100,27,33100,True
q_sweep,axelrod_q_sweep,193,er,10,10,100,184,3.68,4,5,20,200000,1,100,24,95500,True
q_sweep,axelrod_q_sweep,194,er,10,10,100,211,4.22,4,5,20,200000,2,100,17,64600,True
q_sweep,axelrod_q_sweep,195,er,10,10,100,192,3.84,4,5,20,200000,2,100,20,48000,True
q_sweep,axelrod_q_sweep,196,er,10,10,100,181,3.62,4,5,20,200000,3,100,13,66800,True
q_sweep,axelrod_q_sweep,197,er,10,10,100,197,3.94,4,5,20,200000,0,100,9,61700,True
q_sweep,axelrod_q_sweep,198,er,10,10,100,200,4.0,4,5,20,200000,2,100,18,72100,True
q_sweep,axelrod_q_sweep,199,er,10,10,100,194,3.88,4,5,20,200000,2,100,16,55700,True
q_sweep,axelrod_q_sweep,0,scale_free,10,10,100,196,3.92,4,5,3,200000,0,82,1,23900,True
q_sweep,axelrod_q_sweep,1,scale_free,10,10,100,196,3.92,4,5,3,200000,0,78,1,24900,True
q_sweep,axelrod_q_sweep,2,scale_free,10,10,100,196,3.92,4,5,3,200000,0,81,1,16200,True
q_sweep,axelrod_q_sweep,3,scale_free,10,10,100,196,3.92,4,5,3,200000,0,80,1,32900,True
q_sweep,axelrod_q_sweep,4,scale_free,10,10,100,196,3.92,4,5,3,200000,0,81,1,21000,True
q_sweep,axelrod_q_sweep,5,scale_free,10,10,100,196,3.92,4,5,3,200000,0,83,1,12300,True
q_sweep,axelrod_q_sweep,6,scale_free,10,10,100,196,3.92,4,5,3,200000,0,77,1,30500,True
q_sweep,axelrod_q_sweep,7,scale_free,10,10,100,196,3.92,4,5,3,200000,0,79,1,11800,True
q_sweep,axelrod_q_sweep,8,scale_free,10,10,100,196,3.92,4,5,3,200000,0,89,1,16200,True
q_sweep,axelrod_q_sweep,9,scale_free,10,10,100,196,3.92,4,5,3,200000,0,88,1,13700,True
q_sweep,axelrod_q_sweep,10,scale_free,10,10,100,196,3.92,4,5,3,200000,0,81,1,21400,True
q_sweep,axelrod_q_sweep,11,scale_free,10,10,100,196,3.92,4,5,3,200000,0,77,1,26500,True
q_sweep,axelrod_q_sweep,12,scale_free,10,10,100,196,3.92,4,5,3,200000,0,89,1,27700,True
q_sweep,axelrod_q_sweep,13,scale_free,10,10,100,196,3.92,4,5,3,200000,0,81,1,15000,True
q_sweep,axelrod_q_sweep,14,scale_free,10,10,100,196,3.92,4,5,3,200000,0,80,1,16300,True
q_sweep,axelrod_q_sweep,15,scale_free,10,10,100,196,3.92,4,5,3,200000,0,84,1,27500,True
q_sweep,axelrod_q_sweep,16,scale_free,10,10,100,196,3.92,4,5,3,200000,0,83,1,20500,True
q_sweep,axelrod_q_sweep,17,scale_free,10,10,100,196,3.92,4,5,3,200000,0,82,1,35500,True
q_sweep,axelrod_q_sweep,18,scale_free,10,10,100,196,3.92,4,5,3,200000,0,83,1,18900,True
q_sweep,axelrod_q_sweep,19,scale_free,10,10,100,196,3.92,4,5,3,200000,0,80,1,14700,True
q_sweep,axelrod_q_sweep,20,scale_free,10,10,100,196,3.92,4,5,3,200000,0,82,1,14200,True
q_sweep,axelrod_q_sweep,21,scale_free,10,10,100,196,3.92,4,5,3,200000,0,82,1,22600,True
q_sweep,axelrod_q_sweep,22,scale_free,10,10,100,196,3.92,4,5,3,200000,0,80,1,13800,True
q_sweep,axelrod_q_sweep,23,scale_free,10,10,100,196,3.92,4,5,3,200000,0,81,1,33000,True
q_sweep,axelrod_q_sweep,24,scale_free,10,10,100,196,3.92,4,5,3,200000,0,81,1,19300,True
q_sweep,axelrod_q_sweep,25,scale_free,10,10,100,196,3.92,4,5,3,200000,0,81,1,21800,True
q_sweep,axelrod_q_sweep,26,scale_free,10,10,100,196,3.92,4,5,3,200000,0,83,1,9500,True
q_sweep,axelrod_q_sweep,27,scale_free,10,10,100,196,3.92,4,5,3,200000,0,81,1,19400,True
q_sweep,axelrod_q_sweep,28,scale_free,10,10,100,196,3.92,4,5,3,200000,0,83,1,49300,True
q_sweep,axelrod_q_sweep,29,scale_free,10,10,100,196,3.92,4,5,3,200000,0,81,1,37400,True
q_sweep,axelrod_q_sweep,30,scale_free,10,10,100,196,3.92,4,5,3,200000,0,84,1,27300,True
q_sweep,axelrod_q_sweep,31,scale_free,10,10,100,196,3.92,4,5,3,200000,0,82,1,40300,True
q_sweep,axelrod_q_sweep,32,scale_free,10,10,100,196,3.92,4,5,3,200000,0,79,1,26700,True
q_sweep,axelrod_q_sweep,33,scale_free,10,10,100,196,3.92,4,5,3,200000,0,83,1,19400,True
q_sweep,axelrod_q_sweep,34,scale_free,10,10,100,196,3.92,4,5,3,200000,0,73,1,26600,True
q_sweep,axelrod_q_sweep,35,scale_free,10,10,100,196,3.92,4,5,3,200000,0,80,1,25000,True
q_sweep,axelrod_q_sweep,36,scale_free,10,10,100,196,3.92,4,5,3,200000,0,77,1,13400,True
q_sweep,axelrod_q_sweep,37,scale_free,10,10,100,196,3.92,4,5,3,200000,0,81,1,28900,True
q_sweep,axelrod_q_sweep,38,scale_free,10,10,100,196,3.92,4,5,3,200000,0,82,1,15300,True
q_sweep,axelrod_q_sweep,39,scale_free,10,10,100,196,3.92,4,5,3,200000,0,87,1,11800,True
q_sweep,axelrod_q_sweep,40,scale_free,10,10,100,196,3.92,4,5,3,200000,0,77,1,22300,True
q_sweep,axelrod_q_sweep,41,scale_free,10,10,100,196,3.92,4,5,3,200000,0,77,1,19100,True
q_sweep,axelrod_q_sweep,42,scale_free,10,10,100,196,3.92,4,5,3,200000,0,80,1,18800,True
q_sweep,axelrod_q_sweep,43,scale_free,10,10,100,196,3.92,4,5,3,200000,0,77,1,33100,True
q_sweep,axelrod_q_sweep,44,scale_free,10,10,100,196,3.92,4,5,3,200000,0,86,1,27800,True
q_sweep,axelrod_q_sweep,45,scale_free,10,10,100,196,3.92,4,5,3,200000,0,82,1,29600,True
q_sweep,axelrod_q_sweep,46,scale_free,10,10,100,196,3.92,4,5,3,200000,0,85,1,15600,True
q_sweep,axelrod_q_sweep,47,scale_free,10,10,100,196,3.92,4,5,3,200000,0,83,1,20500,True
q_sweep,axelrod_q_sweep,48,scale_free,10,10,100,196,3.92,4,5,3,200000,0,81,1,30000,True
q_sweep,axelrod_q_sweep,49,scale_free,10,10,100,196,3.92,4,5,3,200000,0,78,1,24200,True
q_sweep,axelrod_q_sweep,50,scale_free,10,10,100,196,3.92,4,5,3,200000,0,80,1,22800,True
q_sweep,axelrod_q_sweep,51,scale_free,10,10,100,196,3.92,4,5,3,200000,0,82,1,25300,True
q_sweep,axelrod_q_sweep,52,scale_free,10,10,100,196,3.92,4,5,3,200000,0,82,1,23900,True
q_sweep,axelrod_q_sweep,53,scale_free,10,10,100,196,3.92,4,5,3,200000,0,82,1,18900,True
q_sweep,axelrod_q_sweep,54,scale_free,10,10,100,196,3.92,4,5,3,200000,0,78,1,20000,True
q_sweep,axelrod_q_sweep,55,scale_free,10,10,100,196,3.92,4,5,3,200000,0,83,1,39000,True
q_sweep,axelrod_q_sweep,56,scale_free,10,10,100,196,3.92,4,5,3,200000,0,78,1,24500,True
q_sweep,axelrod_q_sweep,57,scale_free,10,10,100,196,3.92,4,5,3,200000,0,81,1,14600,True
q_sweep,axelrod_q_sweep,58,scale_free,10,10,100,196,3.92,4,5,3,200000,0,79,1,24500,True
q_sweep,axelrod_q_sweep,59,scale_free,10,10,100,196,3.92,4,5,3,200000,0,85,1,22500,True
q_sweep,axelrod_q_sweep,60,scale_free,10,10,100,196,3.92,4,5,3,200000,0,82,1,20900,True
q_sweep,axelrod_q_sweep,61,scale_free,10,10,100,196,3.92,4,5,3,200000,0,86,1,32500,True
q_sweep,axelrod_q_sweep,62,scale_free,10,10,100,196,3.92,4,5,3,200000,0,85,1,27100,True
q_sweep,axelrod_q_sweep,63,scale_free,10,10,100,196,3.92,4,5,3,200000,0,80,1,14300,True
q_sweep,axelrod_q_sweep,64,scale_free,10,10,100,196,3.92,4,5,3,200000,0,82,1,31200,True
q_sweep,axelrod_q_sweep,65,scale_free,10,10,100,196,3.92,4,5,3,200000,0,81,1,9100,True
q_sweep,axelrod_q_sweep,66,scale_free,10,10,100,196,3.92,4,5,3,200000,0,84,2,24200,True
q_sweep,axelrod_q_sweep,67,scale_free,10,10,100,196,3.92,4,5,3,200000,0,76,1,36100,True
q_sweep,axelrod_q_sweep,68,scale_free,10,10,100,196,3.92,4,5,3,200000,0,76,1,30300,True
q_sweep,axelrod_q_sweep,69,scale_free,10,10,100,196,3.92,4,5,3,200000,0,83,1,37200,True
q_sweep,axelrod_q_sweep,70,scale_free,10,10,100,196,3.92,4,5,3,200000,0,85,1,26000,True
q_sweep,axelrod_q_sweep,71,scale_free,10,10,100,196,3.92,4,5,3,200000,0,81,1,25800,True
q_sweep,axelrod_q_sweep,72,scale_free,10,10,100,196,3.92,4,5,3,200000,0,84,1,23400,True
q_sweep,axelrod_q_sweep,73,scale_free,10,10,100,196,3.92,4,5,3,200000,0,81,1,15600,True
q_sweep,axelrod_q_sweep,74,scale_free,10,10,100,196,3.92,4,5,3,200000,0,82,1,22300,True
q_sweep,axelrod_q_sweep,75,scale_free,10,10,100,196,3.92,4,5,3,200000,0,78,1,18200,True
q_sweep,axelrod_q_sweep,76,scale_free,10,10,100,196,3.92,4,5,3,200000,0,86,1,27600,True
q_sweep,axelrod_q_sweep,77,scale_free,10,10,100,196,3.92,4,5,3,200000,0,81,1,26800,True
q_sweep,axelrod_q_sweep,78,scale_free,10,10,100,196,3.92,4,5,3,200000,0,83,1,28700,True
q_sweep,axelrod_q_sweep,79,scale_free,10,10,100,196,3.92,4,5,3,200000,0,80,1,26000,True
q_sweep,axelrod_q_sweep,80,scale_free,10,10,100,196,3.92,4,5,3,200000,0,86,1,28100,True
q_sweep,axelrod_q_sweep,81,scale_free,10,10,100,196,3.92,4,5,3,200000,0,86,1,19900,True
q_sweep,axelrod_q_sweep,82,scale_free,10,10,100,196,3.92,4,5,3,200000,0,83,1,35300,True
q_sweep,axelrod_q_sweep,83,scale_free,10,10,100,196,3.92,4,5,3,200000,0,83,1,11400,True
q_sweep,axelrod_q_sweep,84,scale_free,10,10,100,196,3.92,4,5,3,200000,0,78,1,27800,True
q_sweep,axelrod_q_sweep,85,scale_free,10,10,100,196,3.92,4,5,3,200000,0,81,1,20100,True
q_sweep,axelrod_q_sweep,86,scale_free,10,10,100,196,3.92,4,5,3,200000,0,85,1,15800,True
q_sweep,axelrod_q_sweep,87,scale_free,10,10,100,196,3.92,4,5,3,200000,0,80,2,16000,True
q_sweep,axelrod_q_sweep,88,scale_free,10,10,100,196,3.92,4,5,3,200000,0,80,1,19700,True
q_sweep,axelrod_q_sweep,89,scale_free,10,10,100,196,3.92,4,5,3,200000,0,86,1,23600,True
q_sweep,axelrod_q_sweep,90,scale_free,10,10,100,196,3.92,4,5,3,200000,0,80,1,32600,True
q_sweep,axelrod_q_sweep,91,scale_free,10,10,100,196,3.92,4,5,3,200000,0,78,1,45500,True
q_sweep,axelrod_q_sweep,92,scale_free,10,10,100,196,3.92,4,5,3,200000,0,76,1,14800,True
q_sweep,axelrod_q_sweep,93,scale_free,10,10,100,196,3.92,4,5,3,200000,0,86,1,22100,True
q_sweep,axelrod_q_sweep,94,scale_free,10,10,100,196,3.92,4,5,3,200000,0,84,1,21000,True
q_sweep,axelrod_q_sweep,95,scale_free,10,10,100,196,3.92,4,5,3,200000,0,83,1,20900,True
q_sweep,axelrod_q_sweep,96,scale_free,10,10,100,196,3.92,4,5,3,200000,0,82,1,14700,True
q_sweep,axelrod_q_sweep,97,scale_free,10,10,100,196,3.92,4,5,3,200000,0,80,1,16200,True
q_sweep,axelrod_q_sweep,98,scale_free,10,10,100,196,3.92,4,5,3,200000,0,74,1,28000,True
q_sweep,axelrod_q_sweep,99,scale_free,10,10,100,196,3.92,4,5,3,200000,0,83,1,22500,True
q_sweep,axelrod_q_sweep,100,scale_free,10,10,100,196,3.92,4,5,3,200000,0,85,1,39300,True
q_sweep,axelrod_q_sweep,101,scale_free,10,10,100,196,3.92,4,5,3,200000,0,79,1,32900,True
q_sweep,axelrod_q_sweep,102,scale_free,10,10,100,196,3.92,4,5,3,200000,0,89,1,31100,True
q_sweep,axelrod_q_sweep,103,scale_free,10,10,100,196,3.92,4,5,3,200000,0,75,1,19400,True
q_sweep,axelrod_q_sweep,104,scale_free,10,10,100,196,3.92,4,5,3,200000,0,80,2,19400,True
q_sweep,axelrod_q_sweep,105,scale_free,10,10,100,196,3.92,4,5,3,200000,0,79,1,29700,True
q_sweep,axelrod_q_sweep,106,scale_free,10,10,100,196,3.92,4,5,3,200000,0,76,1,30000,True
q_sweep,axelrod_q_sweep,107,scale_free,10,10,100,196,3.92,4,5,3,200000,0,82,1,28300,True
q_sweep,axelrod_q_sweep,108,scale_free,10,10,100,196,3.92,4,5,3,200000,0,77,1,21800,True
q_sweep,axelrod_q_sweep,109,scale_free,10,10,100,196,3.92,4,5,3,200000,0,84,1,28000,True
q_sweep,axelrod_q_sweep,110,scale_free,10,10,100,196,3.92,4,5,3,200000,0,77,1,16800,True
q_sweep,axelrod_q_sweep,111,scale_free,10,10,100,196,3.92,4,5,3,200000,0,84,1,27200,True
q_sweep,axelrod_q_sweep,112,scale_free,10,10,100,196,3.92,4,5,3,200000,0,87,1,23900,True
q_sweep,axelrod_q_sweep,113,scale_free,10,10,100,196,3.92,4,5,3,200000,0,86,1,20700,True
q_sweep,axelrod_q_sweep,114,scale_free,10,10,100,196,3.92,4,5,3,200000,0,79,1,25200,True
q_sweep,axelrod_q_sweep,115,scale_free,10,10,100,196,3.92,4,5,3,200000,0,78,1,30300,True
q_sweep,axelrod_q_sweep,116,scale_free,10,10,100,196,3.92,4,5,3,200000,0,81,1,19200,True
q_sweep,axelrod_q_sweep,117,scale_free,10,10,100,196,3.92,4,5,3,200000,0,86,1,24700,True
q_sweep,axelrod_q_sweep,118,scale_free,10,10,100,196,3.92,4,5,3,200000,0,88,1,12200,True
q_sweep,axelrod_q_sweep,119,scale_free,10,10,100,196,3.92,4,5,3,200000,0,85,1,16200,True
q_sweep,axelrod_q_sweep,120,scale_free,10,10,100,196,3.92,4,5,3,200000,0,84,1,16200,True
q_sweep,axelrod_q_sweep,121,scale_free,10,10,100,196,3.92,4,5,3,200000,0,72,1,22000,True
q_sweep,axelrod_q_sweep,122,scale_free,10,10,100,196,3.92,4,5,3,200000,0,84,1,15900,True
q_sweep,axelrod_q_sweep,123,scale_free,10,10,100,196,3.92,4,5,3,200000,0,81,1,22300,True
q_sweep,axelrod_q_sweep,124,scale_free,10,10,100,196,3.92,4,5,3,200000,0,86,1,19000,True
q_sweep,axelrod_q_sweep,125,scale_free,10,10,100,196,3.92,4,5,3,200000,0,79,1,28300,True
q_sweep,axelrod_q_sweep,126,scale_free,10,10,100,196,3.92,4,5,3,200000,0,84,1,26500,True
q_sweep,axelrod_q_sweep,127,scale_free,10,10,100,196,3.92,4,5,3,200000,0,80,1,17000,True
q_sweep,axelrod_q_sweep,128,scale_free,10,10,100,196,3.92,4,5,3,200000,0,83,1,18900,True
q_sweep,axelrod_q_sweep,129,scale_free,10,10,100,196,3.92,4,5,3,200000,0,82,2,16100,True
q_sweep,axelrod_q_sweep,130,scale_free,10,10,100,196,3.92,4,5,3,200000,0,78,1,32800,True
q_sweep,axelrod_q_sweep,131,scale_free,10,10,100,196,3.92,4,5,3,200000,0,87,1,26500,True
q_sweep,axelrod_q_sweep,132,scale_free,10,10,100,196,3.92,4,5,3,200000,0,85,1,15000,True
q_sweep,axelrod_q_sweep,133,scale_free,10,10,100,196,3.92,4,5,3,200000,0,84,1,16500,True
q_sweep,axelrod_q_sweep,134,scale_free,10,10,100,196,3.92,4,5,3,200000,0,85,1,21200,True
q_sweep,axelrod_q_sweep,135,scale_free,10,10,100,196,3.92,4,5,3,200000,0,76,1,17200,True
q_sweep,axelrod_q_sweep,136,scale_free,10,10,100,196,3.92,4,5,3,200000,0,84,1,14600,True
q_sweep,axelrod_q_sweep,137,scale_free,10,10,100,196,3.92,4,5,3,200000,0,86,1,30800,True
q_sweep,axelrod_q_sweep,138,scale_free,10,10,100,196,3.92,4,5,3,200000,0,85,1,11000,True
q_sweep,axelrod_q_sweep,139,scale_free,10,10,100,196,3.92,4,5,3,200000,0,84,1,37800,True
q_sweep,axelrod_q_sweep,140,scale_free,10,10,100,196,3.92,4,5,3,200000,0,82,1,15500,True
q_sweep,axelrod_q_sweep,141,scale_free,10,10,100,196,3.92,4,5,3,200000,0,86,1,16200,True
q_sweep,axelrod_q_sweep,142,scale_free,10,10,100,196,3.92,4,5,3,200000,0,89,1,16600,True
q_sweep,axelrod_q_sweep,143,scale_free,10,10,100,196,3.92,4,5,3,200000,0,85,1,23300,True
q_sweep,axelrod_q_sweep,144,scale_free,10,10,100,196,3.92,4,5,3,200000,0,84,1,21200,True
q_sweep,axelrod_q_sweep,145,scale_free,10,10,100,196,3.92,4,5,3,200000,0,80,1,21600,True
q_sweep,axelrod_q_sweep,146,scale_free,10,10,100,196,3.92,4,5,3,200000,0,76,1,29000,True
q_sweep,axelrod_q_sweep,147,scale_free,10,10,100,196,3.92,4,5,3,200000,0,83,1,20500,True
q_sweep,axelrod_q_sweep,148,scale_free,10,10,100,196,3.92,4,5,3,200000,0,82,1,21400,True
q_sweep,axelrod_q_sweep,149,scale_free,10,10,100,196,3.92,4,5,3,200000,0,81,1,27800,True
q_sweep,axelrod_q_sweep,150,scale_free,10,10,100,196,3.92,4,5,3,200000,0,82,1,17500,True
q_sweep,axelrod_q_sweep,151,scale_free,10,10,100,196,3.92,4,5,3,200000,0,83,1,24100,True
q_sweep,axelrod_q_sweep,152,scale_free,10,10,100,196,3.92,4,5,3,200000,0,84,1,23600,True
q_sweep,axelrod_q_sweep,153,scale_free,10,10,100,196,3.92,4,5,3,200000,0,85,1,30000,True
q_sweep,axelrod_q_sweep,154,scale_free,10,10,100,196,3.92,4,5,3,200000,0,81,1,25500,True
q_sweep,axelrod_q_sweep,155,scale_free,10,10,100,196,3.92,4,5,3,200000,0,80,1,28400,True
q_sweep,axelrod_q_sweep,156,scale_free,10,10,100,196,3.92,4,5,3,200000,0,79,1,29400,True
q_sweep,axelrod_q_sweep,157,scale_free,10,10,100,196,3.92,4,5,3,200000,0,84,1,15300,True
q_sweep,axelrod_q_sweep,158,scale_free,10,10,100,196,3.92,4,5,3,200000,0,78,1,25300,True
q_sweep,axelrod_q_sweep,159,scale_free,10,10,100,196,3.92,4,5,3,200000,0,85,1,23200,True
q_sweep,axelrod_q_sweep,160,scale_free,10,10,100,196,3.92,4,5,3,200000,0,79,1,16200,True
q_sweep,axelrod_q_sweep,161,scale_free,10,10,100,196,3.92,4,5,3,200000,0,80,1,36500,True
q_sweep,axelrod_q_sweep,162,scale_free,10,10,100,196,3.92,4,5,3,200000,0,80,1,36500,True
q_sweep,axelrod_q_sweep,163,scale_free,10,10,100,196,3.92,4,5,3,200000,0,83,1,21900,True
q_sweep,axelrod_q_sweep,164,scale_free,10,10,100,196,3.92,4,5,3,200000,0,81,1,19700,True
q_sweep,axelrod_q_sweep,165,scale_free,10,10,100,196,3.92,4,5,3,200000,0,82,1,17100,True
q_sweep,axelrod_q_sweep,166,scale_free,10,10,100,196,3.92,4,5,3,200000,0,75,1,31600,True
q_sweep,axelrod_q_sweep,167,scale_free,10,10,100,196,3.92,4,5,3,200000,0,85,1,21200,True
q_sweep,axelrod_q_sweep,168,scale_free,10,10,100,196,3.92,4,5,3,200000,0,85,1,26000,True
q_sweep,axelrod_q_sweep,169,scale_free,10,10,100,196,3.92,4,5,3,200000,0,82,1,25500,True
q_sweep,axelrod_q_sweep,170,scale_free,10,10,100,196,3.92,4,5,3,200000,0,82,1,13300,True
q_sweep,axelrod_q_sweep,171,scale_free,10,10,100,196,3.92,4,5,3,200000,0,78,1,9200,True
q_sweep,axelrod_q_sweep,172,scale_free,10,10,100,196,3.92,4,5,3,200000,0,85,1,34400,True
q_sweep,axelrod_q_sweep,173,scale_free,10,10,100,196,3.92,4,5,3,200000,0,75,1,24200,True
q_sweep,axelrod_q_sweep,174,scale_free,10,10,100,196,3.92,4,5,3,200000,0,84,1,16200,True
q_sweep,axelrod_q_sweep,175,scale_free,10,10,100,196,3.92,4,5,3,200000,0,85,1,18300,True
q_sweep,axelrod_q_sweep,176,scale_free,10,10,100,196,3.92,4,5,3,200000,0,78,1,24200,True
q_sweep,axelrod_q_sweep,177,scale_free,10,10,100,196,3.92,4,5,3,200000,0,85,1,18000,True
q_sweep,axelrod_q_sweep,178,scale_free,10,10,100,196,3.92,4,5,3,200000,0,84,1,25400,True
q_sweep,axelrod_q_sweep,179,scale_free,10,10,100,196,3.92,4,5,3,200000,0,82,1,23000,True
q_sweep,axelrod_q_sweep,180,scale_free,10,10,100,196,3.92,4,5,3,200000,0,80,1,23100,True
q_sweep,axelrod_q_sweep,181,scale_free,10,10,100,196,3.92,4,5,3,200000,0,81,1,31600,True
q_sweep,axelrod_q_sweep,182,scale_free,10,10,100,196,3.92,4,5,3,200000,0,78,1,28500,True
q_sweep,axelrod_q_sweep,183,scale_free,10,10,100,196,3.92,4,5,3,200000,0,78,1,23300,True
q_sweep,axelrod_q_sweep,184,scale_free,10,10,100,196,3.92,4,5,3,200000,0,82,1,25500,True
q_sweep,axelrod_q_sweep,185,scale_free,10,10,100,196,3.92,4,5,3,200000,0,77,1,21000,True
q_sweep,axelrod_q_sweep,186,scale_free,10,10,100,196,3.92,4,5,3,200000,0,80,1,26500,True
q_sweep,axelrod_q_sweep,187,scale_free,10,10,100,196,3.92,4,5,3,200000,0,81,1,16600,True
q_sweep,axelrod_q_sweep,188,scale_free,10,10,100,196,3.92,4,5,3,200000,0,86,1,11400,True
q_sweep,axelrod_q_sweep,189,scale_free,10,10,100,196,3.92,4,5,3,200000,0,79,1,19300,True
q_sweep,axelrod_q_sweep,190,scale_free,10,10,100,196,3.92,4,5,3,200000,0,78,1,25800,True
q_sweep,axelrod_q_sweep,191,scale_free,10,10,100,196,3.92,4,5,3,200000,0,83,1,31000,True
q_sweep,axelrod_q_sweep,192,scale_free,10,10,100,196,3.92,4,5,3,200000,0,85,1,22100,True
q_sweep,axelrod_q_sweep,193,scale_free,10,10,100,196,3.92,4,5,3,200000,0,83,1,30100,True
q_sweep,axelrod_q_sweep,194,scale_free,10,10,100,196,3.92,4,5,3,200000,0,80,1,17700,True
q_sweep,axelrod_q_sweep,195,scale_free,10,10,100,196,3.92,4,5,3,200000,0,76,1,24900,True
q_sweep,axelrod_q_sweep,196,scale_free,10,10,100,196,3.92,4,5,3,200000,0,82,1,37000,True
q_sweep,axelrod_q_sweep,197,scale_free,10,10,100,196,3.92,4,5,3,200000,0,80,1,33400,True
q_sweep,axelrod_q_sweep,198,scale_free,10,10,100,196,3.92,4,5,3,200000,0,83,1,20500,True
q_sweep,axelrod_q_sweep,199,scale_free,10,10,100,196,3.92,4,5,3,200000,0,81,2,12100,True
q_sweep,axelrod_q_sweep,0,scale_free,10,10,100,196,3.92,4,5,5,200000,0,99,1,24900,True
q_sweep,axelrod_q_sweep,1,scale_free,10,10,100,196,3.92,4,5,5,200000,0,99,2,29900,True
q_sweep,axelrod_q_sweep,2,scale_free,10,10,100,196,3.92,4,5,5,200000,0,99,1,29600,True
q_sweep,axelrod_q_sweep,3,scale_free,10,10,100,196,3.92,4,5,5,200000,0,99,1,29800,True
q_sweep,axelrod_q_sweep,4,scale_free,10,10,100,196,3.92,4,5,5,200000,0,100,1,33500,True
q_sweep,axelrod_q_sweep,5,scale_free,10,10,100,196,3.92,4,5,5,200000,0,100,1,22100,True
q_sweep,axelrod_q_sweep,6,scale_free,10,10,100,196,3.92,4,5,5,200000,0,100,2,21300,True
q_sweep,axelrod_q_sweep,7,scale_free,10,10,100,196,3.92,4,5,5,200000,0,98,2,36500,True
q_sweep,axelrod_q_sweep,8,scale_free,10,10,100,196,3.92,4,5,5,200000,0,99,2,36600,True
q_sweep,axelrod_q_sweep,9,scale_free,10,10,100,196,3.92,4,5,5,200000,0,100,1,17300,True
q_sweep,axelrod_q_sweep,10,scale_free,10,10,100,196,3.92,4,5,5,200000,0,100,1,23500,True
q_sweep,axelrod_q_sweep,11,scale_free,10,10,100,196,3.92,4,5,5,200000,0,99,1,34200,True
q_sweep,axelrod_q_sweep,12,scale_free,10,10,100,196,3.92,4,5,5,200000,0,98,2,20800,True
q_sweep,axelrod_q_sweep,13,scale_free,10,10,100,196,3.92,4,5,5,200000,0,96,2,43900,True
q_sweep,axelrod_q_sweep,14,scale_free,10,10,100,196,3.92,4,5,5,200000,0,100,1,30200,True
q_sweep,axelrod_q_sweep,15,scale_free,10,10,100,196,3.92,4,5,5,200000,0,99,2,28100,True
q_sweep,axelrod_q_sweep,16,scale_free,10,10,100,196,3.92,4,5,5,200000,0,100,1,40100,True
q_sweep,axelrod_q_sweep,17,scale_free,10,10,100,196,3.92,4,5,5,200000,0,99,1,25500,True
q_sweep,axelrod_q_sweep,18,scale_free,10,10,100,196,3.92,4,5,5,200000,0,100,1,23900,True
q_sweep,axelrod_q_sweep,19,scale_free,10,10,100,196,3.92,4,5,5,200000,0,99,1,26600,True
q_sweep,axelrod_q_sweep,20,scale_free,10,10,100,196,3.92,4,5,5,200000,0,100,1,25800,True
q_sweep,axelrod_q_sweep,21,scale_free,10,10,100,196,3.92,4,5,5,200000,0,97,1,22800,True
q_sweep,axelrod_q_sweep,22,scale_free,10,10,100,196,3.92,4,5,5,200000,0,98,1,23900,True
q_sweep,axelrod_q_sweep,23,scale_free,10,10,100,196,3.92,4,5,5,200000,0,98,2,24900,True
q_sweep,axelrod_q_sweep,24,scale_free,10,10,100,196,3.92,4,5,5,200000,0,100,1,45100,True
q_sweep,axelrod_q_sweep,25,scale_free,10,10,100,196,3.92,4,5,5,200000,0,99,2,24600,True
q_sweep,axelrod_q_sweep,26,scale_free,10,10,100,196,3.92,4,5,5,200000,0,100,1,39200,True
q_sweep,axelrod_q_sweep,27,scale_free,10,10,100,196,3.92,4,5,5,200000,0,99,1,34900,True
q_sweep,axelrod_q_sweep,28,scale_free,10,10,100,196,3.92,4,5,5,200000,0,100,2,16500,True
q_sweep,axelrod_q_sweep,29,scale_free,10,10,100,196,3.92,4,5,5,200000,0,97,1,30800,True
q_sweep,axelrod_q_sweep,30,scale_free,10,10,100,196,3.92,4,5,5,200000,0,100,1,29600,True
q_sweep,axelrod_q_sweep,31,scale_free,10,10,100,196,3.92,4,5,5,200000,0,100,2,33300,True
q_sweep,axelrod_q_sweep,32,scale_free,10,10,100,196,3.92,4,5,5,200000,0,96,1,34100,True
q_sweep,axelrod_q_sweep,33,scale_free,10,10,100,196,3.92,4,5,5,200000,0,100,1,25000,True
q_sweep,axelrod_q_sweep,34,scale_free,10,10,100,196,3.92,4,5,5,200000,0,98,2,27800,True
q_sweep,axelrod_q_sweep,35,scale_free,10,10,100,196,3.92,4,5,5,200000,0,100,1,22100,True
q_sweep,axelrod_q_sweep,36,scale_free,10,10,100,196,3.92,4,5,5,200000,0,99,1,37000,True
q_sweep,axelrod_q_sweep,37,scale_free,10,10,100,196,3.92,4,5,5,200000,0,100,1,23300,True
q_sweep,axelrod_q_sweep,38,scale_free,10,10,100,196,3.92,4,5,5,200000,0,100,1,15200,True
q_sweep,axelrod_q_sweep,39,scale_free,10,10,100,196,3.92,4,5,5,200000,0,98,1,24000,True
q_sweep,axelrod_q_sweep,40,scale_free,10,10,100,196,3.92,4,5,5,200000,0,98,2,18600,True
q_sweep,axelrod_q_sweep,41,scale_free,10,10,100,196,3.92,4,5,5,200000,0,97,1,36600,True
q_sweep,axelrod_q_sweep,42,scale_free,10,10,100,196,3.92,4,5,5,200000,0,99,1,15000,True
q_sweep,axelrod_q_sweep,43,scale_free,10,10,100,196,3.92,4,5,5,200000,0,99,1,26200,True
q_sweep,axelrod_q_sweep,44,scale_free,10,10,100,196,3.92,4,5,5,200000,0,100,1,26500,True
q_sweep,axelrod_q_sweep,45,scale_free,10,10,100,196,3.92,4,5,5,200000,0,95,1,36700,True
q_sweep,axelrod_q_sweep,46,scale_free,10,10,100,196,3.92,4,5,5,200000,0,98,1,22100,True
q_sweep,axelrod_q_sweep,47,scale_free,10,10,100,196,3.92,4,5,5,200000,0,98,1,26000,True
q_sweep,axelrod_q_sweep,48,scale_free,10,10,100,196,3.92,4,5,5,200000,0,98,1,23900,True
q_sweep,axelrod_q_sweep,49,scale_free,10,10,100,196,3.92,4,5,5,200000,0,100,1,27300,True
q_sweep,axelrod_q_sweep,50,scale_free,10,10,100,196,3.92,4,5,5,200000,0,99,1,24500,True
q_sweep,axelrod_q_sweep,51,scale_free,10,10,100,196,3.92,4,5,5,200000,0,99,1,33700,True
q_sweep,axelrod_q_sweep,52,scale_free,10,10,100,196,3.92,4,5,5,200000,0,100,1,35000,True
q_sweep,axelrod_q_sweep,53,scale_free,10,10,100,196,3.92,4,5,5,200000,0,96,2,19400,True
q_sweep,axelrod_q_sweep,54,scale_free,10,10,100,196,3.92,4,5,5,200000,0,98,1,31000,True
q_sweep,axelrod_q_sweep,55,scale_free,10,10,100,196,3.92,4,5,5,200000,0,98,1,24400,True
q_sweep,axelrod_q_sweep,56,scale_free,10,10,100,196,3.92,4,5,5,200000,0,100,1,29100,True
q_sweep,axelrod_q_sweep,57,scale_free,10,10,100,196,3.92,4,5,5,200000,0,98,1,29000,True
q_sweep,axelrod_q_sweep,58,scale_free,10,10,100,196,3.92,4,5,5,200000,0,98,1,29800,True
q_sweep,axelrod_q_sweep,59,scale_free,10,10,100,196,3.92,4,5,5,200000,0,99,1,32400,True
q_sweep,axelrod_q_sweep,60,scale_free,10,10,100,196,3.92,4,5,5,200000,0,99,1,34500,True
q_sweep,axelrod_q_sweep,61,scale_free,10,10,100,196,3.92,4,5,5,200000,0,99,1,26700,True
q_sweep,axelrod_q_sweep,62,scale_free,10,10,100,196,3.92,4,5,5,200000,0,100,1,18800,True
q_sweep,axelrod_q_sweep,63,scale_free,10,10,100,196,3.92,4,5,5,200000,0,99,1,35100,True
q_sweep,axelrod_q_sweep,64,scale_free,10,10,100,196,3.92,4,5,5,200000,0,99,1,21400,True
q_sweep,axelrod_q_sweep,65,scale_free,10,10,100,196,3.92,4,5,5,200000,0,98,1,43600,True
q_sweep,axelrod_q_sweep,66,scale_free,10,10,100,196,3.92,4,5,5,200000,0,97,1,30900,True
q_sweep,axelrod_q_sweep,67,scale_free,10,10,100,196,3.92,4,5,5,200000,0,99,1,21200,True
q_sweep,axelrod_q_sweep,68,scale_free,10,10,100,196,3.92,4,5,5,200000,0,98,1,33700,True
q_sweep,axelrod_q_sweep,69,scale_free,10,10,100,196,3.92,4,5,5,200000,0,97,1,23800,True
q_sweep,axelrod_q_sweep,70,scale_free,10,10,100,196,3.92,4,5,5,200000,0,100,1,19700,True
q_sweep,axelrod_q_sweep,71,scale_free,10,10,100,196,3.92,4,5,5,200000,0,99,1,33400,True
q_sweep,axelrod_q_sweep,72,scale_free,10,10,100,196,3.92,4,5,5,200000,0,100,1,25700,True
q_sweep,axelrod_q_sweep,73,scale_free,10,10,100,196,3.92,4,5,5,200000,0,99,1,38200,True
q_sweep,axelrod_q_sweep,74,scale_free,10,10,100,196,3.92,4,5,5,200000,0,99,1,36800,True
q_sweep,axelrod_q_sweep,75,scale_free,10,10,100,196,3.92,4,5,5,200000,0,99,1,38600,True
q_sweep,axelrod_q_sweep,76,scale_free,10,10,100,196,3.92,4,5,5,200000,0,98,1,62900,True
q_sweep,axelrod_q_sweep,77,scale_free,10,10,100,196,3.92,4,5,5,200000,0,97,1,20000,True
q_sweep,axelrod_q_sweep,78,scale_free,10,10,100,196,3.92,4,5,5,200000,0,98,1,30800,True
q_sweep,axelrod_q_sweep,79,scale_free,10,10,100,196,3.92,4,5,5,200000,0,99,1,29800,True
q_sweep,axelrod_q_sweep,80,scale_free,10,10,100,196,3.92,4,5,5,200000,0,100,1,39100,True
q_sweep,axelrod_q_sweep,81,scale_free,10,10,100,196,3.92,4,5,5,200000,0,99,1,20300,True
q_sweep,axelrod_q_sweep,82,scale_free,10,10,100,196,3.92,4,5,5,200000,0,99,1,28600,True
q_sweep,axelrod_q_sweep,83,scale_free,10,10,100,196,3.92,4,5,5,200000,0,98,1,37300,True
q_sweep,axelrod_q_sweep,84,scale_free,10,10,100,196,3.92,4,5,5,200000,0,99,1,32200,True
q_sweep,axelrod_q_sweep,85,scale_free,10,10,100,196,3.92,4,5,5,200000,0,99,1,29600,True
q_sweep,axelrod_q_sweep,86,scale_free,10,10,100,196,3.92,4,5,5,200000,0,99,1,22800,True
q_sweep,axelrod_q_sweep,87,scale_free,10,10,100,196,3.92,4,5,5,200000,0,100,1,43900,True
q_sweep,axelrod_q_sweep,88,scale_free,10,10,100,196,3.92,4,5,5,200000,0,98,1,34000,True
q_sweep,axelrod_q_sweep,89,scale_free,10,10,100,196,3.92,4,5,5,200000,0,96,1,28400,True
q_sweep,axelrod_q_sweep,90,scale_free,10,10,100,196,3.92,4,5,5,200000,0,98,1,18100,True
q_sweep,axelrod_q_sweep,91,scale_free,10,10,100,196,3.92,4,5,5,200000,0,98,1,52000,True
q_sweep,axelrod_q_sweep,92,scale_free,10,10,100,196,3.92,4,5,5,200000,0,98,1,34900,True
q_sweep,axelrod_q_sweep,93,scale_free,10,10,100,196,3.92,4,5,5,200000,0,97,1,33600,True
q_sweep,axelrod_q_sweep,94,scale_free,10,10,100,196,3.92,4,5,5,200000,0,100,1,23700,True
q_sweep,axelrod_q_sweep,95,scale_free,10,10,100,196,3.92,4,5,5,200000,0,100,1,35100,True
q_sweep,axelrod_q_sweep,96,scale_free,10,10,100,196,3.92,4,5,5,200000,0,98,1,28100,True
q_sweep,axelrod_q_sweep,97,scale_free,10,10,100,196,3.92,4,5,5,200000,0,99,1,22400,True
q_sweep,axelrod_q_sweep,98,scale_free,10,10,100,196,3.92,4,5,5,200000,0,99,1,35300,True
q_sweep,axelrod_q_sweep,99,scale_free,10,10,100,196,3.92,4,5,5,200000,0,99,1,26500,True
q_sweep,axelrod_q_sweep,100,scale_free,10,10,100,196,3.92,4,5,5,200000,0,96,1,29800,True
q_sweep,axelrod_q_sweep,101,scale_free,10,10,100,196,3.92,4,5,5,200000,0,98,1,22700,True
q_sweep,axelrod_q_sweep,102,scale_free,10,10,100,196,3.92,4,5,5,200000,0,97,1,43000,True
q_sweep,axelrod_q_sweep,103,scale_free,10,10,100,196,3.92,4,5,5,200000,0,99,1,26300,True
q_sweep,axelrod_q_sweep,104,scale_free,10,10,100,196,3.92,4,5,5,200000,0,98,1,25900,True
q_sweep,axelrod_q_sweep,105,scale_free,10,10,100,196,3.92,4,5,5,200000,0,96,2,20800,True
q_sweep,axelrod_q_sweep,106,scale_free,10,10,100,196,3.92,4,5,5,200000,0,100,1,27400,True
q_sweep,axelrod_q_sweep,107,scale_free,10,10,100,196,3.92,4,5,5,200000,0,96,1,24200,True
q_sweep,axelrod_q_sweep,108,scale_free,10,10,100,196,3.92,4,5,5,200000,0,98,1,35400,True
q_sweep,axelrod_q_sweep,109,scale_free,10,10,100,196,3.92,4,5,5,200000,0,99,1,31100,True
q_sweep,axelrod_q_sweep,110,scale_free,10,10,100,196,3.92,4,5,5,200000,0,97,1,32400,True
q_sweep,axelrod_q_sweep,111,scale_free,10,10,100,196,3.92,4,5,5,200000,0,98,1,24600,True
q_sweep,axelrod_q_sweep,112,scale_free,10,10,100,196,3.92,4,5,5,200000,0,96,1,32500,True
q_sweep,axelrod_q_sweep,113,scale_free,10,10,100,196,3.92,4,5,5,200000,0,99,1,35700,True
q_sweep,axelrod_q_sweep,114,scale_free,10,10,100,196,3.92,4,5,5,200000,0,97,1,37100,True
q_sweep,axelrod_q_sweep,115,scale_free,10,10,100,196,3.92,4,5,5,200000,0,99,1,37800,True
q_sweep,axelrod_q_sweep,116,scale_free,10,10,100,196,3.92,4,5,5,200000,0,99,1,33500,True
q_sweep,axelrod_q_sweep,117,scale_free,10,10,100,196,3.92,4,5,5,200000,0,99,1,23100,True
q_sweep,axelrod_q_sweep,118,scale_free,10,10,100,196,3.92,4,5,5,200000,0,99,1,19100,True
q_sweep,axelrod_q_sweep,119,scale_free,10,10,100,196,3.92,4,5,5,200000,0,96,3,20500,True
q_sweep,axelrod_q_sweep,120,scale_free,10,10,100,196,3.92,4,5,5,200000,0,99,1,14000,True
q_sweep,axelrod_q_sweep,121,scale_free,10,10,100,196,3.92,4,5,5,200000,0,99,1,33500,True
q_sweep,axelrod_q_sweep,122,scale_free,10,10,100,196,3.92,4,5,5,200000,0,99,1,40200,True
q_sweep,axelrod_q_sweep,123,scale_free,10,10,100,196,3.92,4,5,5,200000,0,98,1,24700,True
q_sweep,axelrod_q_sweep,124,scale_free,10,10,100,196,3.92,4,5,5,200000,0,99,1,20300,True
q_sweep,axelrod_q_sweep,125,scale_free,10,10,100,196,3.92,4,5,5,200000,0,99,1,29800,True
q_sweep,axelrod_q_sweep,126,scale_free,10,10,100,196,3.92,4,5,5,200000,0,95,1,28800,True
q_sweep,axelrod_q_sweep,127,scale_free,10,10,100,196,3.92,4,5,5,200000,0,98,1,38500,True
q_sweep,axelrod_q_sweep,128,scale_free,10,10,100,196,3.92,4,5,5,200000,0,100,1,20700,True
q_sweep,axelrod_q_sweep,129,scale_free,10,10,100,196,3.92,4,5,5,200000,0,100,1,43200,True
q_sweep,axelrod_q_sweep,130,scale_free,10,10,100,196,3.92,4,5,5,200000,0,97,1,38500,True
q_sweep,axelrod_q_sweep,131,scale_free,10,10,100,196,3.92,4,5,5,200000,0,97,1,36700,True
q_sweep,axelrod_q_sweep,132,scale_free,10,10,100,196,3.92,4,5,5,200000,0,98,2,21600,True
q_sweep,axelrod_q_sweep,133,scale_free,10,10,100,196,3.92,4,5,5,200000,0,96,1,25200,True
q_sweep,axelrod_q_sweep,134,scale_free,10,10,100,196,3.92,4,5,5,200000,0,97,1,32200,True
q_sweep,axelrod_q_sweep,135,scale_free,10,10,100,196,3.92,4,5,5,200000,0,96,3,28100,True
q_sweep,axelrod_q_sweep,136,scale_free,10,10,100,196,3.92,4,5,5,200000,0,99,1,21800,True
q_sweep,axelrod_q_sweep,137,scale_free,10,10,100,196,3.92,4,5,5,200000,0,99,1,25500,True
q_sweep,axelrod_q_sweep,138,scale_free,10,10,100,196,3.92,4,5,5,200000,0,99,1,29500,True
q_sweep,axelrod_q_sweep,139,scale_free,10,10,100,196,3.92,4,5,5,200000,0,97,1,29200,True
q_sweep,axelrod_q_sweep,140,scale_free,10,10,100,196,3.92,4,5,5,200000,0,96,1,25400,True
q_sweep,axelrod_q_sweep,141,scale_free,10,10,100,196,3.92,4,5,5,200000,0,99,1,23500,True
q_sweep,axelrod_q_sweep,142,scale_free,10,10,100,196,3.92,4,5,5,200000,0,99,1,28400,True
q_sweep,axelrod_q_sweep,143,scale_free,10,10,100,196,3.92,4,5,5,200000,0,98,1,27800,True
q_sweep,axelrod_q_sweep,144,scale_free,10,10,100,196,3.92,4,5,5,200000,0,98,1,35000,True
q_sweep,axelrod_q_sweep,145,scale_free,10,10,100,196,3.92,4,5,5,200000,0,100,1,25600,True
q_sweep,axelrod_q_sweep,146,scale_free,10,10,100,196,3.92,4,5,5,200000,0,98,1,27700,True
q_sweep,axelrod_q_sweep,147,scale_free,10,10,100,196,3.92,4,5,5,200000,0,100,1,23700,True
q_sweep,axelrod_q_sweep,148,scale_free,10,10,100,196,3.92,4,5,5,200000,0,98,1,20800,True
q_sweep,axelrod_q_sweep,149,scale_free,10,10,100,196,3.92,4,5,5,200000,0,98,1,19000,True
q_sweep,axelrod_q_sweep,150,scale_free,10,10,100,196,3.92,4,5,5,200000,0,99,1,28500,True
q_sweep,axelrod_q_sweep,151,scale_free,10,10,100,196,3.92,4,5,5,200000,0,98,2,33600,True
q_sweep,axelrod_q_sweep,152,scale_free,10,10,100,196,3.92,4,5,5,200000,0,97,1,23700,True
q_sweep,axelrod_q_sweep,153,scale_free,10,10,100,196,3.92,4,5,5,200000,0,97,1,22500,True
q_sweep,axelrod_q_sweep,154,scale_free,10,10,100,196,3.92,4,5,5,200000,0,98,1,34100,True
q_sweep,axelrod_q_sweep,155,scale_free,10,10,100,196,3.92,4,5,5,200000,0,99,2,28100,True
q_sweep,axelrod_q_sweep,156,scale_free,10,10,100,196,3.92,4,5,5,200000,0,98,1,20100,True
q_sweep,axelrod_q_sweep,157,scale_free,10,10,100,196,3.92,4,5,5,200000,0,98,1,35300,True
q_sweep,axelrod_q_sweep,158,scale_free,10,10,100,196,3.92,4,5,5,200000,0,100,1,28600,True
q_sweep,axelrod_q_sweep,159,scale_free,10,10,100,196,3.92,4,5,5,200000,0,100,1,27100,True
q_sweep,axelrod_q_sweep,160,scale_free,10,10,100,196,3.92,4,5,5,200000,0,99,1,28500,True
q_sweep,axelrod_q_sweep,161,scale_free,10,10,100,196,3.92,4,5,5,200000,0,99,1,28800,True
q_sweep,axelrod_q_sweep,162,scale_free,10,10,100,196,3.92,4,5,5,200000,0,97,1,32100,True
q_sweep,axelrod_q_sweep,163,scale_free,10,10,100,196,3.92,4,5,5,200000,0,98,1,28000,True
q_sweep,axelrod_q_sweep,164,scale_free,10,10,100,196,3.92,4,5,5,200000,0,98,1,20300,True
q_sweep,axelrod_q_sweep,165,scale_free,10,10,100,196,3.92,4,5,5,200000,0,98,1,25500,True
q_sweep,axelrod_q_sweep,166,scale_free,10,10,100,196,3.92,4,5,5,200000,0,98,1,41300,True
q_sweep,axelrod_q_sweep,167,scale_free,10,10,100,196,3.92,4,5,5,200000,0,100,1,30800,True
q_sweep,axelrod_q_sweep,168,scale_free,10,10,100,196,3.92,4,5,5,200000,0,96,1,26300,True
q_sweep,axelrod_q_sweep,169,scale_free,10,10,100,196,3.92,4,5,5,200000,0,100,1,36300,True
q_sweep,axelrod_q_sweep,170,scale_free,10,10,100,196,3.92,4,5,5,200000,0,100,1,23900,True
q_sweep,axelrod_q_sweep,171,scale_free,10,10,100,196,3.92,4,5,5,200000,0,97,1,47800,True
q_sweep,axelrod_q_sweep,172,scale_free,10,10,100,196,3.92,4,5,5,200000,0,98,1,32600,True
q_sweep,axelrod_q_sweep,173,scale_free,10,10,100,196,3.92,4,5,5,200000,0,98,1,22100,True
q_sweep,axelrod_q_sweep,174,scale_free,10,10,100,196,3.92,4,5,5,200000,0,99,2,22500,True
q_sweep,axelrod_q_sweep,175,scale_free,10,10,100,196,3.92,4,5,5,200000,0,99,1,42600,True
q_sweep,axelrod_q_sweep,176,scale_free,10,10,100,196,3.92,4,5,5,200000,0,98,1,20400,True
q_sweep,axelrod_q_sweep,177,scale_free,10,10,100,196,3.92,4,5,5,200000,0,98,1,41000,True
q_sweep,axelrod_q_sweep,178,scale_free,10,10,100,196,3.92,4,5,5,200000,0,99,1,25300,True
q_sweep,axelrod_q_sweep,179,scale_free,10,10,100,196,3.92,4,5,5,200000,0,97,1,20000,True
q_sweep,axelrod_q_sweep,180,scale_free,10,10,100,196,3.92,4,5,5,200000,0,97,1,30100,True
q_sweep,axelrod_q_sweep,181,scale_free,10,10,100,196,3.92,4,5,5,200000,0,100,1,27500,True
q_sweep,axelrod_q_sweep,182,scale_free,10,10,100,196,3.92,4,5,5,200000,0,100,1,23700,True
q_sweep,axelrod_q_sweep,183,scale_free,10,10,100,196,3.92,4,5,5,200000,0,99,1,27200,True
q_sweep,axelrod_q_sweep,184,scale_free,10,10,100,196,3.92,4,5,5,200000,0,98,2,27900,True
q_sweep,axelrod_q_sweep,185,scale_free,10,10,100,196,3.92,4,5,5,200000,0,98,1,35900,True
q_sweep,axelrod_q_sweep,186,scale_free,10,10,100,196,3.92,4,5,5,200000,0,97,1,28600,True
q_sweep,axelrod_q_sweep,187,scale_free,10,10,100,196,3.92,4,5,5,200000,0,99,1,32700,True
q_sweep,axelrod_q_sweep,188,scale_free,10,10,100,196,3.92,4,5,5,200000,0,98,1,21000,True
q_sweep,axelrod_q_sweep,189,scale_free,10,10,100,196,3.92,4,5,5,200000,0,99,1,27100,True
q_sweep,axelrod_q_sweep,190,scale_free,10,10,100,196,3.92,4,5,5,200000,0,100,1,56600,True
q_sweep,axelrod_q_sweep,191,scale_free,10,10,100,196,3.92,4,5,5,200000,0,98,1,27200,True
q_sweep,axelrod_q_sweep,192,scale_free,10,10,100,196,3.92,4,5,5,200000,0,99,2,25200,True
q_sweep,axelrod_q_sweep,193,scale_free,10,10,100,196,3.92,4,5,5,200000,0,96,1,38800,True
q_sweep,axelrod_q_sweep,194,scale_free,10,10,100,196,3.92,4,5,5,200000,0,98,1,25700,True
q_sweep,axelrod_q_sweep,195,scale_free,10,10,100,196,3.92,4,5,5,200000,0,99,1,25700,True
q_sweep,axelrod_q_sweep,196,scale_free,10,10,100,196,3.92,4,5,5,200000,0,99,1,37900,True
q_sweep,axelrod_q_sweep,197,scale_free,10,10,100,196,3.92,4,5,5,200000,0,99,1,29400,True
q_sweep,axelrod_q_sweep,198,scale_free,10,10,100,196,3.92,4,5,5,200000,0,99,1,22000,True
q_sweep,axelrod_q_sweep,199,scale_free,10,10,100,196,3.92,4,5,5,200000,0,98,1,20800,True
q_sweep,axelrod_q_sweep,0,scale_free,10,10,100,196,3.92,4,5,10,200000,0,100,7,31000,True
q_sweep,axelrod_q_sweep,1,scale_free,10,10,100,196,3.92,4,5,10,200000,0,100,3,36300,True
q_sweep,axelrod_q_sweep,2,scale_free,10,10,100,196,3.92,4,5,10,200000,0,100,5,24300,True
q_sweep,axelrod_q_sweep,3,scale_free,10,10,100,196,3.92,4,5,10,200000,0,100,3,42900,True
q_sweep,axelrod_q_sweep,4,scale_free,10,10,100,196,3.92,4,5,10,200000,0,100,5,39100,True
q_sweep,axelrod_q_sweep,5,scale_free,10,10,100,196,3.92,4,5,10,200000,0,100,2,34700,True
q_sweep,axelrod_q_sweep,6,scale_free,10,10,100,196,3.92,4,5,10,200000,0,100,3,57000,True
q_sweep,axelrod_q_sweep,7,scale_free,10,10,100,196,3.92,4,5,10,200000,0,99,5,40400,True
q_sweep,axelrod_q_sweep,8,scale_free,10,10,100,196,3.92,4,5,10,200000,0,100,2,43800,True
q_sweep,axelrod_q_sweep,9,scale_free,10,10,100,196,3.92,4,5,10,200000,0,100,1,42700,True
q_sweep,axelrod_q_sweep,10,scale_free,10,10,100,196,3.92,4,5,10,200000,0,100,6,29200,True
q_sweep,axelrod_q_sweep,11,scale_free,10,10,100,196,3.92,4,5,10,200000,0,100,3,28400,True
q_sweep,axelrod_q_sweep,12,scale_free,10,10,100,196,3.92,4,5,10,200000,0,100,2,36000,True
q_sweep,axelrod_q_sweep,13,scale_free,10,10,100,196,3.92,4,5,10,200000,0,100,2,32400,True
q_sweep,axelrod_q_sweep,14,scale_free,10,10,100,196,3.92,4,5,10,200000,0,100,4,44100,True
q_sweep,axelrod_q_sweep,15,scale_free,10,10,100,196,3.92,4,5,10,200000,0,100,11,34800,True
q_sweep,axelrod_q_sweep,16,scale_free,10,10,100,196,3.92,4,5,10,200000,0,100,2,40200,True
q_sweep,axelrod_q_sweep,17,scale_free,10,10,100,196,3.92,4,5,10,200000,0,99,3,32800,True
q_sweep,axelrod_q_sweep,18,scale_free,10,10,100,196,3.92,4,5,10,200000,0,100,3,34600,True
q_sweep,axelrod_q_sweep,19,scale_free,10,10,100,196,3.92,4,5,10,200000,0,100,2,53700,True
q_sweep,axelrod_q_sweep,20,scale_free,10,10,100,196,3.92,4,5,10,200000,0,100,2,28700,True
q_sweep,axelrod_q_sweep,21,scale_free,10,10,100,196,3.92,4,5,10,200000,0,100,5,37600,True
q_sweep,axelrod_q_sweep,22,scale_free,10,10,100,196,3.92,4,5,10,200000,0,100,4,31900,True
q_sweep,axelrod_q_sweep,23,scale_free,10,10,100,196,3.92,4,5,10,200000,0,100,3,36700,True
q_sweep,axelrod_q_sweep,24,scale_free,10,10,100,196,3.92,4,5,10,200000,0,100,3,36800,True
q_sweep,axelrod_q_sweep,25,scale_free,10,10,100,196,3.92,4,5,10,200000,0,100,5,25200,True
q_sweep,axelrod_q_sweep,26,scale_free,10,10,100,196,3.92,4,5,10,200000,0,100,3,28700,True
q_sweep,axelrod_q_sweep,27,scale_free,10,10,100,196,3.92,4,5,10,200000,0,100,8,34700,True
q_sweep,axelrod_q_sweep,28,scale_free,10,10,100,196,3.92,4,5,10,200000,0,100,5,29300,True
q_sweep,axelrod_q_sweep,29,scale_free,10,10,100,196,3.92,4,5,10,200000,0,100,5,24300,True
q_sweep,axelrod_q_sweep,30,scale_free,10,10,100,196,3.92,4,5,10,200000,0,100,5,39300,True
q_sweep,axelrod_q_sweep,31,scale_free,10,10,100,196,3.92,4,5,10,200000,0,100,1,43900,True
q_sweep,axelrod_q_sweep,32,scale_free,10,10,100,196,3.92,4,5,10,200000,0,100,4,58700,True
q_sweep,axelrod_q_sweep,33,scale_free,10,10,100,196,3.92,4,5,10,200000,0,100,4,67300,True
q_sweep,axelrod_q_sweep,34,scale_free,10,10,100,196,3.92,4,5,10,200000,0,100,4,46300,True
q_sweep,axelrod_q_sweep,35,scale_free,10,10,100,196,3.92,4,5,10,200000,0,100,10,39400,True
q_sweep,axelrod_q_sweep,36,scale_free,10,10,100,196,3.92,4,5,10,200000,0,100,4,39300,True
q_sweep,axelrod_q_sweep,37,scale_free,10,10,100,196,3.92,4,5,10,200000,0,100,3,29000,True
q_sweep,axelrod_q_sweep,38,scale_free,10,10,100,196,3.92,4,5,10,200000,0,100,6,34600,True
q_sweep,axelrod_q_sweep,39,scale_free,10,10,100,196,3.92,4,5,10,200000,0,100,5,27600,True
q_sweep,axelrod_q_sweep,40,scale_free,10,10,100,196,3.92,4,5,10,200000,0,100,6,21100,True
q_sweep,axelrod_q_sweep,41,scale_free,10,10,100,196,3.92,4,5,10,200000,0,100,1,37900,True
q_sweep,axelrod_q_sweep,42,scale_free,10,10,100,196,3.92,4,5,10,200000,0,100,9,29900,True
q_sweep,axelrod_q_sweep,43,scale_free,10,10,100,196,3.92,4,5,10,200000,0,100,7,48000,True
q_sweep,axelrod_q_sweep,44,scale_free,10,10,100,196,3.92,4,5,10,200000,0,100,7,34800,True
q_sweep,axelrod_q_sweep,45,scale_free,10,10,100,196,3.92,4,5,10,200000,0,100,5,33200,True
q_sweep,axelrod_q_sweep,46,scale_free,10,10,100,196,3.92,4,5,10,200000,0,100,1,29000,True
q_sweep,axelrod_q_sweep,47,scale_free,10,10,100,196,3.92,4,5,10,200000,0,100,1,61200,True
q_sweep,axelrod_q_sweep,48,scale_free,10,10,100,196,3.92,4,5,10,200000,0,100,2,30900,True
q_sweep,axelrod_q_sweep,49,scale_free,10,10,100,196,3.92,4,5,10,200000,0,100,10,20900,True
q_sweep,axelrod_q_sweep,50,scale_free,10,10,100,196,3.92,4,5,10,200000,0,100,5,44600,True
q_sweep,axelrod_q_sweep,51,scale_free,10,10,100,196,3.92,4,5,10,200000,0,100,7,37200,True
q_sweep,axelrod_q_sweep,52,scale_free,10,10,100,196,3.92,4,5,10,200000,0,100,8,37200,True
q_sweep,axelrod_q_sweep,53,scale_free,10,10,100,196,3.92,4,5,10,200000,0,100,8,25300,True
q_sweep,axelrod_q_sweep,54,scale_free,10,10,100,196,3.92,4,5,10,200000,0,100,5,26300,True
q_sweep,axelrod_q_sweep,55,scale_free,10,10,100,196,3.92,4,5,10,200000,0,100,3,35700,True
q_sweep,axelrod_q_sweep,56,scale_free,10,10,100,196,3.92,4,5,10,200000,0,100,7,26500,True
q_sweep,axelrod_q_sweep,57,scale_free,10,10,100,196,3.92,4,5,10,200000,0,100,2,41500,True
q_sweep,axelrod_q_sweep,58,scale_free,10,10,100,196,3.92,4,5,10,200000,0,100,3,28800,True
q_sweep,axelrod_q_sweep,59,scale_free,10,10,100,196,3.92,4,5,10,200000,0,100,6,37100,True
q_sweep,axelrod_q_sweep,60,scale_free,10,10,100,196,3.92,4,5,10,200000,0,100,3,33700,True
q_sweep,axelrod_q_sweep,61,scale_free,10,10,100,196,3.92,4,5,10,200000,0,100,6,29200,True
q_sweep,axelrod_q_sweep,62,scale_free,10,10,100,196,3.92,4,5,10,200000,0,100,8,31000,True
q_sweep,axelrod_q_sweep,63,scale_free,10,10,100,196,3.92,4,5,10,200000,0,100,1,41800,True
q_sweep,axelrod_q_sweep,64,scale_free,10,10,100,196,3.92,4,5,10,200000,0,100,4,33800,True
q_sweep,axelrod_q_sweep,65,scale_free,10,10,100,196,3.92,4,5,10,200000,0,100,3,50000,True
q_sweep,axelrod_q_sweep,66,scale_free,10,10,100,196,3.92,4,5,10,200000,0,100,1,40600,True
q_sweep,axelrod_q_sweep,67,scale_free,10,10,100,196,3.92,4,5,10,200000,0,100,7,23900,True
q_sweep,axelrod_q_sweep,68,scale_free,10,10,100,196,3.92,4,5,10,200000,0,100,2,27200,True
q_sweep,axelrod_q_sweep,69,scale_free,10,10,100,196,3.92,4,5,10,200000,0,100,7,35000,True
q_sweep,axelrod_q_sweep,70,scale_free,10,10,100,196,3.92,4,5,10,200000,0,100,1,35400,True
q_sweep,axelrod_q_sweep,71,scale_free,10,10,100,196,3.92,4,5,10,200000,0,100,3,30200,True
q_sweep,axelrod_q_sweep,72,scale_free,10,10,100,196,3.92,4,5,10,200000,0,100,2,45600,True
q_sweep,axelrod_q_sweep,73,scale_free,10,10,100,196,3.92,4,5,10,200000,0,100,2,36300,True
q_sweep,axelrod_q_sweep,74,scale_free,10,10,100,196,3.92,4,5,10,200000,0,100,9,44500,True
q_sweep,axelrod_q_sweep,75,scale_free,10,10,100,196,3.92,4,5,10,200000,0,100,4,40000,True
q_sweep,axelrod_q_sweep,76,scale_free,10,10,100,196,3.92,4,5,10,200000,0,100,2,31200,True
q_sweep,axelrod_q_sweep,77,scale_free,10,10,100,196,3.92,4,5,10,200000,0,100,4,27400,True
q_sweep,axelrod_q_sweep,78,scale_free,10,10,100,196,3.92,4,5,10,200000,0,100,4,36800,True
q_sweep,axelrod_q_sweep,79,scale_free,10,10,100,196,3.92,4,5,10,200000,0,100,2,44500,True
q_sweep,axelrod_q_sweep,80,scale_free,10,10,100,196,3.92,4,5,10,200000,0,100,3,39400,True
q_sweep,axelrod_q_sweep,81,scale_free,10,10,100,196,3.92,4,5,10,200000,0,100,2,27200,True
q_sweep,axelrod_q_sweep,82,scale_free,10,10,100,196,3.92,4,5,10,200000,0,100,1,51300,True
q_sweep,axelrod_q_sweep,83,scale_free,10,10,100,196,3.92,4,5,10,200000,0,100,6,25700,True
q_sweep,axelrod_q_sweep,84,scale_free,10,10,100,196,3.92,4,5,10,200000,0,100,4,38500,True
q_sweep,axelrod_q_sweep,85,scale_free,10,10,100,196,3.92,4,5,10,200000,0,100,3,52800,True
q_sweep,axelrod_q_sweep,86,scale_free,10,10,100,196,3.92,4,5,10,200000,0,100,6,35900,True
q_sweep,axelrod_q_sweep,87,scale_free,10,10,100,196,3.92,4,5,10,200000,0,100,3,41900,True
q_sweep,axelrod_q_sweep,88,scale_free,10,10,100,196,3.92,4,5,10,200000,0,100,4,32900,True
q_sweep,axelrod_q_sweep,89,scale_free,10,10,100,196,3.92,4,5,10,200000,0,100,1,46500,True
q_sweep,axelrod_q_sweep,90,scale_free,10,10,100,196,3.92,4,5,10,200000,0,100,2,40300,True
q_sweep,axelrod_q_sweep,91,scale_free,10,10,100,196,3.92,4,5,10,200000,0,100,2,29200,True
q_sweep,axelrod_q_sweep,92,scale_free,10,10,100,196,3.92,4,5,10,200000,0,100,6,44500,True
q_sweep,axelrod_q_sweep,93,scale_free,10,10,100,196,3.92,4,5,10,200000,0,100,5,28200,True
q_sweep,axelrod_q_sweep,94,scale_free,10,10,100,196,3.92,4,5,10,200000,0,100,2,44300,True
q_sweep,axelrod_q_sweep,95,scale_free,10,10,100,196,3.92,4,5,10,200000,0,100,4,28900,True
q_sweep,axelrod_q_sweep,96,scale_free,10,10,100,196,3.92,4,5,10,200000,0,100,7,38500,True
q_sweep,axelrod_q_sweep,97,scale_free,10,10,100,196,3.92,4,5,10,200000,0,100,3,40600,True
q_sweep,axelrod_q_sweep,98,scale_free,10,10,100,196,3.92,4,5,10,200000,0,100,5,22000,True
q_sweep,axelrod_q_sweep,99,scale_free,10,10,100,196,3.92,4,5,10,200000,0,100,4,32900,True
q_sweep,axelrod_q_sweep,100,scale_free,10,10,100,196,3.92,4,5,10,200000,0,99,3,32200,True
q_sweep,axelrod_q_sweep,101,scale_free,10,10,100,196,3.92,4,5,10,200000,0,100,3,45900,True
q_sweep,axelrod_q_sweep,102,scale_free,10,10,100,196,3.92,4,5,10,200000,0,100,6,24900,True
q_sweep,axelrod_q_sweep,103,scale_free,10,10,100,196,3.92,4,5,10,200000,0,100,12,31300,True
q_sweep,axelrod_q_sweep,104,scale_free,10,10,100,196,3.92,4,5,10,200000,0,100,5,39900,True
q_sweep,axelrod_q_sweep,105,scale_free,10,10,100,196,3.92,4,5,10,200000,0,100,4,38700,True
q_sweep,axelrod_q_sweep,106,scale_free,10,10,100,196,3.92,4,5,10,200000,0,100,3,55900,True
q_sweep,axelrod_q_sweep,107,scale_free,10,10,100,196,3.92,4,5,10,200000,0,100,4,32900,True
q_sweep,axelrod_q_sweep,108,scale_free,10,10,100,196,3.92,4,5,10,200000,0,100,2,43900,True
q_sweep,axelrod_q_sweep,109,scale_free,10,10,100,196,3.92,4,5,10,200000,0,100,7,32700,True
q_sweep,axelrod_q_sweep,110,scale_free,10,10,100,196,3.92,4,5,10,200000,0,100,3,39200,True
q_sweep,axelrod_q_sweep,111,scale_free,10,10,100,196,3.92,4,5,10,200000,0,100,4,28200,True
q_sweep,axelrod_q_sweep,112,scale_free,10,10,100,196,3.92,4,5,10,200000,0,100,1,35600,True
q_sweep,axelrod_q_sweep,113,scale_free,10,10,100,196,3.92,4,5,10,200000,0,100,4,39600,True
q_sweep,axelrod_q_sweep,114,scale_free,10,10,100,196,3.92,4,5,10,200000,0,100,3,36200,True
q_sweep,axelrod_q_sweep,115,scale_free,10,10,100,196,3.92,4,5,10,200000,0,100,5,28900,True
q_sweep,axelrod_q_sweep,116,scale_free,10,10,100,196,3.92,4,5,10,200000,0,99,5,33700,True
q_sweep,axelrod_q_sweep,117,scale_free,10,10,100,196,3.92,4,5,10,200000,0,100,7,32300,True
q_sweep,axelrod_q_sweep,118,scale_free,10,10,100,196,3.92,4,5,10,200000,0,100,10,29800,True
q_sweep,axelrod_q_sweep,119,scale_free,10,10,100,196,3.92,4,5,10,200000,0,100,2,32800,True
q_sweep,axelrod_q_sweep,120,scale_free,10,10,100,196,3.92,4,5,10,200000,0,100,2,43500,True
q_sweep,axelrod_q_sweep,121,scale_free,10,10,100,196,3.92,4,5,10,200000,0,100,1,41300,True
q_sweep,axelrod_q_sweep,122,scale_free,10,10,100,196,3.92,4,5,10,200000,0,100,4,36000,True
q_sweep,axelrod_q_sweep,123,scale_free,10,10,100,196,3.92,4,5,10,200000,0,100,2,30600,True
q_sweep,axelrod_q_sweep,124,scale_free,10,10,100,196,3.92,4,5,10,200000,0,100,11,28800,True
q_sweep,axelrod_q_sweep,125,scale_free,10,10,100,196,3.92,4,5,10,200000,0,100,2,28300,True
q_sweep,axelrod_q_sweep,126,scale_free,10,10,100,196,3.92,4,5,10,200000,0,100,8,32700,True
q_sweep,axelrod_q_sweep,127,scale_free,10,10,100,196,3.92,4,5,10,200000,0,100,6,36200,True
q_sweep,axelrod_q_sweep,128,scale_free,10,10,100,196,3.92,4,5,10,200000,0,100,2,43600,True
q_sweep,axelrod_q_sweep,129,scale_free,10,10,100,196,3.92,4,5,10,200000,0,100,6,22100,True
q_sweep,axelrod_q_sweep,130,scale_free,10,10,100,196,3.92,4,5,10,200000,0,100,1,41100,True
q_sweep,axelrod_q_sweep,131,scale_free,10,10,100,196,3.92,4,5,10,200000,0,100,4,34900,True
q_sweep,axelrod_q_sweep,132,scale_free,10,10,100,196,3.92,4,5,10,200000,0,100,7,35600,True
q_sweep,axelrod_q_sweep,133,scale_free,10,10,100,196,3.92,4,5,10,200000,0,100,1,50000,True
q_sweep,axelrod_q_sweep,134,scale_free,10,10,100,196,3.92,4,5,10,200000,0,100,4,39900,True
q_sweep,axelrod_q_sweep,135,scale_free,10,10,100,196,3.92,4,5,10,200000,0,100,6,47400,True
q_sweep,axelrod_q_sweep,136,scale_free,10,10,100,196,3.92,4,5,10,200000,0,100,6,30600,True
q_sweep,axelrod_q_sweep,137,scale_free,10,10,100,196,3.92,4,5,10,200000,0,100,8,28600,True
q_sweep,axelrod_q_sweep,138,scale_free,10,10,100,196,3.92,4,5,10,200000,0,100,1,21600,True
q_sweep,axelrod_q_sweep,139,scale_free,10,10,100,196,3.92,4,5,10,200000,0,100,5,30300,True
q_sweep,axelrod_q_sweep,140,scale_free,10,10,100,196,3.92,4,5,10,200000,0,100,3,29100,True
q_sweep,axelrod_q_sweep,141,scale_free,10,10,100,196,3.92,4,5,10,200000,0,100,5,37100,True
q_sweep,axelrod_q_sweep,142,scale_free,10,10,100,196,3.92,4,5,10,200000,0,100,2,35300,True
q_sweep,axelrod_q_sweep,143,scale_free,10,10,100,196,3.92,4,5,10,200000,0,100,7,27500,True
q_sweep,axelrod_q_sweep,144,scale_free,10,10,100,196,3.92,4,5,10,200000,0,100,3,62200,True
q_sweep,axelrod_q_sweep,145,scale_free,10,10,100,196,3.92,4,5,10,200000,0,100,2,38800,True
q_sweep,axelrod_q_sweep,146,scale_free,10,10,100,196,3.92,4,5,10,200000,0,100,1,36000,True
q_sweep,axelrod_q_sweep,147,scale_free,10,10,100,196,3.92,4,5,10,200000,0,100,2,46800,True
q_sweep,axelrod_q_sweep,148,scale_free,10,10,100,196,3.92,4,5,10,200000,0,100,2,32900,True
q_sweep,axelrod_q_sweep,149,scale_free,10,10,100,196,3.92,4,5,10,200000,0,100,3,31800,True
q_sweep,axelrod_q_sweep,150,scale_free,10,10,100,196,3.92,4,5,10,200000,0,100,7,36000,True
q_sweep,axelrod_q_sweep,151,scale_free,10,10,100,196,3.92,4,5,10,200000,0,100,1,65300,True
q_sweep,axelrod_q_sweep,152,scale_free,10,10,100,196,3.92,4,5,10,200000,0,100,3,39700,True
q_sweep,axelrod_q_sweep,153,scale_free,10,10,100,196,3.92,4,5,10,200000,0,100,4,35700,True
q_sweep,axelrod_q_sweep,154,scale_free,10,10,100,196,3.92,4,5,10,200000,0,100,5,43200,True
q_sweep,axelrod_q_sweep,155,scale_free,10,10,100,196,3.92,4,5,10,200000,0,100,2,55000,True
q_sweep,axelrod_q_sweep,156,scale_free,10,10,100,196,3.92,4,5,10,200000,0,100,1,46000,True
q_sweep,axelrod_q_sweep,157,scale_free,10,10,100,196,3.92,4,5,10,200000,0,100,6,36400,True
q_sweep,axelrod_q_sweep,158,scale_free,10,10,100,196,3.92,4,5,10,200000,0,100,2,41500,True
q_sweep,axelrod_q_sweep,159,scale_free,10,10,100,196,3.92,4,5,10,200000,0,100,6,29700,True
q_sweep,axelrod_q_sweep,160,scale_free,10,10,100,196,3.92,4,5,10,200000,0,100,4,30000,True
q_sweep,axelrod_q_sweep,161,scale_free,10,10,100,196,3.92,4,5,10,200000,0,100,2,37600,True
q_sweep,axelrod_q_sweep,162,scale_free,10,10,100,196,3.92,4,5,10,200000,0,100,1,29900,True
q_sweep,axelrod_q_sweep,163,scale_free,10,10,100,196,3.92,4,5,10,200000,0,100,5,40900,True
q_sweep,axelrod_q_sweep,164,scale_free,10,10,100,196,3.92,4,5,10,200000,0,100,5,29400,True
q_sweep,axelrod_q_sweep,165,scale_free,10,10,100,196,3.92,4,5,10,200000,0,100,4,35100,True
q_sweep,axelrod_q_sweep,166,scale_free,10,10,100,196,3.92,4,5,10,200000,0,100,10,30200,True
q_sweep,axelrod_q_sweep,167,scale_free,10,10,100,196,3.92,4,5,10,200000,0,100,4,30200,True
q_sweep,axelrod_q_sweep,168,scale_free,10,10,100,196,3.92,4,5,10,200000,0,99,10,32000,True
q_sweep,axelrod_q_sweep,169,scale_free,10,10,100,196,3.92,4,5,10,200000,0,100,5,27000,True
q_sweep,axelrod_q_sweep,170,scale_free,10,10,100,196,3.92,4,5,10,200000,0,100,2,28700,True
q_sweep,axelrod_q_sweep,171,scale_free,10,10,100,196,3.92,4,5,10,200000,0,100,1,30800,True
q_sweep,axelrod_q_sweep,172,scale_free,10,10,100,196,3.92,4,5,10,200000,0,100,1,43500,True
q_sweep,axelrod_q_sweep,173,scale_free,10,10,100,196,3.92,4,5,10,200000,0,100,2,38100,True
q_sweep,axelrod_q_sweep,174,scale_free,10,10,100,196,3.92,4,5,10,200000,0,100,1,40800,True
q_sweep,axelrod_q_sweep,175,scale_free,10,10,100,196,3.92,4,5,10,200000,0,100,9,38700,True
q_sweep,axelrod_q_sweep,176,scale_free,10,10,100,196,3.92,4,5,10,200000,0,100,3,31000,True
q_sweep,axelrod_q_sweep,177,scale_free,10,10,100,196,3.92,4,5,10,200000,0,100,3,27700,True
q_sweep,axelrod_q_sweep,178,scale_free,10,10,100,196,3.92,4,5,10,200000,0,100,4,36300,True
q_sweep,axelrod_q_sweep,179,scale_free,10,10,100,196,3.92,4,5,10,200000,0,100,4,30800,True
q_sweep,axelrod_q_sweep,180,scale_free,10,10,100,196,3.92,4,5,10,200000,0,100,4,28700,True
q_sweep,axelrod_q_sweep,181,scale_free,10,10,100,196,3.92,4,5,10,200000,0,100,1,49200,True
q_sweep,axelrod_q_sweep,182,scale_free,10,10,100,196,3.92,4,5,10,200000,0,100,4,48700,True
q_sweep,axelrod_q_sweep,183,scale_free,10,10,100,196,3.92,4,5,10,200000,0,100,7,27000,True
q_sweep,axelrod_q_sweep,184,scale_free,10,10,100,196,3.92,4,5,10,200000,0,100,12,50900,True
q_sweep,axelrod_q_sweep,185,scale_free,10,10,100,196,3.92,4,5,10,200000,0,100,4,37700,True
q_sweep,axelrod_q_sweep,186,scale_free,10,10,100,196,3.92,4,5,10,200000,0,100,2,38300,True
q_sweep,axelrod_q_sweep,187,scale_free,10,10,100,196,3.92,4,5,10,200000,0,100,2,34100,True
q_sweep,axelrod_q_sweep,188,scale_free,10,10,100,196,3.92,4,5,10,200000,0,99,8,22500,True
q_sweep,axelrod_q_sweep,189,scale_free,10,10,100,196,3.92,4,5,10,200000,0,100,1,23500,True
q_sweep,axelrod_q_sweep,190,scale_free,10,10,100,196,3.92,4,5,10,200000,0,100,3,33700,True
q_sweep,axelrod_q_sweep,191,scale_free,10,10,100,196,3.92,4,5,10,200000,0,100,6,20900,True
q_sweep,axelrod_q_sweep,192,scale_free,10,10,100,196,3.92,4,5,10,200000,0,100,3,37600,True
q_sweep,axelrod_q_sweep,193,scale_free,10,10,100,196,3.92,4,5,10,200000,0,100,4,46600,True
q_sweep,axelrod_q_sweep,194,scale_free,10,10,100,196,3.92,4,5,10,200000,0,100,5,34000,True
q_sweep,axelrod_q_sweep,195,scale_free,10,10,100,196,3.92,4,5,10,200000,0,100,1,28000,True
q_sweep,axelrod_q_sweep,196,scale_free,10,10,100,196,3.92,4,5,10,200000,0,100,8,34100,True
q_sweep,axelrod_q_sweep,197,scale_free,10,10,100,196,3.92,4,5,10,200000,0,100,6,32900,True
q_sweep,axelrod_q_sweep,198,scale_free,10,10,100,196,3.92,4,5,10,200000,0,100,5,31700,True
q_sweep,axelrod_q_sweep,199,scale_free,10,10,100,196,3.92,4,5,10,200000,0,100,4,38400,True
q_sweep,axelrod_q_sweep,0,scale_free,10,10,100,196,3.92,4,5,20,200000,0,100,38,23300,True
q_sweep,axelrod_q_sweep,1,scale_free,10,10,100,196,3.92,4,5,20,200000,0,100,31,36700,True
q_sweep,axelrod_q_sweep,2,scale_free,10,10,100,196,3.92,4,5,20,200000,0,100,20,49800,True
q_sweep,axelrod_q_sweep,3,scale_free,10,10,100,196,3.92,4,5,20,200000,0,100,24,29600,True
q_sweep,axelrod_q_sweep,4,scale_free,10,10,100,196,3.92,4,5,20,200000,0,100,22,43900,True
q_sweep,axelrod_q_sweep,5,scale_free,10,10,100,196,3.92,4,5,20,200000,0,100,15,44100,True
q_sweep,axelrod_q_sweep,6,scale_free,10,10,100,196,3.92,4,5,20,200000,0,100,40,42500,True
q_sweep,axelrod_q_sweep,7,scale_free,10,10,100,196,3.92,4,5,20,200000,0,100,35,51600,True
q_sweep,axelrod_q_sweep,8,scale_free,10,10,100,196,3.92,4,5,20,200000,0,100,39,50800,True
q_sweep,axelrod_q_sweep,9,scale_free,10,10,100,196,3.92,4,5,20,200000,0,100,34,34600,True
q_sweep,axelrod_q_sweep,10,scale_free,10,10,100,196,3.92,4,5,20,200000,0,100,46,37300,True
q_sweep,axelrod_q_sweep,11,scale_free,10,10,100,196,3.92,4,5,20,200000,0,100,25,37000,True
q_sweep,axelrod_q_sweep,12,scale_free,10,10,100,196,3.92,4,5,20,200000,0,100,47,34600,True
q_sweep,axelrod_q_sweep,13,scale_free,10,10,100,196,3.92,4,5,20,200000,0,100,14,47700,True
q_sweep,axelrod_q_sweep,14,scale_free,10,10,100,196,3.92,4,5,20,200000,0,100,33,35800,True
q_sweep,axelrod_q_sweep,15,scale_free,10,10,100,196,3.92,4,5,20,200000,0,100,32,31400,True
q_sweep,axelrod_q_sweep,16,scale_free,10,10,100,196,3.92,4,5,20,200000,0,100,22,32400,True
q_sweep,axelrod_q_sweep,17,scale_free,10,10,100,196,3.92,4,5,20,200000,0,100,24,47600,True
q_sweep,axelrod_q_sweep,18,scale_free,10,10,100,196,3.92,4,5,20,200000,0,100,24,37900,True
q_sweep,axelrod_q_sweep,19,scale_free,10,10,100,196,3.92,4,5,20,200000,0,100,20,69200,True
q_sweep,axelrod_q_sweep,20,scale_free,10,10,100,196,3.92,4,5,20,200000,0,100,21,62400,True
q_sweep,axelrod_q_sweep,21,scale_free,10,10,100,196,3.92,4,5,20,200000,0,100,10,50000,True
q_sweep,axelrod_q_sweep,22,scale_free,10,10,100,196,3.92,4,5,20,200000,0,100,48,37400,True
q_sweep,axelrod_q_sweep,23,scale_free,10,10,100,196,3.92,4,5,20,200000,0,100,14,50700,True
q_sweep,axelrod_q_sweep,24,scale_free,10,10,100,196,3.92,4,5,20,200000,0,100,22,53400,True
q_sweep,axelrod_q_sweep,25,scale_free,10,10,100,196,3.92,4,5,20,200000,0,100,40,44400,True
q_sweep,axelrod_q_sweep,26,scale_free,10,10,100,196,3.92,4,5,20,200000,0,100,43,16900,True
q_sweep,axelrod_q_sweep,27,scale_free,10,10,100,196,3.92,4,5,20,200000,0,100,22,45300,True
q_sweep,axelrod_q_sweep,28,scale_free,10,10,100,196,3.92,4,5,20,200000,0,100,36,39200,True
q_sweep,axelrod_q_sweep,29,scale_free,10,10,100,196,3.92,4,5,20,200000,0,100,35,59700,True
q_sweep,axelrod_q_sweep,30,scale_free,10,10,100,196,3.92,4,5,20,200000,0,100,49,23900,True
q_sweep,axelrod_q_sweep,31,scale_free,10,10,100,196,3.92,4,5,20,200000,0,100,20,48300,True
q_sweep,axelrod_q_sweep,32,scale_free,10,10,100,196,3.92,4,5,20,200000,0,100,42,15900,True
q_sweep,axelrod_q_sweep,33,scale_free,10,10,100,196,3.92,4,5,20,200000,0,100,30,40200,True
q_sweep,axelrod_q_sweep,34,scale_free,10,10,100,196,3.92,4,5,20,200000,0,100,35,31400,True
q_sweep,axelrod_q_sweep,35,scale_free,10,10,100,196,3.92,4,5,20,200000,0,100,22,42000,True
q_sweep,axelrod_q_sweep,36,scale_free,10,10,100,196,3.92,4,5,20,200000,0,100,45,23000,True
q_sweep,axelrod_q_sweep,37,scale_free,10,10,100,196,3.92,4,5,20,200000,0,100,24,40300,True
q_sweep,axelrod_q_sweep,38,scale_free,10,10,100,196,3.92,4,5,20,200000,0,100,39,21400,True
q_sweep,axelrod_q_sweep,39,scale_free,10,10,100,196,3.92,4,5,20,200000,0,100,35,25900,True
q_sweep,axelrod_q_sweep,40,scale_free,10,10,100,196,3.92,4,5,20,200000,0,100,22,29200,True
q_sweep,axelrod_q_sweep,41,scale_free,10,10,100,196,3.92,4,5,20,200000,0,100,13,49000,True
q_sweep,axelrod_q_sweep,42,scale_free,10,10,100,196,3.92,4,5,20,200000,0,100,27,26000,True
q_sweep,axelrod_q_sweep,43,scale_free,10,10,100,196,3.92,4,5,20,200000,0,100,23,40400,True
q_sweep,axelrod_q_sweep,44,scale_free,10,10,100,196,3.92,4,5,20,200000,0,100,31,36500,True
q_sweep,axelrod_q_sweep,45,scale_free,10,10,100,196,3.92,4,5,20,200000,0,100,21,37400,True
q_sweep,axelrod_q_sweep,46,scale_free,10,10,100,196,3.92,4,5,20,200000,0,100,22,22600,True
q_sweep,axelrod_q_sweep,47,scale_free,10,10,100,196,3.92,4,5,20,200000,0,100,31,28800,True
q_sweep,axelrod_q_sweep,48,scale_free,10,10,100,196,3.92,4,5,20,200000,0,100,32,42300,True
q_sweep,axelrod_q_sweep,49,scale_free,10,10,100,196,3.92,4,5,20,200000,0,100,32,37900,True
q_sweep,axelrod_q_sweep,50,scale_free,10,10,100,196,3.92,4,5,20,200000,0,100,21,46700,True
q_sweep,axelrod_q_sweep,51,scale_free,10,10,100,196,3.92,4,5,20,200000,0,100,28,36300,True
q_sweep,axelrod_q_sweep,52,scale_free,10,10,100,196,3.92,4,5,20,200000,0,100,49,35000,True
q_sweep,axelrod_q_sweep,53,scale_free,10,10,100,196,3.92,4,5,20,200000,0,100,33,28500,True
q_sweep,axelrod_q_sweep,54,scale_free,10,10,100,196,3.92,4,5,20,200000,0,100,25,45200,True
q_sweep,axelrod_q_sweep,55,scale_free,10,10,100,196,3.92,4,5,20,200000,0,100,37,38600,True
q_sweep,axelrod_q_sweep,56,scale_free,10,10,100,196,3.92,4,5,20,200000,0,100,23,44000,True
q_sweep,axelrod_q_sweep,57,scale_free,10,10,100,196,3.92,4,5,20,200000,0,100,22,38800,True
q_sweep,axelrod_q_sweep,58,scale_free,10,10,100,196,3.92,4,5,20,200000,0,100,22,31700,True
q_sweep,axelrod_q_sweep,59,scale_free,10,10,100,196,3.92,4,5,20,200000,0,100,23,33500,True
q_sweep,axelrod_q_sweep,60,scale_free,10,10,100,196,3.92,4,5,20,200000,0,100,31,25600,True
q_sweep,axelrod_q_sweep,61,scale_free,10,10,100,196,3.92,4,5,20,200000,0,100,26,45900,True
q_sweep,axelrod_q_sweep,62,scale_free,10,10,100,196,3.92,4,5,20,200000,0,100,27,88400,True
q_sweep,axelrod_q_sweep,63,scale_free,10,10,100,196,3.92,4,5,20,200000,0,100,47,22300,True
q_sweep,axelrod_q_sweep,64,scale_free,10,10,100,196,3.92,4,5,20,200000,0,100,46,35200,True
q_sweep,axelrod_q_sweep,65,scale_free,10,10,100,196,3.92,4,5,20,200000,0,100,30,39500,True
q_sweep,axelrod_q_sweep,66,scale_free,10,10,100,196,3.92,4,5,20,200000,0,100,28,38300,True
q_sweep,axelrod_q_sweep,67,scale_free,10,10,100,196,3.92,4,5,20,200000,0,100,44,25800,True
q_sweep,axelrod_q_sweep,68,scale_free,10,10,100,196,3.92,4,5,20,200000,0,100,36,38900,True
q_sweep,axelrod_q_sweep,69,scale_free,10,10,100,196,3.92,4,5,20,200000,0,100,40,21600,True
q_sweep,axelrod_q_sweep,70,scale_free,10,10,100,196,3.92,4,5,20,200000,0,100,33,47000,True
q_sweep,axelrod_q_sweep,71,scale_free,10,10,100,196,3.92,4,5,20,200000,0,100,25,34200,True
q_sweep,axelrod_q_sweep,72,scale_free,10,10,100,196,3.92,4,5,20,200000,0,100,38,63000,True
q_sweep,axelrod_q_sweep,73,scale_free,10,10,100,196,3.92,4,5,20,200000,0,100,26,32900,True
q_sweep,axelrod_q_sweep,74,scale_free,10,10,100,196,3.92,4,5,20,200000,0,100,23,43900,True
q_sweep,axelrod_q_sweep,75,scale_free,10,10,100,196,3.92,4,5,20,200000,0,100,46,24100,True
q_sweep,axelrod_q_sweep,76,scale_free,10,10,100,196,3.92,4,5,20,200000,0,100,25,56400,True
q_sweep,axelrod_q_sweep,77,scale_free,10,10,100,196,3.92,4,5,20,200000,0,100,25,46100,True
q_sweep,axelrod_q_sweep,78,scale_free,10,10,100,196,3.92,4,5,20,200000,0,100,43,59900,True
q_sweep,axelrod_q_sweep,79,scale_free,10,10,100,196,3.92,4,5,20,200000,0,100,30,37800,True
q_sweep,axelrod_q_sweep,80,scale_free,10,10,100,196,3.92,4,5,20,200000,0,100,45,33200,True
q_sweep,axelrod_q_sweep,81,scale_free,10,10,100,196,3.92,4,5,20,200000,0,100,29,91000,True
q_sweep,axelrod_q_sweep,82,scale_free,10,10,100,196,3.92,4,5,20,200000,0,100,38,38200,True
q_sweep,axelrod_q_sweep,83,scale_free,10,10,100,196,3.92,4,5,20,200000,0,100,33,30600,True
q_sweep,axelrod_q_sweep,84,scale_free,10,10,100,196,3.92,4,5,20,200000,0,100,27,51000,True
q_sweep,axelrod_q_sweep,85,scale_free,10,10,100,196,3.92,4,5,20,200000,0,100,41,26800,True
q_sweep,axelrod_q_sweep,86,scale_free,10,10,100,196,3.92,4,5,20,200000,0,100,30,39700,True
q_sweep,axelrod_q_sweep,87,scale_free,10,10,100,196,3.92,4,5,20,200000,0,100,40,40100,True
q_sweep,axelrod_q_sweep,88,scale_free,10,10,100,196,3.92,4,5,20,200000,0,100,17,35700,True
q_sweep,axelrod_q_sweep,89,scale_free,10,10,100,196,3.92,4,5,20,200000,0,100,39,23700,True
q_sweep,axelrod_q_sweep,90,scale_free,10,10,100,196,3.92,4,5,20,200000,0,100,20,51700,True
q_sweep,axelrod_q_sweep,91,scale_free,10,10,100,196,3.92,4,5,20,200000,0,100,30,41900,True
q_sweep,axelrod_q_sweep,92,scale_free,10,10,100,196,3.92,4,5,20,200000,0,100,33,38900,True
q_sweep,axelrod_q_sweep,93,scale_free,10,10,100,196,3.92,4,5,20,200000,0,100,38,31400,True
q_sweep,axelrod_q_sweep,94,scale_free,10,10,100,196,3.92,4,5,20,200000,0,100,29,33400,True
q_sweep,axelrod_q_sweep,95,scale_free,10,10,100,196,3.92,4,5,20,200000,0,100,45,36400,True
q_sweep,axelrod_q_sweep,96,scale_free,10,10,100,196,3.92,4,5,20,200000,0,100,44,49800,True
q_sweep,axelrod_q_sweep,97,scale_free,10,10,100,196,3.92,4,5,20,200000,0,100,40,19200,True
q_sweep,axelrod_q_sweep,98,scale_free,10,10,100,196,3.92,4,5,20,200000,0,100,35,47200,True
q_sweep,axelrod_q_sweep,99,scale_free,10,10,100,196,3.92,4,5,20,200000,0,100,26,41700,True
q_sweep,axelrod_q_sweep,100,scale_free,10,10,100,196,3.92,4,5,20,200000,0,100,32,56300,True
q_sweep,axelrod_q_sweep,101,scale_free,10,10,100,196,3.92,4,5,20,200000,0,100,16,50600,True
q_sweep,axelrod_q_sweep,102,scale_free,10,10,100,196,3.92,4,5,20,200000,0,100,17,87700,True
q_sweep,axelrod_q_sweep,103,scale_free,10,10,100,196,3.92,4,5,20,200000,0,100,46,14900,True
q_sweep,axelrod_q_sweep,104,scale_free,10,10,100,196,3.92,4,5,20,200000,0,100,43,29600,True
q_sweep,axelrod_q_sweep,105,scale_free,10,10,100,196,3.92,4,5,20,200000,0,100,29,45900,True
q_sweep,axelrod_q_sweep,106,scale_free,10,10,100,196,3.92,4,5,20,200000,0,100,20,39100,True
q_sweep,axelrod_q_sweep,107,scale_free,10,10,100,196,3.92,4,5,20,200000,0,100,27,63300,True
q_sweep,axelrod_q_sweep,108,scale_free,10,10,100,196,3.92,4,5,20,200000,0,100,31,78900,True
q_sweep,axelrod_q_sweep,109,scale_free,10,10,100,196,3.92,4,5,20,200000,0,100,32,28200,True
q_sweep,axelrod_q_sweep,110,scale_free,10,10,100,196,3.92,4,5,20,200000,0,100,29,32000,True
q_sweep,axelrod_q_sweep,111,scale_free,10,10,100,196,3.92,4,5,20,200000,0,100,27,42300,True
q_sweep,axelrod_q_sweep,112,scale_free,10,10,100,196,3.92,4,5,20,200000,0,100,21,80600,True
q_sweep,axelrod_q_sweep,113,scale_free,10,10,100,196,3.92,4,5,20,200000,0,100,12,44200,True
q_sweep,axelrod_q_sweep,114,scale_free,10,10,100,196,3.92,4,5,20,200000,0,100,29,53300,True
q_sweep,axelrod_q_sweep,115,scale_free,10,10,100,196,3.92,4,5,20,200000,0,100,22,33200,True
q_sweep,axelrod_q_sweep,116,scale_free,10,10,100,196,3.92,4,5,20,200000,0,99,26,108700,True
q_sweep,axelrod_q_sweep,117,scale_free,10,10,100,196,3.92,4,5,20,200000,0,100,23,36900,True
q_sweep,axelrod_q_sweep,118,scale_free,10,10,100,196,3.92,4,5,20,200000,0,100,57,12900,True
q_sweep,axelrod_q_sweep,119,scale_free,10,10,100,196,3.92,4,5,20,200000,0,100,25,41300,True
q_sweep,axelrod_q_sweep,120,scale_free,10,10,100,196,3.92,4,5,20,200000,0,100,40,24700,True
q_sweep,axelrod_q_sweep,121,scale_free,10,10,100,196,3.92,4,5,20,200000,0,100,39,40800,True
q_sweep,axelrod_q_sweep,122,scale_free,10,10,100,196,3.92,4,5,20,200000,0,100,30,35800,True
q_sweep,axelrod_q_sweep,123,scale_free,10,10,100,196,3.92,4,5,20,200000,0,100,35,40800,True
q_sweep,axelrod_q_sweep,124,scale_free,10,10,100,196,3.92,4,5,20,200000,0,100,41,40600,True
q_sweep,axelrod_q_sweep,125,scale_free,10,10,100,196,3.92,4,5,20,200000,0,100,22,45000,True
q_sweep,axelrod_q_sweep,126,scale_free,10,10,100,196,3.92,4,5,20,200000,0,100,34,33800,True
q_sweep,axelrod_q_sweep,127,scale_free,10,10,100,196,3.92,4,5,20,200000,0,100,32,47100,True
q_sweep,axelrod_q_sweep,128,scale_free,10,10,100,196,3.92,4,5,20,200000,0,100,29,42200,True
q_sweep,axelrod_q_sweep,129,scale_free,10,10,100,196,3.92,4,5,20,200000,0,100,33,34200,True
q_sweep,axelrod_q_sweep,130,scale_free,10,10,100,196,3.92,4,5,20,200000,0,100,22,39800,True
q_sweep,axelrod_q_sweep,131,scale_free,10,10,100,196,3.92,4,5,20,200000,0,100,25,32700,True
q_sweep,axelrod_q_sweep,132,scale_free,10,10,100,196,3.92,4,5,20,200000,0,100,43,23200,True
q_sweep,axelrod_q_sweep,133,scale_free,10,10,100,196,3.92,4,5,20,200000,0,100,30,37700,True
q_sweep,axelrod_q_sweep,134,scale_free,10,10,100,196,3.92,4,5,20,200000,0,100,28,32000,True
q_sweep,axelrod_q_sweep,135,scale_free,10,10,100,196,3.92,4,5,20,200000,0,100,28,47200,True
q_sweep,axelrod_q_sweep,136,scale_free,10,10,100,196,3.92,4,5,20,200000,0,100,30,23700,True
q_sweep,axelrod_q_sweep,137,scale_free,10,10,100,196,3.92,4,5,20,200000,0,100,35,27300,True
q_sweep,axelrod_q_sweep,138,scale_free,10,10,100,196,3.92,4,5,20,200000,0,100,26,27500,True
q_sweep,axelrod_q_sweep,139,scale_free,10,10,100,196,3.92,4,5,20,200000,0,100,37,47800,True
q_sweep,axelrod_q_sweep,140,scale_free,10,10,100,196,3.92,4,5,20,200000,0,100,38,46700,True
q_sweep,axelrod_q_sweep,141,scale_free,10,10,100,196,3.92,4,5,20,200000,0,100,21,44700,True
q_sweep,axelrod_q_sweep,142,scale_free,10,10,100,196,3.92,4,5,20,200000,0,100,27,27100,True
q_sweep,axelrod_q_sweep,143,scale_free,10,10,100,196,3.92,4,5,20,200000,0,100,19,51000,True
q_sweep,axelrod_q_sweep,144,scale_free,10,10,100,196,3.92,4,5,20,200000,0,100,23,42100,True
q_sweep,axelrod_q_sweep,145,scale_free,10,10,100,196,3.92,4,5,20,200000,0,100,39,38800,True
q_sweep,axelrod_q_sweep,146,scale_free,10,10,100,196,3.92,4,5,20,200000,0,100,34,19600,True
q_sweep,axelrod_q_sweep,147,scale_free,10,10,100,196,3.92,4,5,20,200000,0,100,18,63600,True
q_sweep,axelrod_q_sweep,148,scale_free,10,10,100,196,3.92,4,5,20,200000,0,100,48,42600,True
q_sweep,axelrod_q_sweep,149,scale_free,10,10,100,196,3.92,4,5,20,200000,0,100,46,21900,True
q_sweep,axelrod_q_sweep,150,scale_free,10,10,100,196,3.92,4,5,20,200000,0,100,25,37900,True
q_sweep,axelrod_q_sweep,151,scale_free,10,10,100,196,3.92,4,5,20,200000,0,100,18,38600,True
q_sweep,axelrod_q_sweep,152,scale_free,10,10,100,196,3.92,4,5,20,200000,0,100,24,64600,True
q_sweep,axelrod_q_sweep,153,scale_free,10,10,100,196,3.92,4,5,20,200000,0,100,35,28500,True
q_sweep,axelrod_q_sweep,154,scale_free,10,10,100,196,3.92,4,5,20,200000,0,100,38,64000,True
q_sweep,axelrod_q_sweep,155,scale_free,10,10,100,196,3.92,4,5,20,200000,0,100,13,61900,True
q_sweep,axelrod_q_sweep,156,scale_free,10,10,100,196,3.92,4,5,20,200000,0,100,32,46800,True
q_sweep,axelrod_q_sweep,157,scale_free,10,10,100,196,3.92,4,5,20,200000,0,100,31,51100,True
q_sweep,axelrod_q_sweep,158,scale_free,10,10,100,196,3.92,4,5,20,200000,0,100,15,57900,True
q_sweep,axelrod_q_sweep,159,scale_free,10,10,100,196,3.92,4,5,20,200000,0,100,42,39900,True
q_sweep,axelrod_q_sweep,160,scale_free,10,10,100,196,3.92,4,5,20,200000,0,100,25,41600,True
q_sweep,axelrod_q_sweep,161,scale_free,10,10,100,196,3.92,4,5,20,200000,0,100,18,47100,True
q_sweep,axelrod_q_sweep,162,scale_free,10,10,100,196,3.92,4,5,20,200000,0,100,35,32400,True
q_sweep,axelrod_q_sweep,163,scale_free,10,10,100,196,3.92,4,5,20,200000,0,100,23,43700,True
q_sweep,axelrod_q_sweep,164,scale_free,10,10,100,196,3.92,4,5,20,200000,0,100,40,30500,True
q_sweep,axelrod_q_sweep,165,scale_free,10,10,100,196,3.92,4,5,20,200000,0,100,41,28300,True
q_sweep,axelrod_q_sweep,166,scale_free,10,10,100,196,3.92,4,5,20,200000,0,100,32,25000,True
q_sweep,axelrod_q_sweep,167,scale_free,10,10,100,196,3.92,4,5,20,200000,0,100,21,42400,True
q_sweep,axelrod_q_sweep,168,scale_free,10,10,100,196,3.92,4,5,20,200000,0,100,36,34100,True
q_sweep,axelrod_q_sweep,169,scale_free,10,10,100,196,3.92,4,5,20,200000,0,100,40,47600,True
q_sweep,axelrod_q_sweep,170,scale_free,10,10,100,196,3.92,4,5,20,200000,0,100,37,48800,True
q_sweep,axelrod_q_sweep,171,scale_free,10,10,100,196,3.92,4,5,20,200000,0,100,22,41400,True
q_sweep,axelrod_q_sweep,172,scale_free,10,10,100,196,3.92,4,5,20,200000,0,100,26,53000,True
q_sweep,axelrod_q_sweep,173,scale_free,10,10,100,196,3.92,4,5,20,200000,0,100,33,33600,True
q_sweep,axelrod_q_sweep,174,scale_free,10,10,100,196,3.92,4,5,20,200000,0,100,19,47100,True
q_sweep,axelrod_q_sweep,175,scale_free,10,10,100,196,3.92,4,5,20,200000,0,100,27,38100,True
q_sweep,axelrod_q_sweep,176,scale_free,10,10,100,196,3.92,4,5,20,200000,0,100,29,33700,True
q_sweep,axelrod_q_sweep,177,scale_free,10,10,100,196,3.92,4,5,20,200000,0,100,30,29300,True
q_sweep,axelrod_q_sweep,178,scale_free,10,10,100,196,3.92,4,5,20,200000,0,100,31,41300,True
q_sweep,axelrod_q_sweep,179,scale_free,10,10,100,196,3.92,4,5,20,200000,0,100,33,29300,True
q_sweep,axelrod_q_sweep,180,scale_free,10,10,100,196,3.92,4,5,20,200000,0,100,34,18300,True
q_sweep,axelrod_q_sweep,181,scale_free,10,10,100,196,3.92,4,5,20,200000,0,100,36,61800,True
q_sweep,axelrod_q_sweep,182,scale_free,10,10,100,196,3.92,4,5,20,200000,0,100,15,64800,True
q_sweep,axelrod_q_sweep,183,scale_free,10,10,100,196,3.92,4,5,20,200000,0,100,41,31200,True
q_sweep,axelrod_q_sweep,184,scale_free,10,10,100,196,3.92,4,5,20,200000,0,100,24,54400,True
q_sweep,axelrod_q_sweep,185,scale_free,10,10,100,196,3.92,4,5,20,200000,0,100,40,27400,True
q_sweep,axelrod_q_sweep,186,scale_free,10,10,100,196,3.92,4,5,20,200000,0,100,22,34300,True
q_sweep,axelrod_q_sweep,187,scale_free,10,10,100,196,3.92,4,5,20,200000,0,100,30,56200,True
q_sweep,axelrod_q_sweep,188,scale_free,10,10,100,196,3.92,4,5,20,200000,0,100,60,24400,True
q_sweep,axelrod_q_sweep,189,scale_free,10,10,100,196,3.92,4,5,20,200000,0,100,30,27300,True
q_sweep,axelrod_q_sweep,190,scale_free,10,10,100,196,3.92,4,5,20,200000,0,100,46,28500,True
q_sweep,axelrod_q_sweep,191,scale_free,10,10,100,196,3.92,4,5,20,200000,0,100,34,32800,True
q_sweep,axelrod_q_sweep,192,scale_free,10,10,100,196,3.92,4,5,20,200000,0,100,36,42500,True
q_sweep,axelrod_q_sweep,193,scale_free,10,10,100,196,3.92,4,5,20,200000,0,100,19,41500,True
q_sweep,axelrod_q_sweep,194,scale_free,10,10,100,196,3.92,4,5,20,200000,0,100,24,67200,True
q_sweep,axelrod_q_sweep,195,scale_free,10,10,100,196,3.92,4,5,20,200000,0,100,40,35300,True
q_sweep,axelrod_q_sweep,196,scale_free,10,10,100,196,3.92,4,5,20,200000,0,100,40,23400,True
q_sweep,axelrod_q_sweep,197,scale_free,10,10,100,196,3.92,4,5,20,200000,0,100,36,35200,True
q_sweep,axelrod_q_sweep,198,scale_free,10,10,100,196,3.92,4,5,20,200000,0,100,42,36800,True
q_sweep,axelrod_q_sweep,199,scale_free,10,10,100,196,3.92,4,5,20,200000,0,100,12,40000,True
q_sweep,axelrod_q_sweep,0,complete,10,10,100,4950,99.0,4,5,3,200000,0,82,1,53500,True
q_sweep,axelrod_q_sweep,1,complete,10,10,100,4950,99.0,4,5,3,200000,0,78,1,50600,True
q_sweep,axelrod_q_sweep,2,complete,10,10,100,4950,99.0,4,5,3,200000,0,81,1,30300,True
q_sweep,axelrod_q_sweep,3,complete,10,10,100,4950,99.0,4,5,3,200000,0,80,1,36000,True
q_sweep,axelrod_q_sweep,4,complete,10,10,100,4950,99.0,4,5,3,200000,0,81,1,25300,True
q_sweep,axelrod_q_sweep,5,complete,10,10,100,4950,99.0,4,5,3,200000,0,83,1,29600,True
q_sweep,axelrod_q_sweep,6,complete,10,10,100,4950,99.0,4,5,3,200000,0,77,1,29800,True
q_sweep,axelrod_q_sweep,7,complete,10,10,100,4950,99.0,4,5,3,200000,0,79,1,51100,True
q_sweep,axelrod_q_sweep,8,complete,10,10,100,4950,99.0,4,5,3,200000,0,89,1,34300,True
q_sweep,axelrod_q_sweep,9,complete,10,10,100,4950,99.0,4,5,3,200000,0,88,1,56300,True
q_sweep,axelrod_q_sweep,10,complete,10,10,100,4950,99.0,4,5,3,200000,0,81,1,32200,True
q_sweep,axelrod_q_sweep,11,complete,10,10,100,4950,99.0,4,5,3,200000,0,77,1,31600,True
q_sweep,axelrod_q_sweep,12,complete,10,10,100,4950,99.0,4,5,3,200000,0,89,1,31800,True
q_sweep,axelrod_q_sweep,13,complete,10,10,100,4950,99.0,4,5,3,200000,0,81,1,40300,True
q_sweep,axelrod_q_sweep,14,complete,10,10,100,4950,99.0,4,5,3,200000,0,80,1,37000,True
q_sweep,axelrod_q_sweep,15,complete,10,10,100,4950,99.0,4,5,3,200000,0,84,1,40500,True
q_sweep,axelrod_q_sweep,16,complete,10,10,100,4950,99.0,4,5,3,200000,0,83,1,30600,True
q_sweep,axelrod_q_sweep,17,complete,10,10,100,4950,99.0,4,5,3,200000,0,82,1,40800,True
q_sweep,axelrod_q_sweep,18,complete,10,10,100,4950,99.0,4,5,3,200000,0,83,1,29000,True
q_sweep,axelrod_q_sweep,19,complete,10,10,100,4950,99.0,4,5,3,200000,0,80,1,44500,True
q_sweep,axelrod_q_sweep,20,complete,10,10,100,4950,99.0,4,5,3,200000,0,82,1,38400,True
q_sweep,axelrod_q_sweep,21,complete,10,10,100,4950,99.0,4,5,3,200000,0,82,1,32700,True
q_sweep,axelrod_q_sweep,22,complete,10,10,100,4950,99.0,4,5,3,200000,0,80,1,35700,True
q_sweep,axelrod_q_sweep,23,complete,10,10,100,4950,99.0,4,5,3,200000,0,81,1,29200,True
q_sweep,axelrod_q_sweep,24,complete,10,10,100,4950,99.0,4,5,3,200000,0,81,1,45700,True
q_sweep,axelrod_q_sweep,25,complete,10,10,100,4950,99.0,4,5,3,200000,0,81,1,35900,True
q_sweep,axelrod_q_sweep,26,complete,10,10,100,4950,99.0,4,5,3,200000,0,83,1,41800,True
q_sweep,axelrod_q_sweep,27,complete,10,10,100,4950,99.0,4,5,3,200000,0,81,1,38800,True
q_sweep,axelrod_q_sweep,28,complete,10,10,100,4950,99.0,4,5,3,200000,0,83,1,35800,True
q_sweep,axelrod_q_sweep,29,complete,10,10,100,4950,99.0,4,5,3,200000,0,81,1,28500,True
q_sweep,axelrod_q_sweep,30,complete,10,10,100,4950,99.0,4,5,3,200000,0,84,1,22500,True
q_sweep,axelrod_q_sweep,31,complete,10,10,100,4950,99.0,4,5,3,200000,0,82,1,48600,True
q_sweep,axelrod_q_sweep,32,complete,10,10,100,4950,99.0,4,5,3,200000,0,79,1,43000,True
q_sweep,axelrod_q_sweep,33,complete,10,10,100,4950,99.0,4,5,3,200000,0,83,1,48900,True
q_sweep,axelrod_q_sweep,34,complete,10,10,100,4950,99.0,4,5,3,200000,0,73,1,51000,True
q_sweep,axelrod_q_sweep,35,complete,10,10,100,4950,99.0,4,5,3,200000,0,80,1,49100,True
q_sweep,axelrod_q_sweep,36,complete,10,10,100,4950,99.0,4,5,3,200000,0,77,1,30600,True
q_sweep,axelrod_q_sweep,37,complete,10,10,100,4950,99.0,4,5,3,200000,0,81,1,40400,True
q_sweep,axelrod_q_sweep,38,complete,10,10,100,4950,99.0,4,5,3,200000,0,82,1,31700,True
q_sweep,axelrod_q_sweep,39,complete,10,10,100,4950,99.0,4,5,3,200000,0,87,1,28600,True
q_sweep,axelrod_q_sweep,40,complete,10,10,100,4950,99.0,4,5,3,200000,0,77,1,45600,True
q_sweep,axelrod_q_sweep,41,complete,10,10,100,4950,99.0,4,5,3,200000,0,77,1,23900,True
q_sweep,axelrod_q_sweep,42,complete,10,10,100,4950,99.0,4,5,3,200000,0,80,1,30900,True
q_sweep,axelrod_q_sweep,43,complete,10,10,100,4950,99.0,4,5,3,200000,0,77,1,48400,True
q_sweep,axelrod_q_sweep,44,complete,10,10,100,4950,99.0,4,5,3,200000,0,86,1,28100,True
q_sweep,axelrod_q_sweep,45,complete,10,10,100,4950,99.0,4,5,3,200000,0,82,1,39100,True
q_sweep,axelrod_q_sweep,46,complete,10,10,100,4950,99.0,4,5,3,200000,0,85,1,32600,True
q_sweep,axelrod_q_sweep,47,complete,10,10,100,4950,99.0,4,5,3,200000,0,83,1,46100,True
q_sweep,axelrod_q_sweep,48,complete,10,10,100,4950,99.0,4,5,3,200000,0,81,1,57100,True
q_sweep,axelrod_q_sweep,49,complete,10,10,100,4950,99.0,4,5,3,200000,0,78,1,31600,True
q_sweep,axelrod_q_sweep,50,complete,10,10,100,4950,99.0,4,5,3,200000,0,80,1,21300,True
q_sweep,axelrod_q_sweep,51,complete,10,10,100,4950,99.0,4,5,3,200000,0,82,1,31800,True
q_sweep,axelrod_q_sweep,52,complete,10,10,100,4950,99.0,4,5,3,200000,0,82,1,22500,True
q_sweep,axelrod_q_sweep,53,complete,10,10,100,4950,99.0,4,5,3,200000,0,82,1,30300,True
q_sweep,axelrod_q_sweep,54,complete,10,10,100,4950,99.0,4,5,3,200000,0,78,1,33600,True
q_sweep,axelrod_q_sweep,55,complete,10,10,100,4950,99.0,4,5,3,200000,0,83,1,32900,True
q_sweep,axelrod_q_sweep,56,complete,10,10,100,4950,99.0,4,5,3,200000,0,78,1,34500,True
q_sweep,axelrod_q_sweep,57,complete,10,10,100,4950,99.0,4,5,3,200000,0,81,1,33400,True
q_sweep,axelrod_q_sweep,58,complete,10,10,100,4950,99.0,4,5,3,200000,0,79,1,42900,True
q_sweep,axelrod_q_sweep,59,complete,10,10,100,4950,99.0,4,5,3,200000,0,85,1,50700,True
q_sweep,axelrod_q_sweep,60,complete,10,10,100,4950,99.0,4,5,3,200000,0,82,1,45700,True
q_sweep,axelrod_q_sweep,61,complete,10,10,100,4950,99.0,4,5,3,200000,0,86,1,33900,True
q_sweep,axelrod_q_sweep,62,complete,10,10,100,4950,99.0,4,5,3,200000,0,85,1,48700,True
q_sweep,axelrod_q_sweep,63,complete,10,10,100,4950,99.0,4,5,3,200000,0,80,1,34600,True
q_sweep,axelrod_q_sweep,64,complete,10,10,100,4950,99.0,4,5,3,200000,0,82,1,55200,True
q_sweep,axelrod_q_sweep,65,complete,10,10,100,4950,99.0,4,5,3,200000,0,81,1,36700,True
q_sweep,axelrod_q_sweep,66,complete,10,10,100,4950,99.0,4,5,3,200000,0,84,1,38400,True
q_sweep,axelrod_q_sweep,67,complete,10,10,100,4950,99.0,4,5,3,200000,0,76,1,46700,True
q_sweep,axelrod_q_sweep,68,complete,10,10,100,4950,99.0,4,5,3,200000,0,76,1,42600,True
q_sweep,axelrod_q_sweep,69,complete,10,10,100,4950,99.0,4,5,3,200000,0,83,1,31800,True
q_sweep,axelrod_q_sweep,70,complete,10,10,100,4950,99.0,4,5,3,200000,0,85,1,24800,True
q_sweep,axelrod_q_sweep,71,complete,10,10,100,4950,99.0,4,5,3,200000,0,81,1,16200,True
q_sweep,axelrod_q_sweep,72,complete,10,10,100,4950,99.0,4,5,3,200000,0,84,1,36900,True
q_sweep,axelrod_q_sweep,73,complete,10,10,100,4950,99.0,4,5,3,200000,0,81,1,22800,True
q_sweep,axelrod_q_sweep,74,complete,10,10,100,4950,99.0,4,5,3,200000,0,82,1,31100,True
q_sweep,axelrod_q_sweep,75,complete,10,10,100,4950,99.0,4,5,3,200000,0,78,1,29900,True
q_sweep,axelrod_q_sweep,76,complete,10,10,100,4950,99.0,4,5,3,200000,0,86,1,34200,True
q_sweep,axelrod_q_sweep,77,complete,10,10,100,4950,99.0,4,5,3,200000,0,81,1,21400,True
q_sweep,axelrod_q_sweep,78,complete,10,10,100,4950,99.0,4,5,3,200000,0,83,1,32800,True
q_sweep,axelrod_q_sweep,79,complete,10,10,100,4950,99.0,4,5,3,200000,0,80,1,33900,True
q_sweep,axelrod_q_sweep,80,complete,10,10,100,4950,99.0,4,5,3,200000,0,86,1,46700,True
q_sweep,axelrod_q_sweep,81,complete,10,10,100,4950,99.0,4,5,3,200000,0,86,1,44600,True
q_sweep,axelrod_q_sweep,82,complete,10,10,100,4950,99.0,4,5,3,200000,0,83,1,41300,True
q_sweep,axelrod_q_sweep,83,complete,10,10,100,4950,99.0,4,5,3,200000,0,83,1,25200,True
q_sweep,axelrod_q_sweep,84,complete,10,10,100,4950,99.0,4,5,3,200000,0,78,1,52800,True
q_sweep,axelrod_q_sweep,85,complete,10,10,100,4950,99.0,4,5,3,200000,0,81,1,25300,True
q_sweep,axelrod_q_sweep,86,complete,10,10,100,4950,99.0,4,5,3,200000,0,85,1,56600,True
q_sweep,axelrod_q_sweep,87,complete,10,10,100,4950,99.0,4,5,3,200000,0,80,1,39000,True
q_sweep,axelrod_q_sweep,88,complete,10,10,100,4950,99.0,4,5,3,200000,0,80,1,59500,True
q_sweep,axelrod_q_sweep,89,complete,10,10,100,4950,99.0,4,5,3,200000,0,86,1,21900,True
q_sweep,axelrod_q_sweep,90,complete,10,10,100,4950,99.0,4,5,3,200000,0,80,1,42200,True
q_sweep,axelrod_q_sweep,91,complete,10,10,100,4950,99.0,4,5,3,200000,0,78,1,39500,True
q_sweep,axelrod_q_sweep,92,complete,10,10,100,4950,99.0,4,5,3,200000,0,76,1,59500,True
q_sweep,axelrod_q_sweep,93,complete,10,10,100,4950,99.0,4,5,3,200000,0,86,1,42800,True
q_sweep,axelrod_q_sweep,94,complete,10,10,100,4950,99.0,4,5,3,200000,0,84,1,37900,True
q_sweep,axelrod_q_sweep,95,complete,10,10,100,4950,99.0,4,5,3,200000,0,83,1,31900,True
q_sweep,axelrod_q_sweep,96,complete,10,10,100,4950,99.0,4,5,3,200000,0,82,1,23400,True
q_sweep,axelrod_q_sweep,97,complete,10,10,100,4950,99.0,4,5,3,200000,0,80,1,32800,True
q_sweep,axelrod_q_sweep,98,complete,10,10,100,4950,99.0,4,5,3,200000,0,74,1,36500,True
q_sweep,axelrod_q_sweep,99,complete,10,10,100,4950,99.0,4,5,3,200000,0,83,1,30400,True
q_sweep,axelrod_q_sweep,100,complete,10,10,100,4950,99.0,4,5,3,200000,0,85,1,39000,True
q_sweep,axelrod_q_sweep,101,complete,10,10,100,4950,99.0,4,5,3,200000,0,79,1,28500,True
q_sweep,axelrod_q_sweep,102,complete,10,10,100,4950,99.0,4,5,3,200000,0,89,1,64500,True
q_sweep,axelrod_q_sweep,103,complete,10,10,100,4950,99.0,4,5,3,200000,0,75,1,22700,True
q_sweep,axelrod_q_sweep,104,complete,10,10,100,4950,99.0,4,5,3,200000,0,80,1,37800,True
q_sweep,axelrod_q_sweep,105,complete,10,10,100,4950,99.0,4,5,3,200000,0,79,1,33600,True
q_sweep,axelrod_q_sweep,106,complete,10,10,100,4950,99.0,4,5,3,200000,0,76,1,35400,True
q_sweep,axelrod_q_sweep,107,complete,10,10,100,4950,99.0,4,5,3,200000,0,82,1,21400,True
q_sweep,axelrod_q_sweep,108,complete,10,10,100,4950,99.0,4,5,3,200000,0,77,1,43700,True
q_sweep,axelrod_q_sweep,109,complete,10,10,100,4950,99.0,4,5,3,200000,0,84,1,27300,True
q_sweep,axelrod_q_sweep,110,complete,10,10,100,4950,99.0,4,5,3,200000,0,77,1,43300,True
q_sweep,axelrod_q_sweep,111,complete,10,10,100,4950,99.0,4,5,3,200000,0,84,1,28900,True
q_sweep,axelrod_q_sweep,112,complete,10,10,100,4950,99.0,4,5,3,200000,0,87,1,37700,True
q_sweep,axelrod_q_sweep,113,complete,10,10,100,4950,99.0,4,5,3,200000,0,86,1,48600,True
q_sweep,axelrod_q_sweep,114,complete,10,10,100,4950,99.0,4,5,3,200000,0,79,1,36800,True
q_sweep,axelrod_q_sweep,115,complete,10,10,100,4950,99.0,4,5,3,200000,0,78,1,40200,True
q_sweep,axelrod_q_sweep,116,complete,10,10,100,4950,99.0,4,5,3,200000,0,81,1,30400,True
q_sweep,axelrod_q_sweep,117,complete,10,10,100,4950,99.0,4,5,3,200000,0,86,1,34600,True
q_sweep,axelrod_q_sweep,118,complete,10,10,100,4950,99.0,4,5,3,200000,0,88,1,21500,True
q_sweep,axelrod_q_sweep,119,complete,10,10,100,4950,99.0,4,5,3,200000,0,85,1,40900,True
q_sweep,axelrod_q_sweep,120,complete,10,10,100,4950,99.0,4,5,3,200000,0,84,1,46700,True
q_sweep,axelrod_q_sweep,121,complete,10,10,100,4950,99.0,4,5,3,200000,0,72,1,44700,True
q_sweep,axelrod_q_sweep,122,complete,10,10,100,4950,99.0,4,5,3,200000,0,84,1,45900,True
q_sweep,axelrod_q_sweep,123,complete,10,10,100,4950,99.0,4,5,3,200000,0,81,1,49700,True
q_sweep,axelrod_q_sweep,124,complete,10,10,100,4950,99.0,4,5,3,200000,0,86,1,33700,True
q_sweep,axelrod_q_sweep,125,complete,10,10,100,4950,99.0,4,5,3,200000,0,79,1,32800,True
q_sweep,axelrod_q_sweep,126,complete,10,10,100,4950,99.0,4,5,3,200000,0,84,1,55400,True
q_sweep,axelrod_q_sweep,127,complete,10,10,100,4950,99.0,4,5,3,200000,0,80,1,48300,True
q_sweep,axelrod_q_sweep,128,complete,10,10,100,4950,99.0,4,5,3,200000,0,83,1,20000,True
q_sweep,axelrod_q_sweep,129,complete,10,10,100,4950,99.0,4,5,3,200000,0,82,1,33800,True
q_sweep,axelrod_q_sweep,130,complete,10,10,100,4950,99.0,4,5,3,200000,0,78,1,37700,True
q_sweep,axelrod_q_sweep,131,complete,10,10,100,4950,99.0,4,5,3,200000,0,87,1,39700,True
q_sweep,axelrod_q_sweep,132,complete,10,10,100,4950,99.0,4,5,3,200000,0,85,1,29700,True
q_sweep,axelrod_q_sweep,133,complete,10,10,100,4950,99.0,4,5,3,200000,0,84,1,29300,True
q_sweep,axelrod_q_sweep,134,complete,10,10,100,4950,99.0,4,5,3,200000,0,85,1,25000,True
q_sweep,axelrod_q_sweep,135,complete,10,10,100,4950,99.0,4,5,3,200000,0,76,1,29100,True
q_sweep,axelrod_q_sweep,136,complete,10,10,100,4950,99.0,4,5,3,200000,0,84,1,26000,True
q_sweep,axelrod_q_sweep,137,complete,10,10,100,4950,99.0,4,5,3,200000,0,86,1,46400,True
q_sweep,axelrod_q_sweep,138,complete,10,10,100,4950,99.0,4,5,3,200000,0,85,1,49800,True
q_sweep,axelrod_q_sweep,139,complete,10,10,100,4950,99.0,4,5,3,200000,0,84,1,53000,True
q_sweep,axelrod_q_sweep,140,complete,10,10,100,4950,99.0,4,5,3,200000,0,82,1,26000,True
q_sweep,axelrod_q_sweep,141,complete,10,10,100,4950,99.0,4,5,3,200000,0,86,1,51400,True
q_sweep,axelrod_q_sweep,142,complete,10,10,100,4950,99.0,4,5,3,200000,0,89,1,33000,True
q_sweep,axelrod_q_sweep,143,complete,10,10,100,4950,99.0,4,5,3,200000,0,85,1,18500,True
q_sweep,axelrod_q_sweep,144,complete,10,10,100,4950,99.0,4,5,3,200000,0,84,1,43100,True
q_sweep,axelrod_q_sweep,145,complete,10,10,100,4950,99.0,4,5,3,200000,0,80,1,28900,True
q_sweep,axelrod_q_sweep,146,complete,10,10,100,4950,99.0,4,5,3,200000,0,76,1,62100,True
q_sweep,axelrod_q_sweep,147,complete,10,10,100,4950,99.0,4,5,3,200000,0,83,1,28900,True
q_sweep,axelrod_q_sweep,148,complete,10,10,100,4950,99.0,4,5,3,200000,0,82,1,29800,True
q_sweep,axelrod_q_sweep,149,complete,10,10,100,4950,99.0,4,5,3,200000,0,81,1,39200,True
q_sweep,axelrod_q_sweep,150,complete,10,10,100,4950,99.0,4,5,3,200000,0,82,1,46500,True
q_sweep,axelrod_q_sweep,151,complete,10,10,100,4950,99.0,4,5,3,200000,0,83,1,29600,True
q_sweep,axelrod_q_sweep,152,complete,10,10,100,4950,99.0,4,5,3,200000,0,84,1,29100,True
q_sweep,axelrod_q_sweep,153,complete,10,10,100,4950,99.0,4,5,3,200000,0,85,1,25900,True
q_sweep,axelrod_q_sweep,154,complete,10,10,100,4950,99.0,4,5,3,200000,0,81,1,31700,True
q_sweep,axelrod_q_sweep,155,complete,10,10,100,4950,99.0,4,5,3,200000,0,80,1,40600,True
q_sweep,axelrod_q_sweep,156,complete,10,10,100,4950,99.0,4,5,3,200000,0,79,1,29100,True
q_sweep,axelrod_q_sweep,157,complete,10,10,100,4950,99.0,4,5,3,200000,0,84,1,31000,True
q_sweep,axelrod_q_sweep,158,complete,10,10,100,4950,99.0,4,5,3,200000,0,78,1,54800,True
q_sweep,axelrod_q_sweep,159,complete,10,10,100,4950,99.0,4,5,3,200000,0,85,1,26200,True
q_sweep,axelrod_q_sweep,160,complete,10,10,100,4950,99.0,4,5,3,200000,0,79,1,30500,True
q_sweep,axelrod_q_sweep,161,complete,10,10,100,4950,99.0,4,5,3,200000,0,80,1,43500,True
q_sweep,axelrod_q_sweep,162,complete,10,10,100,4950,99.0,4,5,3,200000,0,80,1,36400,True
q_sweep,axelrod_q_sweep,163,complete,10,10,100,4950,99.0,4,5,3,200000,0,83,1,47400,True
q_sweep,axelrod_q_sweep,164,complete,10,10,100,4950,99.0,4,5,3,200000,0,81,1,27800,True
q_sweep,axelrod_q_sweep,165,complete,10,10,100,4950,99.0,4,5,3,200000,0,82,1,27600,True
q_sweep,axelrod_q_sweep,166,complete,10,10,100,4950,99.0,4,5,3,200000,0,75,1,42900,True
q_sweep,axelrod_q_sweep,167,complete,10,10,100,4950,99.0,4,5,3,200000,0,85,1,35800,True
q_sweep,axelrod_q_sweep,168,complete,10,10,100,4950,99.0,4,5,3,200000,0,85,1,38900,True
q_sweep,axelrod_q_sweep,169,complete,10,10,100,4950,99.0,4,5,3,200000,0,82,1,30600,True
q_sweep,axelrod_q_sweep,170,complete,10,10,100,4950,99.0,4,5,3,200000,0,82,1,34600,True
q_sweep,axelrod_q_sweep,171,complete,10,10,100,4950,99.0,4,5,3,200000,0,78,1,52900,True
q_sweep,axelrod_q_sweep,172,complete,10,10,100,4950,99.0,4,5,3,200000,0,85,1,64500,True
q_sweep,axelrod_q_sweep,173,complete,10,10,100,4950,99.0,4,5,3,200000,0,75,1,38500,True
q_sweep,axelrod_q_sweep,174,complete,10,10,100,4950,99.0,4,5,3,200000,0,84,1,52200,True
q_sweep,axelrod_q_sweep,175,complete,10,10,100,4950,99.0,4,5,3,200000,0,85,1,29900,True
q_sweep,axelrod_q_sweep,176,complete,10,10,100,4950,99.0,4,5,3,200000,0,78,1,39500,True
q_sweep,axelrod_q_sweep,177,complete,10,10,100,4950,99.0,4,5,3,200000,0,85,1,25300,True
q_sweep,axelrod_q_sweep,178,complete,10,10,100,4950,99.0,4,5,3,200000,0,84,1,32900,True
q_sweep,axelrod_q_sweep,179,complete,10,10,100,4950,99.0,4,5,3,200000,0,82,1,31300,True
q_sweep,axelrod_q_sweep,180,complete,10,10,100,4950,99.0,4,5,3,200000,0,80,1,34100,True
q_sweep,axelrod_q_sweep,181,complete,10,10,100,4950,99.0,4,5,3,200000,0,81,1,32600,True
q_sweep,axelrod_q_sweep,182,complete,10,10,100,4950,99.0,4,5,3,200000,0,78,1,60600,True
q_sweep,axelrod_q_sweep,183,complete,10,10,100,4950,99.0,4,5,3,200000,0,78,1,39800,True
q_sweep,axelrod_q_sweep,184,complete,10,10,100,4950,99.0,4,5,3,200000,0,82,1,19600,True
q_sweep,axelrod_q_sweep,185,complete,10,10,100,4950,99.0,4,5,3,200000,0,77,1,35300,True
q_sweep,axelrod_q_sweep,186,complete,10,10,100,4950,99.0,4,5,3,200000,0,80,1,42100,True
q_sweep,axelrod_q_sweep,187,complete,10,10,100,4950,99.0,4,5,3,200000,0,81,1,62900,True
q_sweep,axelrod_q_sweep,188,complete,10,10,100,4950,99.0,4,5,3,200000,0,86,1,47900,True
q_sweep,axelrod_q_sweep,189,complete,10,10,100,4950,99.0,4,5,3,200000,0,79,1,18300,True
q_sweep,axelrod_q_sweep,190,complete,10,10,100,4950,99.0,4,5,3,200000,0,78,1,38800,True
q_sweep,axelrod_q_sweep,191,complete,10,10,100,4950,99.0,4,5,3,200000,0,83,1,30200,True
q_sweep,axelrod_q_sweep,192,complete,10,10,100,4950,99.0,4,5,3,200000,0,85,1,35700,True
q_sweep,axelrod_q_sweep,193,complete,10,10,100,4950,99.0,4,5,3,200000,0,83,1,43800,True
q_sweep,axelrod_q_sweep,194,complete,10,10,100,4950,99.0,4,5,3,200000,0,80,1,33000,True
q_sweep,axelrod_q_sweep,195,complete,10,10,100,4950,99.0,4,5,3,200000,0,76,1,39200,True
q_sweep,axelrod_q_sweep,196,complete,10,10,100,4950,99.0,4,5,3,200000,0,82,1,38100,True
q_sweep,axelrod_q_sweep,197,complete,10,10,100,4950,99.0,4,5,3,200000,0,80,1,63000,True
q_sweep,axelrod_q_sweep,198,complete,10,10,100,4950,99.0,4,5,3,200000,0,83,1,39200,True
q_sweep,axelrod_q_sweep,199,complete,10,10,100,4950,99.0,4,5,3,200000,0,81,1,54300,True
q_sweep,axelrod_q_sweep,0,complete,10,10,100,4950,99.0,4,5,5,200000,0,99,1,33600,True
q_sweep,axelrod_q_sweep,1,complete,10,10,100,4950,99.0,4,5,5,200000,0,99,1,60500,True
q_sweep,axelrod_q_sweep,2,complete,10,10,100,4950,99.0,4,5,5,200000,0,99,1,45900,True
q_sweep,axelrod_q_sweep,3,complete,10,10,100,4950,99.0,4,5,5,200000,0,99,1,44100,True
q_sweep,axelrod_q_sweep,4,complete,10,10,100,4950,99.0,4,5,5,200000,0,100,1,57400,True
q_sweep,axelrod_q_sweep,5,complete,10,10,100,4950,99.0,4,5,5,200000,0,100,1,38100,True
q_sweep,axelrod_q_sweep,6,complete,10,10,100,4950,99.0,4,5,5,200000,0,100,1,50400,True
q_sweep,axelrod_q_sweep,7,complete,10,10,100,4950,99.0,4,5,5,200000,0,98,1,42100,True
q_sweep,axelrod_q_sweep,8,complete,10,10,100,4950,99.0,4,5,5,200000,0,99,1,55700,True
q_sweep,axelrod_q_sweep,9,complete,10,10,100,4950,99.0,4,5,5,200000,0,100,1,52200,True
q_sweep,axelrod_q_sweep,10,complete,10,10,100,4950,99.0,4,5,5,200000,0,100,1,63200,True
q_sweep,axelrod_q_sweep,11,complete,10,10,100,4950,99.0,4,5,5,200000,0,99,1,60100,True
q_sweep,axelrod_q_sweep,12,complete,10,10,100,4950,99.0,4,5,5,200000,0,98,1,31600,True
q_sweep,axelrod_q_sweep,13,complete,10,10,100,4950,99.0,4,5,5,200000,0,96,1,44400,True
q_sweep,axelrod_q_sweep,14,complete,10,10,100,4950,99.0,4,5,5,200000,0,100,1,54900,True
q_sweep,axelrod_q_sweep,15,complete,10,10,100,4950,99.0,4,5,5,200000,0,99,1,41500,True
q_sweep,axelrod_q_sweep,16,complete,10,10,100,4950,99.0,4,5,5,200000,0,100,1,46900,True
q_sweep,axelrod_q_sweep,17,complete,10,10,100,4950,99.0,4,5,5,200000,0,99,1,45900,True
q_sweep,axelrod_q_sweep,18,complete,10,10,100,4950,99.0,4,5,5,200000,0,100,1,49700,True
q_sweep,axelrod_q_sweep,19,complete,10,10,100,4950,99.0,4,5,5,200000,0,99,1,42500,True
q_sweep,axelrod_q_sweep,20,complete,10,10,100,4950,99.0,4,5,5,200000,0,100,1,42200,True
q_sweep,axelrod_q_sweep,21,complete,10,10,100,4950,99.0,4,5,5,200000,0,97,1,82800,True
q_sweep,axelrod_q_sweep,22,complete,10,10,100,4950,99.0,4,5,5,200000,0,98,1,56400,True
q_sweep,axelrod_q_sweep,23,complete,10,10,100,4950,99.0,4,5,5,200000,0,98,1,58600,True
q_sweep,axelrod_q_sweep,24,complete,10,10,100,4950,99.0,4,5,5,200000,0,100,1,50900,True
q_sweep,axelrod_q_sweep,25,complete,10,10,100,4950,99.0,4,5,5,200000,0,99,1,52500,True
q_sweep,axelrod_q_sweep,26,complete,10,10,100,4950,99.0,4,5,5,200000,0,100,1,59700,True
q_sweep,axelrod_q_sweep,27,complete,10,10,100,4950,99.0,4,5,5,200000,0,99,1,52700,True
q_sweep,axelrod_q_sweep,28,complete,10,10,100,4950,99.0,4,5,5,200000,0,100,1,50400,True
q_sweep,axelrod_q_sweep,29,complete,10,10,100,4950,99.0,4,5,5,200000,0,97,1,45100,True
q_sweep,axelrod_q_sweep,30,complete,10,10,100,4950,99.0,4,5,5,200000,0,100,1,30700,True
q_sweep,axelrod_q_sweep,31,complete,10,10,100,4950,99.0,4,5,5,200000,0,100,1,59400,True
q_sweep,axelrod_q_sweep,32,complete,10,10,100,4950,99.0,4,5,5,200000,0,96,1,56500,True
q_sweep,axelrod_q_sweep,33,complete,10,10,100,4950,99.0,4,5,5,200000,0,100,1,37900,True
q_sweep,axelrod_q_sweep,34,complete,10,10,100,4950,99.0,4,5,5,200000,0,98,1,48200,True
q_sweep,axelrod_q_sweep,35,complete,10,10,100,4950,99.0,4,5,5,200000,0,100,1,44700,True
q_sweep,axelrod_q_sweep,36,complete,10,10,100,4950,99.0,4,5,5,200000,0,99,1,39600,True
q_sweep,axelrod_q_sweep,37,complete,10,10,100,4950,99.0,4,5,5,200000,0,100,1,56800,True
q_sweep,axelrod_q_sweep,38,complete,10,10,100,4950,99.0,4,5,5,200000,0,100,1,43800,True
q_sweep,axelrod_q_sweep,39,complete,10,10,100,4950,99.0,4,5,5,200000,0,98,1,66300,True
q_sweep,axelrod_q_sweep,40,complete,10,10,100,4950,99.0,4,5,5,200000,0,98,1,30200,True
q_sweep,axelrod_q_sweep,41,complete,10,10,100,4950,99.0,4,5,5,200000,0,97,1,56600,True
q_sweep,axelrod_q_sweep,42,complete,10,10,100,4950,99.0,4,5,5,200000,0,99,1,50100,True
q_sweep,axelrod_q_sweep,43,complete,10,10,100,4950,99.0,4,5,5,200000,0,99,1,50700,True
q_sweep,axelrod_q_sweep,44,complete,10,10,100,4950,99.0,4,5,5,200000,0,100,1,56000,True
q_sweep,axelrod_q_sweep,45,complete,10,10,100,4950,99.0,4,5,5,200000,0,95,1,74100,True
q_sweep,axelrod_q_sweep,46,complete,10,10,100,4950,99.0,4,5,5,200000,0,98,1,39000,True
q_sweep,axelrod_q_sweep,47,complete,10,10,100,4950,99.0,4,5,5,200000,0,98,1,40800,True
q_sweep,axelrod_q_sweep,48,complete,10,10,100,4950,99.0,4,5,5,200000,0,98,1,40200,True
q_sweep,axelrod_q_sweep,49,complete,10,10,100,4950,99.0,4,5,5,200000,0,100,1,40500,True
q_sweep,axelrod_q_sweep,50,complete,10,10,100,4950,99.0,4,5,5,200000,0,99,1,71800,True
q_sweep,axelrod_q_sweep,51,complete,10,10,100,4950,99.0,4,5,5,200000,0,99,1,46000,True
q_sweep,axelrod_q_sweep,52,complete,10,10,100,4950,99.0,4,5,5,200000,0,100,1,48400,True
q_sweep,axelrod_q_sweep,53,complete,10,10,100,4950,99.0,4,5,5,200000,0,96,1,69900,True
q_sweep,axelrod_q_sweep,54,complete,10,10,100,4950,99.0,4,5,5,200000,0,98,1,48000,True
q_sweep,axelrod_q_sweep,55,complete,10,10,100,4950,99.0,4,5,5,200000,0,98,1,56500,True
q_sweep,axelrod_q_sweep,56,complete,10,10,100,4950,99.0,4,5,5,200000,0,100,1,55600,True
q_sweep,axelrod_q_sweep,57,complete,10,10,100,4950,99.0,4,5,5,200000,0,98,1,41900,True
q_sweep,axelrod_q_sweep,58,complete,10,10,100,4950,99.0,4,5,5,200000,0,98,1,54200,True
q_sweep,axelrod_q_sweep,59,complete,10,10,100,4950,99.0,4,5,5,200000,0,99,1,55700,True
q_sweep,axelrod_q_sweep,60,complete,10,10,100,4950,99.0,4,5,5,200000,0,99,1,36500,True
q_sweep,axelrod_q_sweep,61,complete,10,10,100,4950,99.0,4,5,5,200000,0,99,1,25300,True
q_sweep,axelrod_q_sweep,62,complete,10,10,100,4950,99.0,4,5,5,200000,0,100,1,46900,True
q_sweep,axelrod_q_sweep,63,complete,10,10,100,4950,99.0,4,5,5,200000,0,99,1,48700,True
q_sweep,axelrod_q_sweep,64,complete,10,10,100,4950,99.0,4,5,5,200000,0,99,1,62900,True
q_sweep,axelrod_q_sweep,65,complete,10,10,100,4950,99.0,4,5,5,200000,0,98,1,61700,True
q_sweep,axelrod_q_sweep,66,complete,10,10,100,4950,99.0,4,5,5,200000,0,97,1,81100,True
q_sweep,axelrod_q_sweep,67,complete,10,10,100,4950,99.0,4,5,5,200000,0,99,1,49600,True
q_sweep,axelrod_q_sweep,68,complete,10,10,100,4950,99.0,4,5,5,200000,0,98,1,47600,True
q_sweep,axelrod_q_sweep,69,complete,10,10,100,4950,99.0,4,5,5,200000,0,97,1,61000,True
q_sweep,axelrod_q_sweep,70,complete,10,10,100,4950,99.0,4,5,5,200000,0,100,1,57100,True
q_sweep,axelrod_q_sweep,71,complete,10,10,100,4950,99.0,4,5,5,200000,0,99,1,54600,True
q_sweep,axelrod_q_sweep,72,complete,10,10,100,4950,99.0,4,5,5,200000,0,100,1,75000,True
q_sweep,axelrod_q_sweep,73,complete,10,10,100,4950,99.0,4,5,5,200000,0,99,1,49200,True
q_sweep,axelrod_q_sweep,74,complete,10,10,100,4950,99.0,4,5,5,200000,0,99,1,45600,True
q_sweep,axelrod_q_sweep,75,complete,10,10,100,4950,99.0,4,5,5,200000,0,99,1,61400,True
q_sweep,axelrod_q_sweep,76,complete,10,10,100,4950,99.0,4,5,5,200000,0,98,1,46400,True
q_sweep,axelrod_q_sweep,77,complete,10,10,100,4950,99.0,4,5,5,200000,0,97,1,43700,True
q_sweep,axelrod_q_sweep,78,complete,10,10,100,4950,99.0,4,5,5,200000,0,98,1,45600,True
q_sweep,axelrod_q_sweep,79,complete,10,10,100,4950,99.0,4,5,5,200000,0,99,1,56900,True
q_sweep,axelrod_q_sweep,80,complete,10,10,100,4950,99.0,4,5,5,200000,0,100,1,47300,True
q_sweep,axelrod_q_sweep,81,complete,10,10,100,4950,99.0,4,5,5,200000,0,99,1,54800,True
q_sweep,axelrod_q_sweep,82,complete,10,10,100,4950,99.0,4,5,5,200000,0,99,1,35800,True
q_sweep,axelrod_q_sweep,83,complete,10,10,100,4950,99.0,4,5,5,200000,0,98,1,48000,True
q_sweep,axelrod_q_sweep,84,complete,10,10,100,4950,99.0,4,5,5,200000,0,99,1,51600,True
q_sweep,axelrod_q_sweep,85,complete,10,10,100,4950,99.0,4,5,5,200000,0,99,1,49100,True
q_sweep,axelrod_q_sweep,86,complete,10,10,100,4950,99.0,4,5,5,200000,0,99,1,61300,True
q_sweep,axelrod_q_sweep,87,complete,10,10,100,4950,99.0,4,5,5,200000,0,100,1,53400,True
q_sweep,axelrod_q_sweep,88,complete,10,10,100,4950,99.0,4,5,5,200000,0,98,1,56100,True
q_sweep,axelrod_q_sweep,89,complete,10,10,100,4950,99.0,4,5,5,200000,0,96,1,60100,True
q_sweep,axelrod_q_sweep,90,complete,10,10,100,4950,99.0,4,5,5,200000,0,98,1,40300,True
q_sweep,axelrod_q_sweep,91,complete,10,10,100,4950,99.0,4,5,5,200000,0,98,1,47700,True
q_sweep,axelrod_q_sweep,92,complete,10,10,100,4950,99.0,4,5,5,200000,0,98,1,52700,True
q_sweep,axelrod_q_sweep,93,complete,10,10,100,4950,99.0,4,5,5,200000,0,97,1,37700,True
q_sweep,axelrod_q_sweep,94,complete,10,10,100,4950,99.0,4,5,5,200000,0,100,1,55600,True
q_sweep,axelrod_q_sweep,95,complete,10,10,100,4950,99.0,4,5,5,200000,0,100,1,44900,True
q_sweep,axelrod_q_sweep,96,complete,10,10,100,4950,99.0,4,5,5,200000,0,98,1,86100,True
q_sweep,axelrod_q_sweep,97,complete,10,10,100,4950,99.0,4,5,5,200000,0,99,1,38300,True
q_sweep,axelrod_q_sweep,98,complete,10,10,100,4950,99.0,4,5,5,200000,0,99,1,37600,True
q_sweep,axelrod_q_sweep,99,complete,10,10,100,4950,99.0,4,5,5,200000,0,99,1,52300,True
q_sweep,axelrod_q_sweep,100,complete,10,10,100,4950,99.0,4,5,5,200000,0,96,1,70600,True
q_sweep,axelrod_q_sweep,101,complete,10,10,100,4950,99.0,4,5,5,200000,0,98,1,48900,True
q_sweep,axelrod_q_sweep,102,complete,10,10,100,4950,99.0,4,5,5,200000,0,97,1,32100,True
q_sweep,axelrod_q_sweep,103,complete,10,10,100,4950,99.0,4,5,5,200000,0,99,1,44200,True
q_sweep,axelrod_q_sweep,104,complete,10,10,100,4950,99.0,4,5,5,200000,0,98,1,51000,True
q_sweep,axelrod_q_sweep,105,complete,10,10,100,4950,99.0,4,5,5,200000,0,96,1,41800,True
q_sweep,axelrod_q_sweep,106,complete,10,10,100,4950,99.0,4,5,5,200000,0,100,1,53500,True
q_sweep,axelrod_q_sweep,107,complete,10,10,100,4950,99.0,4,5,5,200000,0,96,1,56600,True
q_sweep,axelrod_q_sweep,108,complete,10,10,100,4950,99.0,4,5,5,200000,0,98,1,54500,True
q_sweep,axelrod_q_sweep,109,complete,10,10,100,4950,99.0,4,5,5,200000,0,99,1,42700,True
q_sweep,axelrod_q_sweep,110,complete,10,10,100,4950,99.0,4,5,5,200000,0,97,1,45600,True
q_sweep,axelrod_q_sweep,111,complete,10,10,100,4950,99.0,4,5,5,200000,0,98,1,54900,True
q_sweep,axelrod_q_sweep,112,complete,10,10,100,4950,99.0,4,5,5,200000,0,96,1,50200,True
q_sweep,axelrod_q_sweep,113,complete,10,10,100,4950,99.0,4,5,5,200000,0,99,1,35000,True
q_sweep,axelrod_q_sweep,114,complete,10,10,100,4950,99.0,4,5,5,200000,0,97,1,58200,True
q_sweep,axelrod_q_sweep,115,complete,10,10,100,4950,99.0,4,5,5,200000,0,99,1,60600,True
q_sweep,axelrod_q_sweep,116,complete,10,10,100,4950,99.0,4,5,5,200000,0,99,1,52500,True
q_sweep,axelrod_q_sweep,117,complete,10,10,100,4950,99.0,4,5,5,200000,0,99,1,60800,True
q_sweep,axelrod_q_sweep,118,complete,10,10,100,4950,99.0,4,5,5,200000,0,99,1,52100,True
q_sweep,axelrod_q_sweep,119,complete,10,10,100,4950,99.0,4,5,5,200000,0,96,1,45900,True
q_sweep,axelrod_q_sweep,120,complete,10,10,100,4950,99.0,4,5,5,200000,0,99,1,50200,True
q_sweep,axelrod_q_sweep,121,complete,10,10,100,4950,99.0,4,5,5,200000,0,99,1,52900,True
q_sweep,axelrod_q_sweep,122,complete,10,10,100,4950,99.0,4,5,5,200000,0,99,1,44900,True
q_sweep,axelrod_q_sweep,123,complete,10,10,100,4950,99.0,4,5,5,200000,0,98,1,60400,True
q_sweep,axelrod_q_sweep,124,complete,10,10,100,4950,99.0,4,5,5,200000,0,99,1,46700,True
q_sweep,axelrod_q_sweep,125,complete,10,10,100,4950,99.0,4,5,5,200000,0,99,1,46800,True
q_sweep,axelrod_q_sweep,126,complete,10,10,100,4950,99.0,4,5,5,200000,0,95,1,44800,True
q_sweep,axelrod_q_sweep,127,complete,10,10,100,4950,99.0,4,5,5,200000,0,98,1,67200,True
q_sweep,axelrod_q_sweep,128,complete,10,10,100,4950,99.0,4,5,5,200000,0,100,2,44500,True
q_sweep,axelrod_q_sweep,129,complete,10,10,100,4950,99.0,4,5,5,200000,0,100,1,52200,True
q_sweep,axelrod_q_sweep,130,complete,10,10,100,4950,99.0,4,5,5,200000,0,97,1,50700,True
q_sweep,axelrod_q_sweep,131,complete,10,10,100,4950,99.0,4,5,5,200000,0,97,1,63500,True
q_sweep,axelrod_q_sweep,132,complete,10,10,100,4950,99.0,4,5,5,200000,0,98,1,50700,True
q_sweep,axelrod_q_sweep,133,complete,10,10,100,4950,99.0,4,5,5,200000,0,96,1,45800,True
q_sweep,axelrod_q_sweep,134,complete,10,10,100,4950,99.0,4,5,5,200000,0,97,1,71500,True
q_sweep,axelrod_q_sweep,135,complete,10,10,100,4950,99.0,4,5,5,200000,0,96,1,46200,True
q_sweep,axelrod_q_sweep,136,complete,10,10,100,4950,99.0,4,5,5,200000,0,99,1,54900,True
q_sweep,axelrod_q_sweep,137,complete,10,10,100,4950,99.0,4,5,5,200000,0,99,1,45600,True
q_sweep,axelrod_q_sweep,138,complete,10,10,100,4950,99.0,4,5,5,200000,0,99,1,35800,True
q_sweep,axelrod_q_sweep,139,complete,10,10,100,4950,99.0,4,5,5,200000,0,97,1,33200,True
q_sweep,axelrod_q_sweep,140,complete,10,10,100,4950,99.0,4,5,5,200000,0,96,1,45000,True
q_sweep,axelrod_q_sweep,141,complete,10,10,100,4950,99.0,4,5,5,200000,0,99,1,39400,True
q_sweep,axelrod_q_sweep,142,complete,10,10,100,4950,99.0,4,5,5,200000,0,99,1,65400,True
q_sweep,axelrod_q_sweep,143,complete,10,10,100,4950,99.0,4,5,5,200000,0,98,1,45700,True
q_sweep,axelrod_q_sweep,144,complete,10,10,100,4950,99.0,4,5,5,200000,0,98,2,39400,True
q_sweep,axelrod_q_sweep,145,complete,10,10,100,4950,99.0,4,5,5,200000,0,100,1,54100,True
q_sweep,axelrod_q_sweep,146,complete,10,10,100,4950,99.0,4,5,5,200000,0,98,1,52400,True
q_sweep,axelrod_q_sweep,147,complete,10,10,100,4950,99.0,4,5,5,200000,0,100,1,49100,True
q_sweep,axelrod_q_sweep,148,complete,10,10,100,4950,99.0,4,5,5,200000,0,98,1,33200,True
q_sweep,axelrod_q_sweep,149,complete,10,10,100,4950,99.0,4,5,5,200000,0,98,1,36600,True
q_sweep,axelrod_q_sweep,150,complete,10,10,100,4950,99.0,4,5,5,200000,0,99,1,65800,True
q_sweep,axelrod_q_sweep,151,complete,10,10,100,4950,99.0,4,5,5,200000,0,98,1,83300,True
q_sweep,axelrod_q_sweep,152,complete,10,10,100,4950,99.0,4,5,5,200000,0,97,1,49300,True
q_sweep,axelrod_q_sweep,153,complete,10,10,100,4950,99.0,4,5,5,200000,0,97,1,34400,True
q_sweep,axelrod_q_sweep,154,complete,10,10,100,4950,99.0,4,5,5,200000,0,98,1,77000,True
q_sweep,axelrod_q_sweep,155,complete,10,10,100,4950,99.0,4,5,5,200000,0,99,1,34400,True
q_sweep,axelrod_q_sweep,156,complete,10,10,100,4950,99.0,4,5,5,200000,0,98,1,58300,True
q_sweep,axelrod_q_sweep,157,complete,10,10,100,4950,99.0,4,5,5,200000,0,98,1,69600,True
q_sweep,axelrod_q_sweep,158,complete,10,10,100,4950,99.0,4,5,5,200000,0,100,1,70900,True
q_sweep,axelrod_q_sweep,159,complete,10,10,100,4950,99.0,4,5,5,200000,0,100,1,27700,True
q_sweep,axelrod_q_sweep,160,complete,10,10,100,4950,99.0,4,5,5,200000,0,99,1,58200,True
q_sweep,axelrod_q_sweep,161,complete,10,10,100,4950,99.0,4,5,5,200000,0,99,1,61500,True
q_sweep,axelrod_q_sweep,162,complete,10,10,100,4950,99.0,4,5,5,200000,0,97,1,59000,True
q_sweep,axelrod_q_sweep,163,complete,10,10,100,4950,99.0,4,5,5,200000,0,98,1,55000,True
q_sweep,axelrod_q_sweep,164,complete,10,10,100,4950,99.0,4,5,5,200000,0,98,1,70600,True
q_sweep,axelrod_q_sweep,165,complete,10,10,100,4950,99.0,4,5,5,200000,0,98,1,60300,True
q_sweep,axelrod_q_sweep,166,complete,10,10,100,4950,99.0,4,5,5,200000,0,98,1,38600,True
q_sweep,axelrod_q_sweep,167,complete,10,10,100,4950,99.0,4,5,5,200000,0,100,1,44200,True
q_sweep,axelrod_q_sweep,168,complete,10,10,100,4950,99.0,4,5,5,200000,0,96,1,65300,True
q_sweep,axelrod_q_sweep,169,complete,10,10,100,4950,99.0,4,5,5,200000,0,100,1,47800,True
q_sweep,axelrod_q_sweep,170,complete,10,10,100,4950,99.0,4,5,5,200000,0,100,1,67800,True
q_sweep,axelrod_q_sweep,171,complete,10,10,100,4950,99.0,4,5,5,200000,0,97,1,44200,True
q_sweep,axelrod_q_sweep,172,complete,10,10,100,4950,99.0,4,5,5,200000,0,98,1,43100,True
q_sweep,axelrod_q_sweep,173,complete,10,10,100,4950,99.0,4,5,5,200000,0,98,1,52100,True
q_sweep,axelrod_q_sweep,174,complete,10,10,100,4950,99.0,4,5,5,200000,0,99,1,55400,True
q_sweep,axelrod_q_sweep,175,complete,10,10,100,4950,99.0,4,5,5,200000,0,99,1,62900,True
q_sweep,axelrod_q_sweep,176,complete,10,10,100,4950,99.0,4,5,5,200000,0,98,1,79900,True
q_sweep,axelrod_q_sweep,177,complete,10,10,100,4950,99.0,4,5,5,200000,0,98,1,62100,True
q_sweep,axelrod_q_sweep,178,complete,10,10,100,4950,99.0,4,5,5,200000,0,99,1,46300,True
q_sweep,axelrod_q_sweep,179,complete,10,10,100,4950,99.0,4,5,5,200000,0,97,1,37300,True
q_sweep,axelrod_q_sweep,180,complete,10,10,100,4950,99.0,4,5,5,200000,0,97,1,44200,True
q_sweep,axelrod_q_sweep,181,complete,10,10,100,4950,99.0,4,5,5,200000,0,100,1,56700,True
q_sweep,axelrod_q_sweep,182,complete,10,10,100,4950,99.0,4,5,5,200000,0,100,1,50800,True
q_sweep,axelrod_q_sweep,183,complete,10,10,100,4950,99.0,4,5,5,200000,0,99,1,56500,True
q_sweep,axelrod_q_sweep,184,complete,10,10,100,4950,99.0,4,5,5,200000,0,98,1,49400,True
q_sweep,axelrod_q_sweep,185,complete,10,10,100,4950,99.0,4,5,5,200000,0,98,1,51900,True
q_sweep,axelrod_q_sweep,186,complete,10,10,100,4950,99.0,4,5,5,200000,0,97,1,33200,True
q_sweep,axelrod_q_sweep,187,complete,10,10,100,4950,99.0,4,5,5,200000,0,99,1,41800,True
q_sweep,axelrod_q_sweep,188,complete,10,10,100,4950,99.0,4,5,5,200000,0,98,1,49000,True
q_sweep,axelrod_q_sweep,189,complete,10,10,100,4950,99.0,4,5,5,200000,0,99,1,58300,True
q_sweep,axelrod_q_sweep,190,complete,10,10,100,4950,99.0,4,5,5,200000,0,100,1,40200,True
q_sweep,axelrod_q_sweep,191,complete,10,10,100,4950,99.0,4,5,5,200000,0,98,1,51400,True
q_sweep,axelrod_q_sweep,192,complete,10,10,100,4950,99.0,4,5,5,200000,0,99,1,63300,True
q_sweep,axelrod_q_sweep,193,complete,10,10,100,4950,99.0,4,5,5,200000,0,96,1,69600,True
q_sweep,axelrod_q_sweep,194,complete,10,10,100,4950,99.0,4,5,5,200000,0,98,1,44800,True
q_sweep,axelrod_q_sweep,195,complete,10,10,100,4950,99.0,4,5,5,200000,0,99,1,80100,True
q_sweep,axelrod_q_sweep,196,complete,10,10,100,4950,99.0,4,5,5,200000,0,99,1,60000,True
q_sweep,axelrod_q_sweep,197,complete,10,10,100,4950,99.0,4,5,5,200000,0,99,1,53900,True
q_sweep,axelrod_q_sweep,198,complete,10,10,100,4950,99.0,4,5,5,200000,0,99,1,52700,True
q_sweep,axelrod_q_sweep,199,complete,10,10,100,4950,99.0,4,5,5,200000,0,98,1,59000,True
q_sweep,axelrod_q_sweep,0,complete,10,10,100,4950,99.0,4,5,10,200000,0,100,1,57600,True
q_sweep,axelrod_q_sweep,1,complete,10,10,100,4950,99.0,4,5,10,200000,0,100,1,65700,True
q_sweep,axelrod_q_sweep,2,complete,10,10,100,4950,99.0,4,5,10,200000,0,100,1,72800,True
q_sweep,axelrod_q_sweep,3,complete,10,10,100,4950,99.0,4,5,10,200000,0,100,1,61800,True
q_sweep,axelrod_q_sweep,4,complete,10,10,100,4950,99.0,4,5,10,200000,0,100,1,108200,True
q_sweep,axelrod_q_sweep,5,complete,10,10,100,4950,99.0,4,5,10,200000,0,100,1,74000,True
q_sweep,axelrod_q_sweep,6,complete,10,10,100,4950,99.0,4,5,10,200000,0,100,1,103400,True
q_sweep,axelrod_q_sweep,7,complete,10,10,100,4950,99.0,4,5,10,200000,0,99,1,79400,True
q_sweep,axelrod_q_sweep,8,complete,10,10,100,4950,99.0,4,5,10,200000,0,100,1,57000,True
q_sweep,axelrod_q_sweep,9,complete,10,10,100,4950,99.0,4,5,10,200000,0,100,1,53600,True
q_sweep,axelrod_q_sweep,10,complete,10,10,100,4950,99.0,4,5,10,200000,0,100,2,63500,True
q_sweep,axelrod_q_sweep,11,complete,10,10,100,4950,99.0,4,5,10,200000,0,100,1,49300,True
q_sweep,axelrod_q_sweep,12,complete,10,10,100,4950,99.0,4,5,10,200000,0,100,1,99900,True
q_sweep,axelrod_q_sweep,13,complete,10,10,100,4950,99.0,4,5,10,200000,0,100,1,62100,True
q_sweep,axelrod_q_sweep,14,complete,10,10,100,4950,99.0,4,5,10,200000,0,100,1,63100,True
q_sweep,axelrod_q_sweep,15,complete,10,10,100,4950,99.0,4,5,10,200000,0,100,1,72900,True
q_sweep,axelrod_q_sweep,16,complete,10,10,100,4950,99.0,4,5,10,200000,0,100,1,72900,True
q_sweep,axelrod_q_sweep,17,complete,10,10,100,4950,99.0,4,5,10,200000,0,99,1,71500,True
q_sweep,axelrod_q_sweep,18,complete,10,10,100,4950,99.0,4,5,10,200000,0,100,1,71700,True
q_sweep,axelrod_q_sweep,19,complete,10,10,100,4950,99.0,4,5,10,200000,0,100,1,61300,True
q_sweep,axelrod_q_sweep,20,complete,10,10,100,4950,99.0,4,5,10,200000,0,100,1,93400,True
q_sweep,axelrod_q_sweep,21,complete,10,10,100,4950,99.0,4,5,10,200000,0,100,1,62300,True
q_sweep,axelrod_q_sweep,22,complete,10,10,100,4950,99.0,4,5,10,200000,0,100,1,56400,True
q_sweep,axelrod_q_sweep,23,complete,10,10,100,4950,99.0,4,5,10,200000,0,100,1,62600,True
q_sweep,axelrod_q_sweep,24,complete,10,10,100,4950,99.0,4,5,10,200000,0,100,2,44900,True
q_sweep,axelrod_q_sweep,25,complete,10,10,100,4950,99.0,4,5,10,200000,0,100,1,85200,True
q_sweep,axelrod_q_sweep,26,complete,10,10,100,4950,99.0,4,5,10,200000,0,100,1,51100,True
q_sweep,axelrod_q_sweep,27,complete,10,10,100,4950,99.0,4,5,10,200000,0,100,1,60800,True
q_sweep,axelrod_q_sweep,28,complete,10,10,100,4950,99.0,4,5,10,200000,0,100,1,60700,True
q_sweep,axelrod_q_sweep,29,complete,10,10,100,4950,99.0,4,5,10,200000,0,100,1,93500,True
q_sweep,axelrod_q_sweep,30,complete,10,10,100,4950,99.0,4,5,10,200000,0,100,1,57900,True
q_sweep,axelrod_q_sweep,31,complete,10,10,100,4950,99.0,4,5,10,200000,0,100,1,79400,True
q_sweep,axelrod_q_sweep,32,complete,10,10,100,4950,99.0,4,5,10,200000,0,100,1,66100,True
q_sweep,axelrod_q_sweep,33,complete,10,10,100,4950,99.0,4,5,10,200000,0,100,2,80600,True
q_sweep,axelrod_q_sweep,34,complete,10,10,100,4950,99.0,4,5,10,200000,0,100,1,68300,True
q_sweep,axelrod_q_sweep,35,complete,10,10,100,4950,99.0,4,5,10,200000,0,100,1,110000,True
q_sweep,axelrod_q_sweep,36,complete,10,10,100,4950,99.0,4,5,10,200000,0,100,1,45100,True
q_sweep,axelrod_q_sweep,37,complete,10,10,100,4950,99.0,4,5,10,200000,0,100,1,73700,True
q_sweep,axelrod_q_sweep,38,complete,10,10,100,4950,99.0,4,5,10,200000,0,100,1,84700,True
q_sweep,axelrod_q_sweep,39,complete,10,10,100,4950,99.0,4,5,10,200000,0,100,1,64500,True
q_sweep,axelrod_q_sweep,40,complete,10,10,100,4950,99.0,4,5,10,200000,0,100,1,51500,True
q_sweep,axelrod_q_sweep,41,complete,10,10,100,4950,99.0,4,5,10,200000,0,100,1,64400,True
q_sweep,axelrod_q_sweep,42,complete,10,10,100,4950,99.0,4,5,10,200000,0,100,1,97000,True
q_sweep,axelrod_q_sweep,43,complete,10,10,100,4950,99.0,4,5,10,200000,0,100,1,67200,True
q_sweep,axelrod_q_sweep,44,complete,10,10,100,4950,99.0,4,5,10,200000,0,100,1,70500,True
q_sweep,axelrod_q_sweep,45,complete,10,10,100,4950,99.0,4,5,10,200000,0,100,1,67100,True
q_sweep,axelrod_q_sweep,46,complete,10,10,100,4950,99.0,4,5,10,200000,0,100,2,53200,True
q_sweep,axelrod_q_sweep,47,complete,10,10,100,4950,99.0,4,5,10,200000,0,100,1,67700,True
q_sweep,axelrod_q_sweep,48,complete,10,10,100,4950,99.0,4,5,10,200000,0,100,1,84700,True
q_sweep,axelrod_q_sweep,49,complete,10,10,100,4950,99.0,4,5,10,200000,0,100,1,54900,True
q_sweep,axelrod_q_sweep,50,complete,10,10,100,4950,99.0,4,5,10,200000,0,100,1,57700,True
q_sweep,axelrod_q_sweep,51,complete,10,10,100,4950,99.0,4,5,10,200000,0,100,1,57500,True
q_sweep,axelrod_q_sweep,52,complete,10,10,100,4950,99.0,4,5,10,200000,0,100,2,54700,True
q_sweep,axelrod_q_sweep,53,complete,10,10,100,4950,99.0,4,5,10,200000,0,100,1,68300,True
q_sweep,axelrod_q_sweep,54,complete,10,10,100,4950,99.0,4,5,10,200000,0,100,1,58100,True
q_sweep,axelrod_q_sweep,55,complete,10,10,100,4950,99.0,4,5,10,200000,0,100,1,47500,True
q_sweep,axelrod_q_sweep,56,complete,10,10,100,4950,99.0,4,5,10,200000,0,100,1,64000,True
q_sweep,axelrod_q_sweep,57,complete,10,10,100,4950,99.0,4,5,10,200000,0,100,1,57000,True
q_sweep,axelrod_q_sweep,58,complete,10,10,100,4950,99.0,4,5,10,200000,0,100,1,61900,True
q_sweep,axelrod_q_sweep,59,complete,10,10,100,4950,99.0,4,5,10,200000,0,100,1,51400,True
q_sweep,axelrod_q_sweep,60,complete,10,10,100,4950,99.0,4,5,10,200000,0,100,1,74400,True
q_sweep,axelrod_q_sweep,61,complete,10,10,100,4950,99.0,4,5,10,200000,0,100,1,61500,True
q_sweep,axelrod_q_sweep,62,complete,10,10,100,4950,99.0,4,5,10,200000,0,100,1,76100,True
q_sweep,axelrod_q_sweep,63,complete,10,10,100,4950,99.0,4,5,10,200000,0,100,1,54500,True
q_sweep,axelrod_q_sweep,64,complete,10,10,100,4950,99.0,4,5,10,200000,0,100,1,86300,True
q_sweep,axelrod_q_sweep,65,complete,10,10,100,4950,99.0,4,5,10,200000,0,100,1,64600,True
q_sweep,axelrod_q_sweep,66,complete,10,10,100,4950,99.0,4,5,10,200000,0,100,1,51900,True
q_sweep,axelrod_q_sweep,67,complete,10,10,100,4950,99.0,4,5,10,200000,0,100,1,60800,True
q_sweep,axelrod_q_sweep,68,complete,10,10,100,4950,99.0,4,5,10,200000,0,100,1,78900,True
q_sweep,axelrod_q_sweep,69,complete,10,10,100,4950,99.0,4,5,10,200000,0,100,1,55000,True
q_sweep,axelrod_q_sweep,70,complete,10,10,100,4950,99.0,4,5,10,200000,0,100,1,56500,True
q_sweep,axelrod_q_sweep,71,complete,10,10,100,4950,99.0,4,5,10,200000,0,100,1,58300,True
q_sweep,axelrod_q_sweep,72,complete,10,10,100,4950,99.0,4,5,10,200000,0,100,1,83300,True
q_sweep,axelrod_q_sweep,73,complete,10,10,100,4950,99.0,4,5,10,200000,0,100,1,66600,True
q_sweep,axelrod_q_sweep,74,complete,10,10,100,4950,99.0,4,5,10,200000,0,100,1,76700,True
q_sweep,axelrod_q_sweep,75,complete,10,10,100,4950,99.0,4,5,10,200000,0,100,1,65600,True
q_sweep,axelrod_q_sweep,76,complete,10,10,100,4950,99.0,4,5,10,200000,0,100,1,81600,True
q_sweep,axelrod_q_sweep,77,complete,10,10,100,4950,99.0,4,5,10,200000,0,100,1,82100,True
q_sweep,axelrod_q_sweep,78,complete,10,10,100,4950,99.0,4,5,10,200000,0,100,1,84700,True
q_sweep,axelrod_q_sweep,79,complete,10,10,100,4950,99.0,4,5,10,200000,0,100,1,88300,True
q_sweep,axelrod_q_sweep,80,complete,10,10,100,4950,99.0,4,5,10,200000,0,100,1,54700,True
q_sweep,axelrod_q_sweep,81,complete,10,10,100,4950,99.0,4,5,10,200000,0,100,1,50400,True
q_sweep,axelrod_q_sweep,82,complete,10,10,100,4950,99.0,4,5,10,200000,0,100,1,60000,True
q_sweep,axelrod_q_sweep,83,complete,10,10,100,4950,99.0,4,5,10,200000,0,100,1,101300,True
q_sweep,axelrod_q_sweep,84,complete,10,10,100,4950,99.0,4,5,10,200000,0,100,1,59700,True
q_sweep,axelrod_q_sweep,85,complete,10,10,100,4950,99.0,4,5,10,200000,0,100,1,68000,True
q_sweep,axelrod_q_sweep,86,complete,10,10,100,4950,99.0,4,5,10,200000,0,100,1,49200,True
q_sweep,axelrod_q_sweep,87,complete,10,10,100,4950,99.0,4,5,10,200000,0,100,1,77600,True
q_sweep,axelrod_q_sweep,88,complete,10,10,100,4950,99.0,4,5,10,200000,0,100,1,65100,True
q_sweep,axelrod_q_sweep,89,complete,10,10,100,4950,99.0,4,5,10,200000,0,100,1,77600,True
q_sweep,axelrod_q_sweep,90,complete,10,10,100,4950,99.0,4,5,10,200000,0,100,1,68200,True
q_sweep,axelrod_q_sweep,91,complete,10,10,100,4950,99.0,4,5,10,200000,0,100,1,70700,True
q_sweep,axelrod_q_sweep,92,complete,10,10,100,4950,99.0,4,5,10,200000,0,100,1,57200,True
q_sweep,axelrod_q_sweep,93,complete,10,10,100,4950,99.0,4,5,10,200000,0,100,1,50700,True
q_sweep,axelrod_q_sweep,94,complete,10,10,100,4950,99.0,4,5,10,200000,0,100,1,74800,True
q_sweep,axelrod_q_sweep,95,complete,10,10,100,4950,99.0,4,5,10,200000,0,100,1,82100,True
q_sweep,axelrod_q_sweep,96,complete,10,10,100,4950,99.0,4,5,10,200000,0,100,1,82200,True
q_sweep,axelrod_q_sweep,97,complete,10,10,100,4950,99.0,4,5,10,200000,0,100,1,73400,True
q_sweep,axelrod_q_sweep,98,complete,10,10,100,4950,99.0,4,5,10,200000,0,100,1,75900,True
q_sweep,axelrod_q_sweep,99,complete,10,10,100,4950,99.0,4,5,10,200000,0,100,1,76400,True
q_sweep,axelrod_q_sweep,100,complete,10,10,100,4950,99.0,4,5,10,200000,0,99,1,99800,True
q_sweep,axelrod_q_sweep,101,complete,10,10,100,4950,99.0,4,5,10,200000,0,100,1,54700,True
q_sweep,axelrod_q_sweep,102,complete,10,10,100,4950,99.0,4,5,10,200000,0,100,1,88500,True
q_sweep,axelrod_q_sweep,103,complete,10,10,100,4950,99.0,4,5,10,200000,0,100,1,64000,True
q_sweep,axelrod_q_sweep,104,complete,10,10,100,4950,99.0,4,5,10,200000,0,100,1,72800,True
q_sweep,axelrod_q_sweep,105,complete,10,10,100,4950,99.0,4,5,10,200000,0,100,1,47800,True
q_sweep,axelrod_q_sweep,106,complete,10,10,100,4950,99.0,4,5,10,200000,0,100,1,66100,True
q_sweep,axelrod_q_sweep,107,complete,10,10,100,4950,99.0,4,5,10,200000,0,100,1,91200,True
q_sweep,axelrod_q_sweep,108,complete,10,10,100,4950,99.0,4,5,10,200000,0,100,1,70200,True
q_sweep,axelrod_q_sweep,109,complete,10,10,100,4950,99.0,4,5,10,200000,0,100,1,58900,True
q_sweep,axelrod_q_sweep,110,complete,10,10,100,4950,99.0,4,5,10,200000,0,100,1,65100,True
q_sweep,axelrod_q_sweep,111,complete,10,10,100,4950,99.0,4,5,10,200000,0,100,1,59000,True
q_sweep,axelrod_q_sweep,112,complete,10,10,100,4950,99.0,4,5,10,200000,0,100,1,63800,True
q_sweep,axelrod_q_sweep,113,complete,10,10,100,4950,99.0,4,5,10,200000,0,100,1,70700,True
q_sweep,axelrod_q_sweep,114,complete,10,10,100,4950,99.0,4,5,10,200000,0,100,1,72600,True
q_sweep,axelrod_q_sweep,115,complete,10,10,100,4950,99.0,4,5,10,200000,0,100,1,51000,True
q_sweep,axelrod_q_sweep,116,complete,10,10,100,4950,99.0,4,5,10,200000,0,99,1,58000,True
q_sweep,axelrod_q_sweep,117,complete,10,10,100,4950,99.0,4,5,10,200000,0,100,1,79400,True
q_sweep,axelrod_q_sweep,118,complete,10,10,100,4950,99.0,4,5,10,200000,0,100,1,54100,True
q_sweep,axelrod_q_sweep,119,complete,10,10,100,4950,99.0,4,5,10,200000,0,100,1,68200,True
q_sweep,axelrod_q_sweep,120,complete,10,10,100,4950,99.0,4,5,10,200000,0,100,1,51800,True
q_sweep,axelrod_q_sweep,121,complete,10,10,100,4950,99.0,4,5,10,200000,0,100,1,70500,True
q_sweep,axelrod_q_sweep,122,complete,10,10,100,4950,99.0,4,5,10,200000,0,100,1,84000,True
q_sweep,axelrod_q_sweep,123,complete,10,10,100,4950,99.0,4,5,10,200000,0,100,1,72600,True
q_sweep,axelrod_q_sweep,124,complete,10,10,100,4950,99.0,4,5,10,200000,0,100,2,67400,True
q_sweep,axelrod_q_sweep,125,complete,10,10,100,4950,99.0,4,5,10,200000,0,100,1,85300,True
q_sweep,axelrod_q_sweep,126,complete,10,10,100,4950,99.0,4,5,10,200000,0,100,2,64500,True
q_sweep,axelrod_q_sweep,127,complete,10,10,100,4950,99.0,4,5,10,200000,0,100,1,62700,True
q_sweep,axelrod_q_sweep,128,complete,10,10,100,4950,99.0,4,5,10,200000,0,100,1,73000,True
q_sweep,axelrod_q_sweep,129,complete,10,10,100,4950,99.0,4,5,10,200000,0,100,1,66000,True
q_sweep,axelrod_q_sweep,130,complete,10,10,100,4950,99.0,4,5,10,200000,0,100,1,56900,True
q_sweep,axelrod_q_sweep,131,complete,10,10,100,4950,99.0,4,5,10,200000,0,100,1,77800,True
q_sweep,axelrod_q_sweep,132,complete,10,10,100,4950,99.0,4,5,10,200000,0,100,1,75800,True
q_sweep,axelrod_q_sweep,133,complete,10,10,100,4950,99.0,4,5,10,200000,0,100,1,64500,True
q_sweep,axelrod_q_sweep,134,complete,10,10,100,4950,99.0,4,5,10,200000,0,100,1,79900,True
q_sweep,axelrod_q_sweep,135,complete,10,10,100,4950,99.0,4,5,10,200000,0,100,1,81600,True
q_sweep,axelrod_q_sweep,136,complete,10,10,100,4950,99.0,4,5,10,200000,0,100,1,71500,True
q_sweep,axelrod_q_sweep,137,complete,10,10,100,4950,99.0,4,5,10,200000,0,100,1,66300,True
q_sweep,axelrod_q_sweep,138,complete,10,10,100,4950,99.0,4,5,10,200000,0,100,1,64300,True
q_sweep,axelrod_q_sweep,139,complete,10,10,100,4950,99.0,4,5,10,200000,0,100,1,71500,True
q_sweep,axelrod_q_sweep,140,complete,10,10,100,4950,99.0,4,5,10,200000,0,100,1,82100,True
q_sweep,axelrod_q_sweep,141,complete,10,10,100,4950,99.0,4,5,10,200000,0,100,1,74000,True
q_sweep,axelrod_q_sweep,142,complete,10,10,100,4950,99.0,4,5,10,200000,0,100,1,71100,True
q_sweep,axelrod_q_sweep,143,complete,10,10,100,4950,99.0,4,5,10,200000,0,100,1,89700,True
q_sweep,axelrod_q_sweep,144,complete,10,10,100,4950,99.0,4,5,10,200000,0,100,1,50000,True
q_sweep,axelrod_q_sweep,145,complete,10,10,100,4950,99.0,4,5,10,200000,0,100,1,72200,True
q_sweep,axelrod_q_sweep,146,complete,10,10,100,4950,99.0,4,5,10,200000,0,100,1,84600,True
q_sweep,axelrod_q_sweep,147,complete,10,10,100,4950,99.0,4,5,10,200000,0,100,1,79700,True
q_sweep,axelrod_q_sweep,148,complete,10,10,100,4950,99.0,4,5,10,200000,0,100,1,65700,True
q_sweep,axelrod_q_sweep,149,complete,10,10,100,4950,99.0,4,5,10,200000,0,100,1,93000,True
q_sweep,axelrod_q_sweep,150,complete,10,10,100,4950,99.0,4,5,10,200000,0,100,1,65000,True
q_sweep,axelrod_q_sweep,151,complete,10,10,100,4950,99.0,4,5,10,200000,0,100,1,74300,True
q_sweep,axelrod_q_sweep,152,complete,10,10,100,4950,99.0,4,5,10,200000,0,100,1,50200,True
q_sweep,axelrod_q_sweep,153,complete,10,10,100,4950,99.0,4,5,10,200000,0,100,1,62000,True
q_sweep,axelrod_q_sweep,154,complete,10,10,100,4950,99.0,4,5,10,200000,0,100,1,67500,True
q_sweep,axelrod_q_sweep,155,complete,10,10,100,4950,99.0,4,5,10,200000,0,100,1,75200,True
q_sweep,axelrod_q_sweep,156,complete,10,10,100,4950,99.0,4,5,10,200000,0,100,1,69200,True
q_sweep,axelrod_q_sweep,157,complete,10,10,100,4950,99.0,4,5,10,200000,0,100,1,68800,True
q_sweep,axelrod_q_sweep,158,complete,10,10,100,4950,99.0,4,5,10,200000,0,100,2,64100,True
q_sweep,axelrod_q_sweep,159,complete,10,10,100,4950,99.0,4,5,10,200000,0,100,1,64900,True
q_sweep,axelrod_q_sweep,160,complete,10,10,100,4950,99.0,4,5,10,200000,0,100,1,75200,True
q_sweep,axelrod_q_sweep,161,complete,10,10,100,4950,99.0,4,5,10,200000,0,100,1,70900,True
q_sweep,axelrod_q_sweep,162,complete,10,10,100,4950,99.0,4,5,10,200000,0,100,1,61300,True
q_sweep,axelrod_q_sweep,163,complete,10,10,100,4950,99.0,4,5,10,200000,0,100,1,83200,True
q_sweep,axelrod_q_sweep,164,complete,10,10,100,4950,99.0,4,5,10,200000,0,100,1,65700,True
q_sweep,axelrod_q_sweep,165,complete,10,10,100,4950,99.0,4,5,10,200000,0,100,2,56300,True
q_sweep,axelrod_q_sweep,166,complete,10,10,100,4950,99.0,4,5,10,200000,0,100,1,82900,True
q_sweep,axelrod_q_sweep,167,complete,10,10,100,4950,99.0,4,5,10,200000,0,100,1,54700,True
q_sweep,axelrod_q_sweep,168,complete,10,10,100,4950,99.0,4,5,10,200000,0,99,1,79600,True
q_sweep,axelrod_q_sweep,169,complete,10,10,100,4950,99.0,4,5,10,200000,0,100,1,74800,True
q_sweep,axelrod_q_sweep,170,complete,10,10,100,4950,99.0,4,5,10,200000,0,100,1,51100,True
q_sweep,axelrod_q_sweep,171,complete,10,10,100,4950,99.0,4,5,10,200000,0,100,1,57000,True
q_sweep,axelrod_q_sweep,172,complete,10,10,100,4950,99.0,4,5,10,200000,0,100,1,48600,True
q_sweep,axelrod_q_sweep,173,complete,10,10,100,4950,99.0,4,5,10,200000,0,100,1,60900,True
q_sweep,axelrod_q_sweep,174,complete,10,10,100,4950,99.0,4,5,10,200000,0,100,1,56600,True
q_sweep,axelrod_q_sweep,175,complete,10,10,100,4950,99.0,4,5,10,200000,0,100,1,60100,True
q_sweep,axelrod_q_sweep,176,complete,10,10,100,4950,99.0,4,5,10,200000,0,100,1,61000,True
q_sweep,axelrod_q_sweep,177,complete,10,10,100,4950,99.0,4,5,10,200000,0,100,1,95200,True
q_sweep,axelrod_q_sweep,178,complete,10,10,100,4950,99.0,4,5,10,200000,0,100,1,67200,True
q_sweep,axelrod_q_sweep,179,complete,10,10,100,4950,99.0,4,5,10,200000,0,100,1,75100,True
q_sweep,axelrod_q_sweep,180,complete,10,10,100,4950,99.0,4,5,10,200000,0,100,1,66400,True
q_sweep,axelrod_q_sweep,181,complete,10,10,100,4950,99.0,4,5,10,200000,0,100,1,58500,True
q_sweep,axelrod_q_sweep,182,complete,10,10,100,4950,99.0,4,5,10,200000,0,100,1,71800,True
q_sweep,axelrod_q_sweep,183,complete,10,10,100,4950,99.0,4,5,10,200000,0,100,1,67100,True
q_sweep,axelrod_q_sweep,184,complete,10,10,100,4950,99.0,4,5,10,200000,0,100,1,55500,True
q_sweep,axelrod_q_sweep,185,complete,10,10,100,4950,99.0,4,5,10,200000,0,100,1,63200,True
q_sweep,axelrod_q_sweep,186,complete,10,10,100,4950,99.0,4,5,10,200000,0,100,1,94800,True
q_sweep,axelrod_q_sweep,187,complete,10,10,100,4950,99.0,4,5,10,200000,0,100,1,61900,True
q_sweep,axelrod_q_sweep,188,complete,10,10,100,4950,99.0,4,5,10,200000,0,99,1,51900,True
q_sweep,axelrod_q_sweep,189,complete,10,10,100,4950,99.0,4,5,10,200000,0,100,3,64700,True
q_sweep,axelrod_q_sweep,190,complete,10,10,100,4950,99.0,4,5,10,200000,0,100,1,68200,True
q_sweep,axelrod_q_sweep,191,complete,10,10,100,4950,99.0,4,5,10,200000,0,100,1,78600,True
q_sweep,axelrod_q_sweep,192,complete,10,10,100,4950,99.0,4,5,10,200000,0,100,1,78000,True
q_sweep,axelrod_q_sweep,193,complete,10,10,100,4950,99.0,4,5,10,200000,0,100,1,77700,True
q_sweep,axelrod_q_sweep,194,complete,10,10,100,4950,99.0,4,5,10,200000,0,100,2,63400,True
q_sweep,axelrod_q_sweep,195,complete,10,10,100,4950,99.0,4,5,10,200000,0,100,1,88800,True
q_sweep,axelrod_q_sweep,196,complete,10,10,100,4950,99.0,4,5,10,200000,0,100,2,73800,True
q_sweep,axelrod_q_sweep,197,complete,10,10,100,4950,99.0,4,5,10,200000,0,100,1,69600,True
q_sweep,axelrod_q_sweep,198,complete,10,10,100,4950,99.0,4,5,10,200000,0,100,1,68200,True
q_sweep,axelrod_q_sweep,199,complete,10,10,100,4950,99.0,4,5,10,200000,0,100,1,60400,True
q_sweep,axelrod_q_sweep,0,complete,10,10,100,4950,99.0,4,5,20,200000,0,100,1,96500,True
q_sweep,axelrod_q_sweep,1,complete,10,10,100,4950,99.0,4,5,20,200000,0,100,1,67100,True
q_sweep,axelrod_q_sweep,2,complete,10,10,100,4950,99.0,4,5,20,200000,0,100,1,88600,True
q_sweep,axelrod_q_sweep,3,complete,10,10,100,4950,99.0,4,5,20,200000,0,100,1,84100,True
q_sweep,axelrod_q_sweep,4,complete,10,10,100,4950,99.0,4,5,20,200000,0,100,1,70400,True
q_sweep,axelrod_q_sweep,5,complete,10,10,100,4950,99.0,4,5,20,200000,0,100,1,100200,True
q_sweep,axelrod_q_sweep,6,complete,10,10,100,4950,99.0,4,5,20,200000,0,100,2,72200,True
q_sweep,axelrod_q_sweep,7,complete,10,10,100,4950,99.0,4,5,20,200000,0,100,1,92200,True
q_sweep,axelrod_q_sweep,8,complete,10,10,100,4950,99.0,4,5,20,200000,0,100,1,87600,True
q_sweep,axelrod_q_sweep,9,complete,10,10,100,4950,99.0,4,5,20,200000,0,100,1,67500,True
q_sweep,axelrod_q_sweep,10,complete,10,10,100,4950,99.0,4,5,20,200000,0,100,1,90600,True
q_sweep,axelrod_q_sweep,11,complete,10,10,100,4950,99.0,4,5,20,200000,0,100,1,119000,True
q_sweep,axelrod_q_sweep,12,complete,10,10,100,4950,99.0,4,5,20,200000,0,100,1,99000,True
q_sweep,axelrod_q_sweep,13,complete,10,10,100,4950,99.0,4,5,20,200000,0,100,1,85500,True
q_sweep,axelrod_q_sweep,14,complete,10,10,100,4950,99.0,4,5,20,200000,0,100,1,60400,True
q_sweep,axelrod_q_sweep,15,complete,10,10,100,4950,99.0,4,5,20,200000,0,100,2,94500,True
q_sweep,axelrod_q_sweep,16,complete,10,10,100,4950,99.0,4,5,20,200000,0,100,1,92500,True
q_sweep,axelrod_q_sweep,17,complete,10,10,100,4950,99.0,4,5,20,200000,0,100,1,82700,True
q_sweep,axelrod_q_sweep,18,complete,10,10,100,4950,99.0,4,5,20,200000,0,100,1,77800,True
q_sweep,axelrod_q_sweep,19,complete,10,10,100,4950,99.0,4,5,20,200000,0,100,3,68000,True
q_sweep,axelrod_q_sweep,20,complete,10,10,100,4950,99.0,4,5,20,200000,0,100,2,75300,True
q_sweep,axelrod_q_sweep,21,complete,10,10,100,4950,99.0,4,5,20,200000,0,100,1,112000,True
q_sweep,axelrod_q_sweep,22,complete,10,10,100,4950,99.0,4,5,20,200000,0,100,1,101400,True
q_sweep,axelrod_q_sweep,23,complete,10,10,100,4950,99.0,4,5,20,200000,0,100,1,84800,True
q_sweep,axelrod_q_sweep,24,complete,10,10,100,4950,99.0,4,5,20,200000,0,100,1,77200,True
q_sweep,axelrod_q_sweep,25,complete,10,10,100,4950,99.0,4,5,20,200000,0,100,1,98700,True
q_sweep,axelrod_q_sweep,26,complete,10,10,100,4950,99.0,4,5,20,200000,0,100,2,107400,True
q_sweep,axelrod_q_sweep,27,complete,10,10,100,4950,99.0,4,5,20,200000,0,100,2,90900,True
q_sweep,axelrod_q_sweep,28,complete,10,10,100,4950,99.0,4,5,20,200000,0,100,1,89600,True
q_sweep,axelrod_q_sweep,29,complete,10,10,100,4950,99.0,4,5,20,200000,0,100,1,86100,True
q_sweep,axelrod_q_sweep,30,complete,10,10,100,4950,99.0,4,5,20,200000,0,100,3,63400,True
q_sweep,axelrod_q_sweep,31,complete,10,10,100,4950,99.0,4,5,20,200000,0,100,1,93100,True
q_sweep,axelrod_q_sweep,32,complete,10,10,100,4950,99.0,4,5,20,200000,0,100,1,105100,True
q_sweep,axelrod_q_sweep,33,complete,10,10,100,4950,99.0,4,5,20,200000,0,100,2,90200,True
q_sweep,axelrod_q_sweep,34,complete,10,10,100,4950,99.0,4,5,20,200000,0,100,1,85800,True
q_sweep,axelrod_q_sweep,35,complete,10,10,100,4950,99.0,4,5,20,200000,0,100,2,70200,True
q_sweep,axelrod_q_sweep,36,complete,10,10,100,4950,99.0,4,5,20,200000,0,100,1,94400,True
q_sweep,axelrod_q_sweep,37,complete,10,10,100,4950,99.0,4,5,20,200000,0,100,1,73900,True
q_sweep,axelrod_q_sweep,38,complete,10,10,100,4950,99.0,4,5,20,200000,0,100,1,99000,True
q_sweep,axelrod_q_sweep,39,complete,10,10,100,4950,99.0,4,5,20,200000,0,100,2,81900,True
q_sweep,axelrod_q_sweep,40,complete,10,10,100,4950,99.0,4,5,20,200000,0,100,2,79500,True
q_sweep,axelrod_q_sweep,41,complete,10,10,100,4950,99.0,4,5,20,200000,0,100,1,80300,True
q_sweep,axelrod_q_sweep,42,complete,10,10,100,4950,99.0,4,5,20,200000,0,100,1,90200,True
q_sweep,axelrod_q_sweep,43,complete,10,10,100,4950,99.0,4,5,20,200000,0,100,2,74000,True
q_sweep,axelrod_q_sweep,44,complete,10,10,100,4950,99.0,4,5,20,200000,0,100,1,83600,True
q_sweep,axelrod_q_sweep,45,complete,10,10,100,4950,99.0,4,5,20,200000,0,100,2,93600,True
q_sweep,axelrod_q_sweep,46,complete,10,10,100,4950,99.0,4,5,20,200000,0,100,1,77400,True
q_sweep,axelrod_q_sweep,47,complete,10,10,100,4950,99.0,4,5,20,200000,0,100,1,112500,True
q_sweep,axelrod_q_sweep,48,complete,10,10,100,4950,99.0,4,5,20,200000,0,100,1,68700,True
q_sweep,axelrod_q_sweep,49,complete,10,10,100,4950,99.0,4,5,20,200000,0,100,1,87000,True
q_sweep,axelrod_q_sweep,50,complete,10,10,100,4950,99.0,4,5,20,200000,0,100,1,76100,True
q_sweep,axelrod_q_sweep,51,complete,10,10,100,4950,99.0,4,5,20,200000,0,100,2,73900,True
q_sweep,axelrod_q_sweep,52,complete,10,10,100,4950,99.0,4,5,20,200000,0,100,1,114900,True
q_sweep,axelrod_q_sweep,53,complete,10,10,100,4950,99.0,4,5,20,200000,0,100,3,65000,True
q_sweep,axelrod_q_sweep,54,complete,10,10,100,4950,99.0,4,5,20,200000,0,100,2,64100,True
q_sweep,axelrod_q_sweep,55,complete,10,10,100,4950,99.0,4,5,20,200000,0,100,1,89300,True
q_sweep,axelrod_q_sweep,56,complete,10,10,100,4950,99.0,4,5,20,200000,0,100,1,98000,True
q_sweep,axelrod_q_sweep,57,complete,10,10,100,4950,99.0,4,5,20,200000,0,100,1,82500,True
q_sweep,axelrod_q_sweep,58,complete,10,10,100,4950,99.0,4,5,20,200000,0,100,3,80700,True
q_sweep,axelrod_q_sweep,59,complete,10,10,100,4950,99.0,4,5,20,200000,0,100,1,124000,True
q_sweep,axelrod_q_sweep,60,complete,10,10,100,4950,99.0,4,5,20,200000,0,100,1,84600,True
q_sweep,axelrod_q_sweep,61,complete,10,10,100,4950,99.0,4,5,20,200000,0,100,1,69600,True
q_sweep,axelrod_q_sweep,62,complete,10,10,100,4950,99.0,4,5,20,200000,0,100,1,88800,True
q_sweep,axelrod_q_sweep,63,complete,10,10,100,4950,99.0,4,5,20,200000,0,100,2,94100,True
q_sweep,axelrod_q_sweep,64,complete,10,10,100,4950,99.0,4,5,20,200000,0,100,1,86700,True
q_sweep,axelrod_q_sweep,65,complete,10,10,100,4950,99.0,4,5,20,200000,0,100,1,74900,True
q_sweep,axelrod_q_sweep,66,complete,10,10,100,4950,99.0,4,5,20,200000,0,100,1,59200,True
q_sweep,axelrod_q_sweep,67,complete,10,10,100,4950,99.0,4,5,20,200000,0,100,1,87600,True
q_sweep,axelrod_q_sweep,68,complete,10,10,100,4950,99.0,4,5,20,200000,0,100,1,92400,True
q_sweep,axelrod_q_sweep,69,complete,10,10,100,4950,99.0,4,5,20,200000,0,100,1,77700,True
q_sweep,axelrod_q_sweep,70,complete,10,10,100,4950,99.0,4,5,20,200000,0,100,1,75200,True
q_sweep,axelrod_q_sweep,71,complete,10,10,100,4950,99.0,4,5,20,200000,0,100,1,92700,True
q_sweep,axelrod_q_sweep,72,complete,10,10,100,4950,99.0,4,5,20,200000,0,100,1,93100,True
q_sweep,axelrod_q_sweep,73,complete,10,10,100,4950,99.0,4,5,20,200000,0,100,1,92000,True
q_sweep,axelrod_q_sweep,74,complete,10,10,100,4950,99.0,4,5,20,200000,0,100,1,79600,True
q_sweep,axelrod_q_sweep,75,complete,10,10,100,4950,99.0,4,5,20,200000,0,100,1,74000,True
q_sweep,axelrod_q_sweep,76,complete,10,10,100,4950,99.0,4,5,20,200000,0,100,1,83300,True
q_sweep,axelrod_q_sweep,77,complete,10,10,100,4950,99.0,4,5,20,200000,0,100,1,78400,True
q_sweep,axelrod_q_sweep,78,complete,10,10,100,4950,99.0,4,5,20,200000,0,100,2,73100,True
q_sweep,axelrod_q_sweep,79,complete,10,10,100,4950,99.0,4,5,20,200000,0,100,1,75100,True
q_sweep,axelrod_q_sweep,80,complete,10,10,100,4950,99.0,4,5,20,200000,0,100,1,103000,True
q_sweep,axelrod_q_sweep,81,complete,10,10,100,4950,99.0,4,5,20,200000,0,100,1,87900,True
q_sweep,axelrod_q_sweep,82,complete,10,10,100,4950,99.0,4,5,20,200000,0,100,1,80400,True
q_sweep,axelrod_q_sweep,83,complete,10,10,100,4950,99.0,4,5,20,200000,0,100,1,85200,True
q_sweep,axelrod_q_sweep,84,complete,10,10,100,4950,99.0,4,5,20,200000,0,100,1,63200,True
q_sweep,axelrod_q_sweep,85,complete,10,10,100,4950,99.0,4,5,20,200000,0,100,1,91200,True
q_sweep,axelrod_q_sweep,86,complete,10,10,100,4950,99.0,4,5,20,200000,0,100,1,91000,True
q_sweep,axelrod_q_sweep,87,complete,10,10,100,4950,99.0,4,5,20,200000,0,100,1,91100,True
q_sweep,axelrod_q_sweep,88,complete,10,10,100,4950,99.0,4,5,20,200000,0,100,1,87700,True
q_sweep,axelrod_q_sweep,89,complete,10,10,100,4950,99.0,4,5,20,200000,0,100,1,74500,True
q_sweep,axelrod_q_sweep,90,complete,10,10,100,4950,99.0,4,5,20,200000,0,100,2,82500,True
q_sweep,axelrod_q_sweep,91,complete,10,10,100,4950,99.0,4,5,20,200000,0,100,1,87500,True
q_sweep,axelrod_q_sweep,92,complete,10,10,100,4950,99.0,4,5,20,200000,0,100,2,79800,True
q_sweep,axelrod_q_sweep,93,complete,10,10,100,4950,99.0,4,5,20,200000,0,100,1,109700,True
q_sweep,axelrod_q_sweep,94,complete,10,10,100,4950,99.0,4,5,20,200000,0,100,1,94100,True
q_sweep,axelrod_q_sweep,95,complete,10,10,100,4950,99.0,4,5,20,200000,0,100,1,90000,True
q_sweep,axelrod_q_sweep,96,complete,10,10,100,4950,99.0,4,5,20,200000,0,100,1,96100,True
q_sweep,axelrod_q_sweep,97,complete,10,10,100,4950,99.0,4,5,20,200000,0,100,1,92700,True
q_sweep,axelrod_q_sweep,98,complete,10,10,100,4950,99.0,4,5,20,200000,0,100,1,87000,True
q_sweep,axelrod_q_sweep,99,complete,10,10,100,4950,99.0,4,5,20,200000,0,100,1,81800,True
q_sweep,axelrod_q_sweep,100,complete,10,10,100,4950,99.0,4,5,20,200000,0,100,1,98700,True
q_sweep,axelrod_q_sweep,101,complete,10,10,100,4950,99.0,4,5,20,200000,0,100,1,104500,True
q_sweep,axelrod_q_sweep,102,complete,10,10,100,4950,99.0,4,5,20,200000,0,100,2,88800,True
q_sweep,axelrod_q_sweep,103,complete,10,10,100,4950,99.0,4,5,20,200000,0,100,1,72900,True
q_sweep,axelrod_q_sweep,104,complete,10,10,100,4950,99.0,4,5,20,200000,0,100,1,115200,True
q_sweep,axelrod_q_sweep,105,complete,10,10,100,4950,99.0,4,5,20,200000,0,100,2,106900,True
q_sweep,axelrod_q_sweep,106,complete,10,10,100,4950,99.0,4,5,20,200000,0,100,1,90400,True
q_sweep,axelrod_q_sweep,107,complete,10,10,100,4950,99.0,4,5,20,200000,0,100,1,88600,True
q_sweep,axelrod_q_sweep,108,complete,10,10,100,4950,99.0,4,5,20,200000,0,100,2,91700,True
q_sweep,axelrod_q_sweep,109,complete,10,10,100,4950,99.0,4,5,20,200000,0,100,2,69300,True
q_sweep,axelrod_q_sweep,110,complete,10,10,100,4950,99.0,4,5,20,200000,0,100,1,96300,True
q_sweep,axelrod_q_sweep,111,complete,10,10,100,4950,99.0,4,5,20,200000,0,100,2,64100,True
q_sweep,axelrod_q_sweep,112,complete,10,10,100,4950,99.0,4,5,20,200000,0,100,1,75400,True
q_sweep,axelrod_q_sweep,113,complete,10,10,100,4950,99.0,4,5,20,200000,0,100,1,73300,True
q_sweep,axelrod_q_sweep,114,complete,10,10,100,4950,99.0,4,5,20,200000,0,100,1,76200,True
q_sweep,axelrod_q_sweep,115,complete,10,10,100,4950,99.0,4,5,20,200000,0,100,1,55400,True
q_sweep,axelrod_q_sweep,116,complete,10,10,100,4950,99.0,4,5,20,200000,0,99,2,72100,True
q_sweep,axelrod_q_sweep,117,complete,10,10,100,4950,99.0,4,5,20,200000,0,100,1,91800,True
q_sweep,axelrod_q_sweep,118,complete,10,10,100,4950,99.0,4,5,20,200000,0,100,1,84400,True
q_sweep,axelrod_q_sweep,119,complete,10,10,100,4950,99.0,4,5,20,200000,0,100,1,105000,True
q_sweep,axelrod_q_sweep,120,complete,10,10,100,4950,99.0,4,5,20,200000,0,100,1,90000,True
q_sweep,axelrod_q_sweep,121,complete,10,10,100,4950,99.0,4,5,20,200000,0,100,1,97500,True
q_sweep,axelrod_q_sweep,122,complete,10,10,100,4950,99.0,4,5,20,200000,0,100,2,61000,True
q_sweep,axelrod_q_sweep,123,complete,10,10,100,4950,99.0,4,5,20,200000,0,100,1,74300,True
q_sweep,axelrod_q_sweep,124,complete,10,10,100,4950,99.0,4,5,20,200000,0,100,1,80900,True
q_sweep,axelrod_q_sweep,125,complete,10,10,100,4950,99.0,4,5,20,200000,0,100,1,69600,True
q_sweep,axelrod_q_sweep,126,complete,10,10,100,4950,99.0,4,5,20,200000,0,100,2,76600,True
q_sweep,axelrod_q_sweep,127,complete,10,10,100,4950,99.0,4,5,20,200000,0,100,2,86100,True
q_sweep,axelrod_q_sweep,128,complete,10,10,100,4950,99.0,4,5,20,200000,0,100,2,109800,True
q_sweep,axelrod_q_sweep,129,complete,10,10,100,4950,99.0,4,5,20,200000,0,100,2,89900,True
q_sweep,axelrod_q_sweep,130,complete,10,10,100,4950,99.0,4,5,20,200000,0,100,1,97400,True
q_sweep,axelrod_q_sweep,131,complete,10,10,100,4950,99.0,4,5,20,200000,0,100,1,85300,True
q_sweep,axelrod_q_sweep,132,complete,10,10,100,4950,99.0,4,5,20,200000,0,100,2,94100,True
q_sweep,axelrod_q_sweep,133,complete,10,10,100,4950,99.0,4,5,20,200000,0,100,1,75700,True
q_sweep,axelrod_q_sweep,134,complete,10,10,100,4950,99.0,4,5,20,200000,0,100,1,94400,True
q_sweep,axelrod_q_sweep,135,complete,10,10,100,4950,99.0,4,5,20,200000,0,100,1,87300,True
q_sweep,axelrod_q_sweep,136,complete,10,10,100,4950,99.0,4,5,20,200000,0,100,1,119000,True
q_sweep,axelrod_q_sweep,137,complete,10,10,100,4950,99.0,4,5,20,200000,0,100,1,70100,True
q_sweep,axelrod_q_sweep,138,complete,10,10,100,4950,99.0,4,5,20,200000,0,100,1,74200,True
q_sweep,axelrod_q_sweep,139,complete,10,10,100,4950,99.0,4,5,20,200000,0,100,1,100000,True
q_sweep,axelrod_q_sweep,140,complete,10,10,100,4950,99.0,4,5,20,200000,0,100,1,77700,True
q_sweep,axelrod_q_sweep,141,complete,10,10,100,4950,99.0,4,5,20,200000,0,100,2,94500,True
q_sweep,axelrod_q_sweep,142,complete,10,10,100,4950,99.0,4,5,20,200000,0,100,2,75300,True
q_sweep,axelrod_q_sweep,143,complete,10,10,100,4950,99.0,4,5,20,200000,0,100,1,95400,True
q_sweep,axelrod_q_sweep,144,complete,10,10,100,4950,99.0,4,5,20,200000,0,100,1,85600,True
q_sweep,axelrod_q_sweep,145,complete,10,10,100,4950,99.0,4,5,20,200000,0,100,1,82900,True
q_sweep,axelrod_q_sweep,146,complete,10,10,100,4950,99.0,4,5,20,200000,0,100,1,84000,True
q_sweep,axelrod_q_sweep,147,complete,10,10,100,4950,99.0,4,5,20,200000,0,100,2,86900,True
q_sweep,axelrod_q_sweep,148,complete,10,10,100,4950,99.0,4,5,20,200000,0,100,2,91700,True
q_sweep,axelrod_q_sweep,149,complete,10,10,100,4950,99.0,4,5,20,200000,0,100,1,79400,True
q_sweep,axelrod_q_sweep,150,complete,10,10,100,4950,99.0,4,5,20,200000,0,100,1,103900,True
q_sweep,axelrod_q_sweep,151,complete,10,10,100,4950,99.0,4,5,20,200000,0,100,1,79500,True
q_sweep,axelrod_q_sweep,152,complete,10,10,100,4950,99.0,4,5,20,200000,0,100,2,92600,True
q_sweep,axelrod_q_sweep,153,complete,10,10,100,4950,99.0,4,5,20,200000,0,100,2,80700,True
q_sweep,axelrod_q_sweep,154,complete,10,10,100,4950,99.0,4,5,20,200000,0,100,1,104800,True
q_sweep,axelrod_q_sweep,155,complete,10,10,100,4950,99.0,4,5,20,200000,0,100,1,108200,True
q_sweep,axelrod_q_sweep,156,complete,10,10,100,4950,99.0,4,5,20,200000,0,100,1,113400,True
q_sweep,axelrod_q_sweep,157,complete,10,10,100,4950,99.0,4,5,20,200000,0,100,1,77700,True
q_sweep,axelrod_q_sweep,158,complete,10,10,100,4950,99.0,4,5,20,200000,0,100,1,87700,True
q_sweep,axelrod_q_sweep,159,complete,10,10,100,4950,99.0,4,5,20,200000,0,100,1,109200,True
q_sweep,axelrod_q_sweep,160,complete,10,10,100,4950,99.0,4,5,20,200000,0,100,1,102000,True
q_sweep,axelrod_q_sweep,161,complete,10,10,100,4950,99.0,4,5,20,200000,0,100,2,61200,True
q_sweep,axelrod_q_sweep,162,complete,10,10,100,4950,99.0,4,5,20,200000,0,100,1,104900,True
q_sweep,axelrod_q_sweep,163,complete,10,10,100,4950,99.0,4,5,20,200000,0,100,1,102600,True
q_sweep,axelrod_q_sweep,164,complete,10,10,100,4950,99.0,4,5,20,200000,0,100,1,88200,True
q_sweep,axelrod_q_sweep,165,complete,10,10,100,4950,99.0,4,5,20,200000,0,100,1,74600,True
q_sweep,axelrod_q_sweep,166,complete,10,10,100,4950,99.0,4,5,20,200000,0,100,1,72500,True
q_sweep,axelrod_q_sweep,167,complete,10,10,100,4950,99.0,4,5,20,200000,0,100,1,82400,True
q_sweep,axelrod_q_sweep,168,complete,10,10,100,4950,99.0,4,5,20,200000,0,100,2,85200,True
q_sweep,axelrod_q_sweep,169,complete,10,10,100,4950,99.0,4,5,20,200000,0,100,3,73400,True
q_sweep,axelrod_q_sweep,170,complete,10,10,100,4950,99.0,4,5,20,200000,0,100,1,101300,True
q_sweep,axelrod_q_sweep,171,complete,10,10,100,4950,99.0,4,5,20,200000,0,100,2,80900,True
q_sweep,axelrod_q_sweep,172,complete,10,10,100,4950,99.0,4,5,20,200000,0,100,1,102300,True
q_sweep,axelrod_q_sweep,173,complete,10,10,100,4950,99.0,4,5,20,200000,0,100,2,99100,True
q_sweep,axelrod_q_sweep,174,complete,10,10,100,4950,99.0,4,5,20,200000,0,100,1,104500,True
q_sweep,axelrod_q_sweep,175,complete,10,10,100,4950,99.0,4,5,20,200000,0,100,2,114600,True
q_sweep,axelrod_q_sweep,176,complete,10,10,100,4950,99.0,4,5,20,200000,0,100,1,106800,True
q_sweep,axelrod_q_sweep,177,complete,10,10,100,4950,99.0,4,5,20,200000,0,100,1,84800,True
q_sweep,axelrod_q_sweep,178,complete,10,10,100,4950,99.0,4,5,20,200000,0,100,1,76300,True
q_sweep,axelrod_q_sweep,179,complete,10,10,100,4950,99.0,4,5,20,200000,0,100,2,79400,True
q_sweep,axelrod_q_sweep,180,complete,10,10,100,4950,99.0,4,5,20,200000,0,100,2,90700,True
q_sweep,axelrod_q_sweep,181,complete,10,10,100,4950,99.0,4,5,20,200000,0,100,1,71100,True
q_sweep,axelrod_q_sweep,182,complete,10,10,100,4950,99.0,4,5,20,200000,0,100,2,50700,True
q_sweep,axelrod_q_sweep,183,complete,10,10,100,4950,99.0,4,5,20,200000,0,100,2,72000,True
q_sweep,axelrod_q_sweep,184,complete,10,10,100,4950,99.0,4,5,20,200000,0,100,3,89900,True
q_sweep,axelrod_q_sweep,185,complete,10,10,100,4950,99.0,4,5,20,200000,0,100,1,84100,True
q_sweep,axelrod_q_sweep,186,complete,10,10,100,4950,99.0,4,5,20,200000,0,100,1,83900,True
q_sweep,axelrod_q_sweep,187,complete,10,10,100,4950,99.0,4,5,20,200000,0,100,2,102600,True
q_sweep,axelrod_q_sweep,188,complete,10,10,100,4950,99.0,4,5,20,200000,0,100,1,94200,True
q_sweep,axelrod_q_sweep,189,complete,10,10,100,4950,99.0,4,5,20,200000,0,100,1,71500,True
q_sweep,axelrod_q_sweep,190,complete,10,10,100,4950,99.0,4,5,20,200000,0,100,1,100000,True
q_sweep,axelrod_q_sweep,191,complete,10,10,100,4950,99.0,4,5,20,200000,0,100,1,69300,True
q_sweep,axelrod_q_sweep,192,complete,10,10,100,4950,99.0,4,5,20,200000,0,100,1,85300,True
q_sweep,axelrod_q_sweep,193,complete,10,10,100,4950,99.0,4,5,20,200000,0,100,1,80100,True
q_sweep,axelrod_q_sweep,194,complete,10,10,100,4950,99.0,4,5,20,200000,0,100,1,59700,True
q_sweep,axelrod_q_sweep,195,complete,10,10,100,4950,99.0,4,5,20,200000,0,100,2,91700,True
q_sweep,axelrod_q_sweep,196,complete,10,10,100,4950,99.0,4,5,20,200000,0,100,1,101700,True
q_sweep,axelrod_q_sweep,197,complete,10,10,100,4950,99.0,4,5,20,200000,0,100,1,77700,True
q_sweep,axelrod_q_sweep,198,complete,10,10,100,4950,99.0,4,5,20,200000,0,100,2,83900,True
q_sweep,axelrod_q_sweep,199,complete,10,10,100,4950,99.0,4,5,20,200000,0,100,1,99600,True
