experiment,script,seed,topology,grid_x,grid_y,N,edges,avg_degree,avg_k_target,n_features,n_traits,t_max,isolated_nodes,initial_unique_cultures,final_unique_cultures,frozen_step,frozen
f_sweep,axelrod_f_sweep,0,lattice,10,10,100,180,3.6,4,3,5,200000,0,61,1,69700,True
f_sweep,axelrod_f_sweep,1,lattice,10,10,100,180,3.6,4,3,5,200000,0,72,4,75700,True
f_sweep,axelrod_f_sweep,2,lattice,10,10,100,180,3.6,4,3,5,200000,0,69,2,76300,True
f_sweep,axelrod_f_sweep,3,lattice,10,10,100,180,3.6,4,3,5,200000,0,67,5,117700,True
f_sweep,axelrod_f_sweep,4,lattice,10,10,100,180,3.6,4,3,5,200000,0,66,8,24200,True
f_sweep,axelrod_f_sweep,5,lattice,10,10,100,180,3.6,4,3,5,200000,0,64,7,55500,True
f_sweep,axelrod_f_sweep,6,lattice,10,10,100,180,3.6,4,3,5,200000,0,68,4,70600,True
f_sweep,axelrod_f_sweep,7,lattice,10,10,100,180,3.6,4,3,5,200000,0,69,6,55400,True
f_sweep,axelrod_f_sweep,8,lattice,10,10,100,180,3.6,4,3,5,200000,0,75,3,71100,True
f_sweep,axelrod_f_sweep,9,lattice,10,10,100,180,3.6,4,3,5,200000,0,67,1,70700,True
f_sweep,axelrod_f_sweep,10,lattice,10,10,100,180,3.6,4,3,5,200000,0,61,2,58200,True
f_sweep,axelrod_f_sweep,11,lattice,10,10,100,180,3.6,4,3,5,200000,0,73,1,62000,True
f_sweep,axelrod_f_sweep,12,lattice,10,10,100,180,3.6,4,3,5,200000,0,71,2,39900,True
f_sweep,axelrod_f_sweep,13,lattice,10,10,100,180,3.6,4,3,5,200000,0,71,3,112100,True
f_sweep,axelrod_f_sweep,14,lattice,10,10,100,180,3.6,4,3,5,200000,0,69,3,142000,True
f_sweep,axelrod_f_sweep,15,lattice,10,10,100,180,3.6,4,3,5,200000,0,61,4,42100,True
f_sweep,axelrod_f_sweep,16,lattice,10,10,100,180,3.6,4,3,5,200000,0,66,7,31100,True
f_sweep,axelrod_f_sweep,17,lattice,10,10,100,180,3.6,4,3,5,200000,0,66,1,54100,True
f_sweep,axelrod_f_sweep,18,lattice,10,10,100,180,3.6,4,3,5,200000,0,68,1,42800,True
f_sweep,axelrod_f_sweep,19,lattice,10,10,100,180,3.6,4,3,5,200000,0,65,1,84700,True
f_sweep,axelrod_f_sweep,20,lattice,10,10,100,180,3.6,4,3,5,200000,0,67,3,56900,True
f_sweep,axelrod_f_sweep,21,lattice,10,10,100,180,3.6,4,3,5,200000,0,68,4,46400,True
f_sweep,axelrod_f_sweep,22,lattice,10,10,100,180,3.6,4,3,5,200000,0,68,1,38900,True
f_sweep,axelrod_f_sweep,23,lattice,10,10,100,180,3.6,4,3,5,200000,0,71,7,43000,True
f_sweep,axelrod_f_sweep,24,lattice,10,10,100,180,3.6,4,3,5,200000,0,68,4,66200,True
f_sweep,axelrod_f_sweep,25,lattice,10,10,100,180,3.6,4,3,5,200000,0,69,2,31500,True
f_sweep,axelrod_f_sweep,26,lattice,10,10,100,180,3.6,4,3,5,200000,0,70,4,36700,True
f_sweep,axelrod_f_sweep,27,lattice,10,10,100,180,3.6,4,3,5,200000,0,67,7,37200,True
f_sweep,axelrod_f_sweep,28,lattice,10,10,100,180,3.6,4,3,5,200000,0,70,2,42400,True
f_sweep,axelrod_f_sweep,29,lattice,10,10,100,180,3.6,4,3,5,200000,0,66,1,46400,True
f_sweep,axelrod_f_sweep,30,lattice,10,10,100,180,3.6,4,3,5,200000,0,70,2,58600,True
f_sweep,axelrod_f_sweep,31,lattice,10,10,100,180,3.6,4,3,5,200000,0,71,5,28900,True
f_sweep,axelrod_f_sweep,32,lattice,10,10,100,180,3.6,4,3,5,200000,0,72,10,32500,True
f_sweep,axelrod_f_sweep,33,lattice,10,10,100,180,3.6,4,3,5,200000,0,71,4,47800,True
f_sweep,axelrod_f_sweep,34,lattice,10,10,100,180,3.6,4,3,5,200000,0,69,3,79000,True
f_sweep,axelrod_f_sweep,35,lattice,10,10,100,180,3.6,4,3,5,200000,0,70,4,59400,True
f_sweep,axelrod_f_sweep,36,lattice,10,10,100,180,3.6,4,3,5,200000,0,66,5,51200,True
f_sweep,axelrod_f_sweep,37,lattice,10,10,100,180,3.6,4,3,5,200000,0,69,3,28800,True
f_sweep,axelrod_f_sweep,38,lattice,10,10,100,180,3.6,4,3,5,200000,0,70,3,63200,True
f_sweep,axelrod_f_sweep,39,lattice,10,10,100,180,3.6,4,3,5,200000,0,64,4,21800,True
f_sweep,axelrod_f_sweep,40,lattice,10,10,100,180,3.6,4,3,5,200000,0,70,3,123400,True
f_sweep,axelrod_f_sweep,41,lattice,10,10,100,180,3.6,4,3,5,200000,0,69,2,47000,True
f_sweep,axelrod_f_sweep,42,lattice,10,10,100,180,3.6,4,3,5,200000,0,68,3,41700,True
f_sweep,axelrod_f_sweep,43,lattice,10,10,100,180,3.6,4,3,5,200000,0,71,10,109700,True
f_sweep,axelrod_f_sweep,44,lattice,10,10,100,180,3.6,4,3,5,200000,0,68,4,77100,True
f_sweep,axelrod_f_sweep,45,lattice,10,10,100,180,3.6,4,3,5,200000,0,74,3,167200,True
f_sweep,axelrod_f_sweep,46,lattice,10,10,100,180,3.6,4,3,5,200000,0,74,1,61100,True
f_sweep,axelrod_f_sweep,47,lattice,10,10,100,180,3.6,4,3,5,200000,0,67,4,73800,True
f_sweep,axelrod_f_sweep,48,lattice,10,10,100,180,3.6,4,3,5,200000,0,67,3,45400,True
f_sweep,axelrod_f_sweep,49,lattice,10,10,100,180,3.6,4,3,5,200000,0,73,3,94900,True
f_sweep,axelrod_f_sweep,50,lattice,10,10,100,180,3.6,4,3,5,200000,0,63,1,121100,True
f_sweep,axelrod_f_sweep,51,lattice,10,10,100,180,3.6,4,3,5,200000,0,64,2,42100,True
f_sweep,axelrod_f_sweep,52,lattice,10,10,100,180,3.6,4,3,5,200000,0,76,7,77600,True
f_sweep,axelrod_f_sweep,53,lattice,10,10,100,180,3.6,4,3,5,200000,0,70,3,43700,True
f_sweep,axelrod_f_sweep,54,lattice,10,10,100,180,3.6,4,3,5,200000,0,68,1,97600,True
f_sweep,axelrod_f_sweep,55,lattice,10,10,100,180,3.6,4,3,5,200000,0,72,2,91500,True
f_sweep,axelrod_f_sweep,56,lattice,10,10,100,180,3.6,4,3,5,200000,0,72,3,29600,True
f_sweep,axelrod_f_sweep,57,lattice,10,10,100,180,3.6,4,3,5,200000,0,73,4,58500,True
f_sweep,axelrod_f_sweep,58,lattice,10,10,100,180,3.6,4,3,5,200000,0,68,1,84000,True
f_sweep,axelrod_f_sweep,59,lattice,10,10,100,180,3.6,4,3,5,200000,0,74,4,65100,True
f_sweep,axelrod_f_sweep,60,lattice,10,10,100,180,3.6,4,3,5,200000,0,72,2,35900,True
f_sweep,axelrod_f_sweep,61,lattice,10,10,100,180,3.6,4,3,5,200000,0,68,5,40800,True
f_sweep,axelrod_f_sweep,62,lattice,10,10,100,180,3.6,4,3,5,200000,0,71,4,20700,True
f_sweep,axelrod_f_sweep,63,lattice,10,10,100,180,3.6,4,3,5,200000,0,72,5,35000,True
f_sweep,axelrod_f_sweep,64,lattice,10,10,100,180,3.6,4,3,5,200000,0,72,3,88800,True
f_sweep,axelrod_f_sweep,65,lattice,10,10,100,180,3.6,4,3,5,200000,0,64,6,22700,True
f_sweep,axelrod_f_sweep,66,lattice,10,10,100,180,3.6,4,3,5,200000,0,73,4,73100,True
f_sweep,axelrod_f_sweep,67,lattice,10,10,100,180,3.6,4,3,5,200000,0,73,2,49200,True
f_sweep,axelrod_f_sweep,68,lattice,10,10,100,180,3.6,4,3,5,200000,0,58,1,94000,True
f_sweep,axelrod_f_sweep,69,lattice,10,10,100,180,3.6,4,3,5,200000,0,65,1,49000,True
f_sweep,axelrod_f_sweep,70,lattice,10,10,100,180,3.6,4,3,5,200000,0,70,1,104500,True
f_sweep,axelrod_f_sweep,71,lattice,10,10,100,180,3.6,4,3,5,200000,0,71,4,47100,True
f_sweep,axelrod_f_sweep,72,lattice,10,10,100,180,3.6,4,3,5,200000,0,74,2,56600,True
f_sweep,axelrod_f_sweep,73,lattice,10,10,100,180,3.6,4,3,5,200000,0,72,4,49400,True
f_sweep,axelrod_f_sweep,74,lattice,10,10,100,180,3.6,4,3,5,200000,0,70,4,82500,True
f_sweep,axelrod_f_sweep,75,lattice,10,10,100,180,3.6,4,3,5,200000,0,66,3,75100,True
f_sweep,axelrod_f_sweep,76,lattice,10,10,100,180,3.6,4,3,5,200000,0,70,2,79100,True
f_sweep,axelrod_f_sweep,77,lattice,10,10,100,180,3.6,4,3,5,200000,0,69,3,54800,True
f_sweep,axelrod_f_sweep,78,lattice,10,10,100,180,3.6,4,3,5,200000,0,73,1,69100,True
f_sweep,axelrod_f_sweep,79,lattice,10,10,100,180,3.6,4,3,5,200000,0,70,6,82300,True
f_sweep,axelrod_f_sweep,80,lattice,10,10,100,180,3.6,4,3,5,200000,0,68,4,58400,True
f_sweep,axelrod_f_sweep,81,lattice,10,10,100,180,3.6,4,3,5,200000,0,75,4,42800,True
f_sweep,axelrod_f_sweep,82,lattice,10,10,100,180,3.6,4,3,5,200000,0,67,3,48000,True
f_sweep,axelrod_f_sweep,83,lattice,10,10,100,180,3.6,4,3,5,200000,0,69,1,42600,True
f_sweep,axelrod_f_sweep,84,lattice,10,10,100,180,3.6,4,3,5,200000,0,67,2,62900,True
f_sweep,axelrod_f_sweep,85,lattice,10,10,100,180,3.6,4,3,5,200000,0,65,8,32500,True
f_sweep,axelrod_f_sweep,86,lattice,10,10,100,180,3.6,4,3,5,200000,0,67,1,34600,True
f_sweep,axelrod_f_sweep,87,lattice,10,10,100,180,3.6,4,3,5,200000,0,73,3,39400,True
f_sweep,axelrod_f_sweep,88,lattice,10,10,100,180,3.6,4,3,5,200000,0,67,2,43500,True
f_sweep,axelrod_f_sweep,89,lattice,10,10,100,180,3.6,4,3,5,200000,0,66,2,47600,True
f_sweep,axelrod_f_sweep,90,lattice,10,10,100,180,3.6,4,3,5,200000,0,65,3,88100,True
f_sweep,axelrod_f_sweep,91,lattice,10,10,100,180,3.6,4,3,5,200000,0,70,5,74000,True
f_sweep,axelrod_f_sweep,92,lattice,10,10,100,180,3.6,4,3,5,200000,0,68,1,58500,True
f_sweep,axelrod_f_sweep,93,lattice,10,10,100,180,3.6,4,3,5,200000,0,68,1,87500,True
f_sweep,axelrod_f_sweep,94,lattice,10,10,100,180,3.6,4,3,5,200000,0,69,4,54600,True
f_sweep,axelrod_f_sweep,95,lattice,10,10,100,180,3.6,4,3,5,200000,0,68,8,125500,True
f_sweep,axelrod_f_sweep,96,lattice,10,10,100,180,3.6,4,3,5,200000,0,72,2,70900,True
f_sweep,axelrod_f_sweep,97,lattice,10,10,100,180,3.6,4,3,5,200000,0,69,1,122200,True
f_sweep,axelrod_f_sweep,98,lattice,10,10,100,180,3.6,4,3,5,200000,0,66,2,58800,True
f_sweep,axelrod_f_sweep,99,lattice,10,10,100,180,3.6,4,3,5,200000,0,73,1,45100,True
f_sweep,axelrod_f_sweep,100,lattice,10,10,100,180,3.6,4,3,5,200000,0,69,2,49100,True
f_sweep,axelrod_f_sweep,101,lattice,10,10,100,180,3.6,4,3,5,200000,0,70,3,44200,True
f_sweep,axelrod_f_sweep,102,lattice,10,10,100,180,3.6,4,3,5,200000,0,63,7,69600,True
f_sweep,axelrod_f_sweep,103,lattice,10,10,100,180,3.6,4,3,5,200000,0,71,2,82800,True
f_sweep,axelrod_f_sweep,104,lattice,10,10,100,180,3.6,4,3,5,200000,0,68,6,26700,True
f_sweep,axelrod_f_sweep,105,lattice,10,10,100,180,3.6,4,3,5,200000,0,67,1,49700,True
f_sweep,axelrod_f_sweep,106,lattice,10,10,100,180,3.6,4,3,5,200000,0,74,3,41000,True
f_sweep,axelrod_f_sweep,107,lattice,10,10,100,180,3.6,4,3,5,200000,0,69,1,81200,True
f_sweep,axelrod_f_sweep,108,lattice,10,10,100,180,3.6,4,3,5,200000,0,68,1,119500,True
f_sweep,axelrod_f_sweep,109,lattice,10,10,100,180,3.6,4,3,5,200000,0,73,5,81700,True
f_sweep,axelrod_f_sweep,110,lattice,10,10,100,180,3.6,4,3,5,200000,0,71,3,85400,True
f_sweep,axelrod_f_sweep,111,lattice,10,10,100,180,3.6,4,3,5,200000,0,71,3,53700,True
f_sweep,axelrod_f_sweep,112,lattice,10,10,100,180,3.6,4,3,5,200000,0,73,3,41900,True
f_sweep,axelrod_f_sweep,113,lattice,10,10,100,180,3.6,4,3,5,200000,0,72,3,114400,True
f_sweep,axelrod_f_sweep,114,lattice,10,10,100,180,3.6,4,3,5,200000,0,67,5,57700,True
f_sweep,axelrod_f_sweep,115,lattice,10,10,100,180,3.6,4,3,5,200000,0,67,8,62300,True
f_sweep,axelrod_f_sweep,116,lattice,10,10,100,180,3.6,4,3,5,200000,0,66,4,45900,True
f_sweep,axelrod_f_sweep,117,lattice,10,10,100,180,3.6,4,3,5,200000,0,67,3,41300,True
f_sweep,axelrod_f_sweep,118,lattice,10,10,100,180,3.6,4,3,5,200000,0,74,2,47800,True
f_sweep,axelrod_f_sweep,119,lattice,10,10,100,180,3.6,4,3,5,200000,0,71,1,54400,True
f_sweep,axelrod_f_sweep,120,lattice,10,10,100,180,3.6,4,3,5,200000,0,65,1,90300,True
f_sweep,axelrod_f_sweep,121,lattice,10,10,100,180,3.6,4,3,5,200000,0,67,3,78900,True
f_sweep,axelrod_f_sweep,122,lattice,10,10,100,180,3.6,4,3,5,200000,0,63,1,43300,True
f_sweep,axelrod_f_sweep,123,lattice,10,10,100,180,3.6,4,3,5,200000,0,74,5,27600,True
f_sweep,axelrod_f_sweep,124,lattice,10,10,100,180,3.6,4,3,5,200000,0,70,3,46800,True
f_sweep,axelrod_f_sweep,125,lattice,10,10,100,180,3.6,4,3,5,200000,0,68,6,40900,True
f_sweep,axelrod_f_sweep,126,lattice,10,10,100,180,3.6,4,3,5,200000,0,70,4,58900,True
f_sweep,axelrod_f_sweep,127,lattice,10,10,100,180,3.6,4,3,5,200000,0,71,1,31600,True
f_sweep,axelrod_f_sweep,128,lattice,10,10,100,180,3.6,4,3,5,200000,0,64,5,136000,True
f_sweep,axelrod_f_sweep,129,lattice,10,10,100,180,3.6,4,3,5,200000,0,65,3,38000,True
f_sweep,axelrod_f_sweep,130,lattice,10,10,100,180,3.6,4,3,5,200000,0,64,4,53100,True
f_sweep,axelrod_f_sweep,131,lattice,10,10,100,180,3.6,4,3,5,200000,0,72,3,92000,True
f_sweep,axelrod_f_sweep,132,lattice,10,10,100,180,3.6,4,3,5,200000,0,74,5,57800,True
f_sweep,axelrod_f_sweep,133,lattice,10,10,100,180,3.6,4,3,5,200000,0,70,1,63300,True
f_sweep,axelrod_f_sweep,134,lattice,10,10,100,180,3.6,4,3,5,200000,0,66,1,39600,True
f_sweep,axelrod_f_sweep,135,lattice,10,10,100,180,3.6,4,3,5,200000,0,69,1,48700,True
f_sweep,axelrod_f_sweep,136,lattice,10,10,100,180,3.6,4,3,5,200000,0,69,1,60200,True
f_sweep,axelrod_f_sweep,137,lattice,10,10,100,180,3.6,4,3,5,200000,0,63,2,45200,True
f_sweep,axelrod_f_sweep,138,lattice,10,10,100,180,3.6,4,3,5,200000,0,71,2,49400,True
f_sweep,axelrod_f_sweep,139,lattice,10,10,100,180,3.6,4,3,5,200000,0,69,3,48300,True
f_sweep,axelrod_f_sweep,140,lattice,10,10,100,180,3.6,4,3,5,200000,0,70,1,53100,True
f_sweep,axelrod_f_sweep,141,lattice,10,10,100,180,3.6,4,3,5,200000,0,71,2,94200,True
f_sweep,axelrod_f_sweep,142,lattice,10,10,100,180,3.6,4,3,5,200000,0,75,3,54800,True
f_sweep,axelrod_f_sweep,143,lattice,10,10,100,180,3.6,4,3,5,200000,0,69,4,34400,True
f_sweep,axelrod_f_sweep,144,lattice,10,10,100,180,3.6,4,3,5,200000,0,65,2,83900,True
f_sweep,axelrod_f_sweep,145,lattice,10,10,100,180,3.6,4,3,5,200000,0,67,3,39100,True
f_sweep,axelrod_f_sweep,146,lattice,10,10,100,180,3.6,4,3,5,200000,0,72,8,37300,True
f_sweep,axelrod_f_sweep,147,lattice,10,10,100,180,3.6,4,3,5,200000,0,66,3,35800,True
f_sweep,axelrod_f_sweep,148,lattice,10,10,100,180,3.6,4,3,5,200000,0,75,2,39200,True
f_sweep,axelrod_f_sweep,149,lattice,10,10,100,180,3.6,4,3,5,200000,0,67,5,102600,True
f_sweep,axelrod_f_sweep,150,lattice,10,10,100,180,3.6,4,3,5,200000,0,69,5,62400,True
f_sweep,axelrod_f_sweep,151,lattice,10,10,100,180,3.6,4,3,5,200000,0,73,5,61700,True
f_sweep,axelrod_f_sweep,152,lattice,10,10,100,180,3.6,4,3,5,200000,0,70,2,66000,True
f_sweep,axelrod_f_sweep,153,lattice,10,10,100,180,3.6,4,3,5,200000,0,67,3,38900,True
f_sweep,axelrod_f_sweep,154,lattice,10,10,100,180,3.6,4,3,5,200000,0,68,3,25800,True
f_sweep,axelrod_f_sweep,155,lattice,10,10,100,180,3.6,4,3,5,200000,0,63,2,168000,True
f_sweep,axelrod_f_sweep,156,lattice,10,10,100,180,3.6,4,3,5,200000,0,71,1,96000,True
f_sweep,axelrod_f_sweep,157,lattice,10,10,100,180,3.6,4,3,5,200000,0,69,2,60300,True
f_sweep,axelrod_f_sweep,158,lattice,10,10,100,180,3.6,4,3,5,200000,0,69,5,28700,True
f_sweep,axelrod_f_sweep,159,lattice,10,10,100,180,3.6,4,3,5,200000,0,65,6,33500,True
f_sweep,axelrod_f_sweep,160,lattice,10,10,100,180,3.6,4,3,5,200000,0,76,3,78200,True
f_sweep,axelrod_f_sweep,161,lattice,10,10,100,180,3.6,4,3,5,200000,0,67,3,50000,True
f_sweep,axelrod_f_sweep,162,lattice,10,10,100,180,3.6,4,3,5,200000,0,65,3,73700,True
f_sweep,axelrod_f_sweep,163,lattice,10,10,100,180,3.6,4,3,5,200000,0,72,6,84100,True
f_sweep,axelrod_f_sweep,164,lattice,10,10,100,180,3.6,4,3,5,200000,0,69,1,70900,True
f_sweep,axelrod_f_sweep,165,lattice,10,10,100,180,3.6,4,3,5,200000,0,67,1,62000,True
f_sweep,axelrod_f_sweep,166,lattice,10,10,100,180,3.6,4,3,5,200000,0,68,6,59100,True
f_sweep,axelrod_f_sweep,167,lattice,10,10,100,180,3.6,4,3,5,200000,0,72,1,107000,True
f_sweep,axelrod_f_sweep,168,lattice,10,10,100,180,3.6,4,3,5,200000,0,73,1,60900,True
f_sweep,axelrod_f_sweep,169,lattice,10,10,100,180,3.6,4,3,5,200000,0,67,2,73700,True
f_sweep,axelrod_f_sweep,170,lattice,10,10,100,180,3.6,4,3,5,200000,0,71,2,53800,True
f_sweep,axelrod_f_sweep,171,lattice,10,10,100,180,3.6,4,3,5,200000,0,71,3,39500,True
f_sweep,axelrod_f_sweep,172,lattice,10,10,100,180,3.6,4,3,5,200000,0,67,4,42600,True
f_sweep,axelrod_f_sweep,173,lattice,10,10,100,180,3.6,4,3,5,200000,0,69,5,72500,True
f_sweep,axelrod_f_sweep,174,lattice,10,10,100,180,3.6,4,3,5,200000,0,71,10,72200,True
f_sweep,axelrod_f_sweep,175,lattice,10,10,100,180,3.6,4,3,5,200000,0,69,3,82400,True
f_sweep,axelrod_f_sweep,176,lattice,10,10,100,180,3.6,4,3,5,200000,0,65,2,114200,True
f_sweep,axelrod_f_sweep,177,lattice,10,10,100,180,3.6,4,3,5,200000,0,73,7,24100,True
f_sweep,axelrod_f_sweep,178,lattice,10,10,100,180,3.6,4,3,5,200000,0,66,9,47500,True
f_sweep,axelrod_f_sweep,179,lattice,10,10,100,180,3.6,4,3,5,200000,0,63,2,78300,True
f_sweep,axelrod_f_sweep,180,lattice,10,10,100,180,3.6,4,3,5,200000,0,67,3,48200,True
f_sweep,axelrod_f_sweep,181,lattice,10,10,100,180,3.6,4,3,5,200000,0,65,4,71800,True
f_sweep,axelrod_f_sweep,182,lattice,10,10,100,180,3.6,4,3,5,200000,0,72,1,128500,True
f_sweep,axelrod_f_sweep,183,lattice,10,10,100,180,3.6,4,3,5,200000,0,74,2,38600,True
f_sweep,axelrod_f_sweep,184,lattice,10,10,100,180,3.6,4,3,5,200000,0,70,2,60200,True
f_sweep,axelrod_f_sweep,185,lattice,10,10,100,180,3.6,4,3,5,200000,0,68,5,65500,True
f_sweep,axelrod_f_sweep,186,lattice,10,10,100,180,3.6,4,3,5,200000,0,72,2,59600,True
f_sweep,axelrod_f_sweep,187,lattice,10,10,100,180,3.6,4,3,5,200000,0,66,4,46900,True
f_sweep,axelrod_f_sweep,188,lattice,10,10,100,180,3.6,4,3,5,200000,0,71,2,51900,True
f_sweep,axelrod_f_sweep,189,lattice,10,10,100,180,3.6,4,3,5,200000,0,76,1,68900,True
f_sweep,axelrod_f_sweep,190,lattice,10,10,100,180,3.6,4,3,5,200000,0,71,3,101200,True
f_sweep,axelrod_f_sweep,191,lattice,10,10,100,180,3.6,4,3,5,200000,0,73,1,97100,True
f_sweep,axelrod_f_sweep,192,lattice,10,10,100,180,3.6,4,3,5,200000,0,66,2,65300,True
f_sweep,axelrod_f_sweep,193,lattice,10,10,100,180,3.6,4,3,5,200000,0,71,4,57100,True
f_sweep,axelrod_f_sweep,194,lattice,10,10,100,180,3.6,4,3,5,200000,0,68,11,35900,True
f_sweep,axelrod_f_sweep,195,lattice,10,10,100,180,3.6,4,3,5,200000,0,72,3,68100,True
f_sweep,axelrod_f_sweep,196,lattice,10,10,100,180,3.6,4,3,5,200000,0,69,5,33800,True
f_sweep,axelrod_f_sweep,197,lattice,10,10,100,180,3.6,4,3,5,200000,0,74,1,93000,True
f_sweep,axelrod_f_sweep,198,lattice,10,10,100,180,3.6,4,3,5,200000,0,69,1,69300,True
f_sweep,axelrod_f_sweep,199,lattice,10,10,100,180,3.6,4,3,5,200000,0,68,6,82300,True
f_sweep,axelrod_f_sweep,0,lattice,10,10,100,180,3.6,4,5,5,200000,0,99,1,75600,True
f_sweep,axelrod_f_sweep,1,lattice,10,10,100,180,3.6,4,5,5,200000,0,99,1,68000,True
f_sweep,axelrod_f_sweep,2,lattice,10,10,100,180,3.6,4,5,5,200000,0,99,1,61800,True
f_sweep,axelrod_f_sweep,3,lattice,10,10,100,180,3.6,4,5,5,200000,0,99,2,32700,True
f_sweep,axelrod_f_sweep,4,lattice,10,10,100,180,3.6,4,5,5,200000,0,100,1,49800,True
f_sweep,axelrod_f_sweep,5,lattice,10,10,100,180,3.6,4,5,5,200000,0,100,1,65000,True
f_sweep,axelrod_f_sweep,6,lattice,10,10,100,180,3.6,4,5,5,200000,0,100,1,45300,True
f_sweep,axelrod_f_sweep,7,lattice,10,10,100,180,3.6,4,5,5,200000,0,98,1,50900,True
f_sweep,axelrod_f_sweep,8,lattice,10,10,100,180,3.6,4,5,5,200000,0,99,1,40700,True
f_sweep,axelrod_f_sweep,9,lattice,10,10,100,180,3.6,4,5,5,200000,0,100,1,66000,True
f_sweep,axelrod_f_sweep,10,lattice,10,10,100,180,3.6,4,5,5,200000,0,100,1,70000,True
f_sweep,axelrod_f_sweep,11,lattice,10,10,100,180,3.6,4,5,5,200000,0,99,1,53000,True
f_sweep,axelrod_f_sweep,12,lattice,10,10,100,180,3.6,4,5,5,200000,0,98,1,79600,True
f_sweep,axelrod_f_sweep,13,lattice,10,10,100,180,3.6,4,5,5,200000,0,96,1,60100,True
f_sweep,axelrod_f_sweep,14,lattice,10,10,100,180,3.6,4,5,5,200000,0,100,1,67800,True
f_sweep,axelrod_f_sweep,15,lattice,10,10,100,180,3.6,4,5,5,200000,0,99,1,86900,True
f_sweep,axelrod_f_sweep,16,lattice,10,10,100,180,3.6,4,5,5,200000,0,100,1,45600,True
f_sweep,axelrod_f_sweep,17,lattice,10,10,100,180,3.6,4,5,5,200000,0,99,1,91900,True
f_sweep,axelrod_f_sweep,18,lattice,10,10,100,180,3.6,4,5,5,200000,0,100,1,81200,True
f_sweep,axelrod_f_sweep,19,lattice,10,10,100,180,3.6,4,5,5,200000,0,99,1,83300,True
f_sweep,axelrod_f_sweep,20,lattice,10,10,100,180,3.6,4,5,5,200000,0,100,1,55600,True
f_sweep,axelrod_f_sweep,21,lattice,10,10,100,180,3.6,4,5,5,200000,0,97,1,78800,True
f_sweep,axelrod_f_sweep,22,lattice,10,10,100,180,3.6,4,5,5,200000,0,98,1,50700,True
f_sweep,axelrod_f_sweep,23,lattice,10,10,100,180,3.6,4,5,5,200000,0,98,1,88400,True
f_sweep,axelrod_f_sweep,24,lattice,10,10,100,180,3.6,4,5,5,200000,0,100,1,67000,True
f_sweep,axelrod_f_sweep,25,lattice,10,10,100,180,3.6,4,5,5,200000,0,99,1,62400,True
f_sweep,axelrod_f_sweep,26,lattice,10,10,100,180,3.6,4,5,5,200000,0,100,1,108200,True
f_sweep,axelrod_f_sweep,27,lattice,10,10,100,180,3.6,4,5,5,200000,0,99,1,76800,True
f_sweep,axelrod_f_sweep,28,lattice,10,10,100,180,3.6,4,5,5,200000,0,100,1,53800,True
f_sweep,axelrod_f_sweep,29,lattice,10,10,100,180,3.6,4,5,5,200000,0,97,1,55600,True
f_sweep,axelrod_f_sweep,30,lattice,10,10,100,180,3.6,4,5,5,200000,0,100,1,41700,True
f_sweep,axelrod_f_sweep,31,lattice,10,10,100,180,3.6,4,5,5,200000,0,100,1,42200,True
f_sweep,axelrod_f_sweep,32,lattice,10,10,100,180,3.6,4,5,5,200000,0,96,1,50200,True
f_sweep,axelrod_f_sweep,33,lattice,10,10,100,180,3.6,4,5,5,200000,0,100,1,59200,True
f_sweep,axelrod_f_sweep,34,lattice,10,10,100,180,3.6,4,5,5,200000,0,98,1,58800,True
f_sweep,axelrod_f_sweep,35,lattice,10,10,100,180,3.6,4,5,5,200000,0,100,1,94800,True
f_sweep,axelrod_f_sweep,36,lattice,10,10,100,180,3.6,4,5,5,200000,0,99,1,93300,True
f_sweep,axelrod_f_sweep,37,lattice,10,10,100,180,3.6,4,5,5,200000,0,100,1,64400,True
f_sweep,axelrod_f_sweep,38,lattice,10,10,100,180,3.6,4,5,5,200000,0,100,1,42600,True
f_sweep,axelrod_f_sweep,39,lattice,10,10,100,180,3.6,4,5,5,200000,0,98,1,57200,True
f_sweep,axelrod_f_sweep,40,lattice,10,10,100,180,3.6,4,5,5,200000,0,98,1,74700,True
f_sweep,axelrod_f_sweep,41,lattice,10,10,100,180,3.6,4,5,5,200000,0,97,1,78200,True
f_sweep,axelrod_f_sweep,42,lattice,10,10,100,180,3.6,4,5,5,200000,0,99,1,62600,True
f_sweep,axelrod_f_sweep,43,lattice,10,10,100,180,3.6,4,5,5,200000,0,99,1,68400,True
f_sweep,axelrod_f_sweep,44,lattice,10,10,100,180,3.6,4,5,5,200000,0,100,1,46700,True
f_sweep,axelrod_f_sweep,45,lattice,10,10,100,180,3.6,4,5,5,200000,0,95,1,57200,True
f_sweep,axelrod_f_sweep,46,lattice,10,10,100,180,3.6,4,5,5,200000,0,98,1,77500,True
f_sweep,axelrod_f_sweep,47,lattice,10,10,100,180,3.6,4,5,5,200000,0,98,1,52400,True
f_sweep,axelrod_f_sweep,48,lattice,10,10,100,180,3.6,4,5,5,200000,0,98,1,58700,True
f_sweep,axelrod_f_sweep,49,lattice,10,10,100,180,3.6,4,5,5,200000,0,100,1,93800,True
f_sweep,axelrod_f_sweep,50,lattice,10,10,100,180,3.6,4,5,5,200000,0,99,1,42800,True
f_sweep,axelrod_f_sweep,51,lattice,10,10,100,180,3.6,4,5,5,200000,0,99,1,60900,True
f_sweep,axelrod_f_sweep,52,lattice,10,10,100,180,3.6,4,5,5,200000,0,100,1,43200,True
f_sweep,axelrod_f_sweep,53,lattice,10,10,100,180,3.6,4,5,5,200000,0,96,1,56800,True
f_sweep,axelrod_f_sweep,54,lattice,10,10,100,180,3.6,4,5,5,200000,0,98,2,44000,True
f_sweep,axelrod_f_sweep,55,lattice,10,10,100,180,3.6,4,5,5,200000,0,98,1,80700,True
f_sweep,axelrod_f_sweep,56,lattice,10,10,100,180,3.6,4,5,5,200000,0,100,1,76100,True
f_sweep,axelrod_f_sweep,57,lattice,10,10,100,180,3.6,4,5,5,200000,0,98,1,54000,True
f_sweep,axelrod_f_sweep,58,lattice,10,10,100,180,3.6,4,5,5,200000,0,98,1,63400,True
f_sweep,axelrod_f_sweep,59,lattice,10,10,100,180,3.6,4,5,5,200000,0,99,1,63900,True
f_sweep,axelrod_f_sweep,60,lattice,10,10,100,180,3.6,4,5,5,200000,0,99,1,70400,True
f_sweep,axelrod_f_sweep,61,lattice,10,10,100,180,3.6,4,5,5,200000,0,99,2,54200,True
f_sweep,axelrod_f_sweep,62,lattice,10,10,100,180,3.6,4,5,5,200000,0,100,1,27800,True
f_sweep,axelrod_f_sweep,63,lattice,10,10,100,180,3.6,4,5,5,200000,0,99,1,43000,True
f_sweep,axelrod_f_sweep,64,lattice,10,10,100,180,3.6,4,5,5,200000,0,99,1,63500,True
f_sweep,axelrod_f_sweep,65,lattice,10,10,100,180,3.6,4,5,5,200000,0,98,1,55900,True
f_sweep,axelrod_f_sweep,66,lattice,10,10,100,180,3.6,4,5,5,200000,0,97,3,31800,True
f_sweep,axelrod_f_sweep,67,lattice,10,10,100,180,3.6,4,5,5,200000,0,99,1,56200,True
f_sweep,axelrod_f_sweep,68,lattice,10,10,100,180,3.6,4,5,5,200000,0,98,1,74800,True
f_sweep,axelrod_f_sweep,69,lattice,10,10,100,180,3.6,4,5,5,200000,0,97,1,92100,True
f_sweep,axelrod_f_sweep,70,lattice,10,10,100,180,3.6,4,5,5,200000,0,100,1,81700,True
f_sweep,axelrod_f_sweep,71,lattice,10,10,100,180,3.6,4,5,5,200000,0,99,1,56000,True
f_sweep,axelrod_f_sweep,72,lattice,10,10,100,180,3.6,4,5,5,200000,0,100,1,79200,True
f_sweep,axelrod_f_sweep,73,lattice,10,10,100,180,3.6,4,5,5,200000,0,99,1,76500,True
f_sweep,axelrod_f_sweep,74,lattice,10,10,100,180,3.6,4,5,5,200000,0,99,1,78600,True
f_sweep,axelrod_f_sweep,75,lattice,10,10,100,180,3.6,4,5,5,200000,0,99,1,49400,True
f_sweep,axelrod_f_sweep,76,lattice,10,10,100,180,3.6,4,5,5,200000,0,98,2,51000,True
f_sweep,axelrod_f_sweep,77,lattice,10,10,100,180,3.6,4,5,5,200000,0,97,1,82800,True
f_sweep,axelrod_f_sweep,78,lattice,10,10,100,180,3.6,4,5,5,200000,0,98,1,55800,True
f_sweep,axelrod_f_sweep,79,lattice,10,10,100,180,3.6,4,5,5,200000,0,99,1,103100,True
f_sweep,axelrod_f_sweep,80,lattice,10,10,100,180,3.6,4,5,5,200000,0,100,1,69900,True
f_sweep,axelrod_f_sweep,81,lattice,10,10,100,180,3.6,4,5,5,200000,0,99,1,76200,True
f_sweep,axelrod_f_sweep,82,lattice,10,10,100,180,3.6,4,5,5,200000,0,99,1,57100,True
f_sweep,axelrod_f_sweep,83,lattice,10,10,100,180,3.6,4,5,5,200000,0,98,1,96600,True
f_sweep,axelrod_f_sweep,84,lattice,10,10,100,180,3.6,4,5,5,200000,0,99,1,71000,True
f_sweep,axelrod_f_sweep,85,lattice,10,10,100,180,3.6,4,5,5,200000,0,99,1,64000,True
f_sweep,axelrod_f_sweep,86,lattice,10,10,100,180,3.6,4,5,5,200000,0,99,1,91200,True
f_sweep,axelrod_f_sweep,87,lattice,10,10,100,180,3.6,4,5,5,200000,0,100,1,46900,True
f_sweep,axelrod_f_sweep,88,lattice,10,10,100,180,3.6,4,5,5,200000,0,98,1,78900,True
f_sweep,axelrod_f_sweep,89,lattice,10,10,100,180,3.6,4,5,5,200000,0,96,1,56300,True
f_sweep,axelrod_f_sweep,90,lattice,10,10,100,180,3.6,4,5,5,200000,0,98,1,56000,True
f_sweep,axelrod_f_sweep,91,lattice,10,10,100,180,3.6,4,5,5,200000,0,98,1,57500,True
f_sweep,axelrod_f_sweep,92,lattice,10,10,100,180,3.6,4,5,5,200000,0,98,1,43600,True
f_sweep,axelrod_f_sweep,93,lattice,10,10,100,180,3.6,4,5,5,200000,0,97,1,72500,True
f_sweep,axelrod_f_sweep,94,lattice,10,10,100,180,3.6,4,5,5,200000,0,100,1,70900,True
f_sweep,axelrod_f_sweep,95,lattice,10,10,100,180,3.6,4,5,5,200000,0,100,1,64300,True
f_sweep,axelrod_f_sweep,96,lattice,10,10,100,180,3.6,4,5,5,200000,0,98,1,73600,True
f_sweep,axelrod_f_sweep,97,lattice,10,10,100,180,3.6,4,5,5,200000,0,99,2,59400,True
f_sweep,axelrod_f_sweep,98,lattice,10,10,100,180,3.6,4,5,5,200000,0,99,1,72100,True
f_sweep,axelrod_f_sweep,99,lattice,10,10,100,180,3.6,4,5,5,200000,0,99,1,61600,True
f_sweep,axelrod_f_sweep,100,lattice,10,10,100,180,3.6,4,5,5,200000,0,96,1,80000,True
f_sweep,axelrod_f_sweep,101,lattice,10,10,100,180,3.6,4,5,5,200000,0,98,1,59400,True
f_sweep,axelrod_f_sweep,102,lattice,10,10,100,180,3.6,4,5,5,200000,0,97,1,76300,True
f_sweep,axelrod_f_sweep,103,lattice,10,10,100,180,3.6,4,5,5,200000,0,99,1,83000,True
f_sweep,axelrod_f_sweep,104,lattice,10,10,100,180,3.6,4,5,5,200000,0,98,1,47400,True
f_sweep,axelrod_f_sweep,105,lattice,10,10,100,180,3.6,4,5,5,200000,0,96,1,75100,True
f_sweep,axelrod_f_sweep,106,lattice,10,10,100,180,3.6,4,5,5,200000,0,100,1,53700,True
f_sweep,axelrod_f_sweep,107,lattice,10,10,100,180,3.6,4,5,5,200000,0,96,1,33700,True
f_sweep,axelrod_f_sweep,108,lattice,10,10,100,180,3.6,4,5,5,200000,0,98,1,80900,True
f_sweep,axelrod_f_sweep,109,lattice,10,10,100,180,3.6,4,5,5,200000,0,99,1,83100,True
f_sweep,axelrod_f_sweep,110,lattice,10,10,100,180,3.6,4,5,5,200000,0,97,1,61900,True
f_sweep,axelrod_f_sweep,111,lattice,10,10,100,180,3.6,4,5,5,200000,0,98,1,56000,True
f_sweep,axelrod_f_sweep,112,lattice,10,10,100,180,3.6,4,5,5,200000,0,96,1,68700,True
f_sweep,axelrod_f_sweep,113,lattice,10,10,100,180,3.6,4,5,5,200000,0,99,1,42000,True
f_sweep,axelrod_f_sweep,114,lattice,10,10,100,180,3.6,4,5,5,200000,0,97,1,52800,True
f_sweep,axelrod_f_sweep,115,lattice,10,10,100,180,3.6,4,5,5,200000,0,99,1,76700,True
f_sweep,axelrod_f_sweep,116,lattice,10,10,100,180,3.6,4,5,5,200000,0,99,1,60900,True
f_sweep,axelrod_f_sweep,117,lattice,10,10,100,180,3.6,4,5,5,200000,0,99,1,59800,True
f_sweep,axelrod_f_sweep,118,lattice,10,10,100,180,3.6,4,5,5,200000,0,99,3,35200,True
f_sweep,axelrod_f_sweep,119,lattice,10,10,100,180,3.6,4,5,5,200000,0,96,1,42300,True
f_sweep,axelrod_f_sweep,120,lattice,10,10,100,180,3.6,4,5,5,200000,0,99,1,50200,True
f_sweep,axelrod_f_sweep,121,lattice,10,10,100,180,3.6,4,5,5,200000,0,99,1,35900,True
f_sweep,axelrod_f_sweep,122,lattice,10,10,100,180,3.6,4,5,5,200000,0,99,1,58900,True
f_sweep,axelrod_f_sweep,123,lattice,10,10,100,180,3.6,4,5,5,200000,0,98,1,47000,True
f_sweep,axelrod_f_sweep,124,lattice,10,10,100,180,3.6,4,5,5,200000,0,99,1,66500,True
f_sweep,axelrod_f_sweep,125,lattice,10,10,100,180,3.6,4,5,5,200000,0,99,1,42700,True
f_sweep,axelrod_f_sweep,126,lattice,10,10,100,180,3.6,4,5,5,200000,0,95,1,39000,True
f_sweep,axelrod_f_sweep,127,lattice,10,10,100,180,3.6,4,5,5,200000,0,98,1,51400,True
f_sweep,axelrod_f_sweep,128,lattice,10,10,100,180,3.6,4,5,5,200000,0,100,1,53600,True
f_sweep,axelrod_f_sweep,129,lattice,10,10,100,180,3.6,4,5,5,200000,0,100,1,51900,True
f_sweep,axelrod_f_sweep,130,lattice,10,10,100,180,3.6,4,5,5,200000,0,97,1,86400,True
f_sweep,axelrod_f_sweep,131,lattice,10,10,100,180,3.6,4,5,5,200000,0,97,1,68300,True
f_sweep,axelrod_f_sweep,132,lattice,10,10,100,180,3.6,4,5,5,200000,0,98,1,56600,True
f_sweep,axelrod_f_sweep,133,lattice,10,10,100,180,3.6,4,5,5,200000,0,96,1,62900,True
f_sweep,axelrod_f_sweep,134,lattice,10,10,100,180,3.6,4,5,5,200000,0,97,1,58200,True
f_sweep,axelrod_f_sweep,135,lattice,10,10,100,180,3.6,4,5,5,200000,0,96,1,79300,True
f_sweep,axelrod_f_sweep,136,lattice,10,10,100,180,3.6,4,5,5,200000,0,99,1,71800,True
f_sweep,axelrod_f_sweep,137,lattice,10,10,100,180,3.6,4,5,5,200000,0,99,1,82700,True
f_sweep,axelrod_f_sweep,138,lattice,10,10,100,180,3.6,4,5,5,200000,0,99,1,40800,True
f_sweep,axelrod_f_sweep,139,lattice,10,10,100,180,3.6,4,5,5,200000,0,97,1,68800,True
f_sweep,axelrod_f_sweep,140,lattice,10,10,100,180,3.6,4,5,5,200000,0,96,1,72600,True
f_sweep,axelrod_f_sweep,141,lattice,10,10,100,180,3.6,4,5,5,200000,0,99,1,99500,True
f_sweep,axelrod_f_sweep,142,lattice,10,10,100,180,3.6,4,5,5,200000,0,99,1,63200,True
f_sweep,axelrod_f_sweep,143,lattice,10,10,100,180,3.6,4,5,5,200000,0,98,1,91900,True
f_sweep,axelrod_f_sweep,144,lattice,10,10,100,180,3.6,4,5,5,200000,0,98,1,70400,True
f_sweep,axelrod_f_sweep,145,lattice,10,10,100,180,3.6,4,5,5,200000,0,100,1,67500,True
f_sweep,axelrod_f_sweep,146,lattice,10,10,100,180,3.6,4,5,5,200000,0,98,1,62400,True
f_sweep,axelrod_f_sweep,147,lattice,10,10,100,180,3.6,4,5,5,200000,0,100,1,70200,True
f_sweep,axelrod_f_sweep,148,lattice,10,10,100,180,3.6,4,5,5,200000,0,98,1,54000,True
f_sweep,axelrod_f_sweep,149,lattice,10,10,100,180,3.6,4,5,5,200000,0,98,1,107400,True
f_sweep,axelrod_f_sweep,150,lattice,10,10,100,180,3.6,4,5,5,200000,0,99,1,66900,True
f_sweep,axelrod_f_sweep,151,lattice,10,10,100,180,3.6,4,5,5,200000,0,98,1,60100,True
f_sweep,axelrod_f_sweep,152,lattice,10,10,100,180,3.6,4,5,5,200000,0,97,1,50000,True
f_sweep,axelrod_f_sweep,153,lattice,10,10,100,180,3.6,4,5,5,200000,0,97,1,61500,True
f_sweep,axelrod_f_sweep,154,lattice,10,10,100,180,3.6,4,5,5,200000,0,98,1,81000,True
f_sweep,axelrod_f_sweep,155,lattice,10,10,100,180,3.6,4,5,5,200000,0,99,1,46700,True
f_sweep,axelrod_f_sweep,156,lattice,10,10,100,180,3.6,4,5,5,200000,0,98,1,66400,True
f_sweep,axelrod_f_sweep,157,lattice,10,10,100,180,3.6,4,5,5,200000,0,98,1,99800,True
f_sweep,axelrod_f_sweep,158,lattice,10,10,100,180,3.6,4,5,5,200000,0,100,1,91100,True
f_sweep,axelrod_f_sweep,159,lattice,10,10,100,180,3.6,4,5,5,200000,0,100,1,50200,True
f_sweep,axelrod_f_sweep,160,lattice,10,10,100,180,3.6,4,5,5,200000,0,99,1,84600,True
f_sweep,axelrod_f_sweep,161,lattice,10,10,100,180,3.6,4,5,5,200000,0,99,1,50900,True
f_sweep,axelrod_f_sweep,162,lattice,10,10,100,180,3.6,4,5,5,200000,0,97,1,81600,True
f_sweep,axelrod_f_sweep,163,lattice,10,10,100,180,3.6,4,5,5,200000,0,98,1,80900,True
f_sweep,axelrod_f_sweep,164,lattice,10,10,100,180,3.6,4,5,5,200000,0,98,1,86000,True
f_sweep,axelrod_f_sweep,165,lattice,10,10,100,180,3.6,4,5,5,200000,0,98,1,74100,True
f_sweep,axelrod_f_sweep,166,lattice,10,10,100,180,3.6,4,5,5,200000,0,98,1,71400,True
f_sweep,axelrod_f_sweep,167,lattice,10,10,100,180,3.6,4,5,5,200000,0,100,1,77600,True
f_sweep,axelrod_f_sweep,168,lattice,10,10,100,180,3.6,4,5,5,200000,0,96,1,97800,True
f_sweep,axelrod_f_sweep,169,lattice,10,10,100,180,3.6,4,5,5,200000,0,100,1,62700,True
f_sweep,axelrod_f_sweep,170,lattice,10,10,100,180,3.6,4,5,5,200000,0,100,1,77300,True
f_sweep,axelrod_f_sweep,171,lattice,10,10,100,180,3.6,4,5,5,200000,0,97,1,46000,True
f_sweep,axelrod_f_sweep,172,lattice,10,10,100,180,3.6,4,5,5,200000,0,98,1,53100,True
f_sweep,axelrod_f_sweep,173,lattice,10,10,100,180,3.6,4,5,5,200000,0,98,1,67100,True
f_sweep,axelrod_f_sweep,174,lattice,10,10,100,180,3.6,4,5,5,200000,0,99,1,54400,True
f_sweep,axelrod_f_sweep,175,lattice,10,10,100,180,3.6,4,5,5,200000,0,99,1,67900,True
f_sweep,axelrod_f_sweep,176,lattice,10,10,100,180,3.6,4,5,5,200000,0,98,1,86400,True
f_sweep,axelrod_f_sweep,177,lattice,10,10,100,180,3.6,4,5,5,200000,0,98,1,60000,True
f_sweep,axelrod_f_sweep,178,lattice,10,10,100,180,3.6,4,5,5,200000,0,99,1,56200,True
f_sweep,axelrod_f_sweep,179,lattice,10,10,100,180,3.6,4,5,5,200000,0,97,1,120200,True
f_sweep,axelrod_f_sweep,180,lattice,10,10,100,180,3.6,4,5,5,200000,0,97,1,85900,True
f_sweep,axelrod_f_sweep,181,lattice,10,10,100,180,3.6,4,5,5,200000,0,100,1,91700,True
f_sweep,axelrod_f_sweep,182,lattice,10,10,100,180,3.6,4,5,5,200000,0,100,1,54300,True
f_sweep,axelrod_f_sweep,183,lattice,10,10,100,180,3.6,4,5,5,200000,0,99,1,49700,True
f_sweep,axelrod_f_sweep,184,lattice,10,10,100,180,3.6,4,5,5,200000,0,98,1,72100,True
f_sweep,axelrod_f_sweep,185,lattice,10,10,100,180,3.6,4,5,5,200000,0,98,1,74900,True
f_sweep,axelrod_f_sweep,186,lattice,10,10,100,180,3.6,4,5,5,200000,0,97,1,54000,True
f_sweep,axelrod_f_sweep,187,lattice,10,10,100,180,3.6,4,5,5,200000,0,99,1,64000,True
f_sweep,axelrod_f_sweep,188,lattice,10,10,100,180,3.6,4,5,5,200000,0,98,1,62800,True
f_sweep,axelrod_f_sweep,189,lattice,10,10,100,180,3.6,4,5,5,200000,0,99,1,92800,True
f_sweep,axelrod_f_sweep,190,lattice,10,10,100,180,3.6,4,5,5,200000,0,100,1,63300,True
f_sweep,axelrod_f_sweep,191,lattice,10,10,100,180,3.6,4,5,5,200000,0,98,1,40700,True
f_sweep,axelrod_f_sweep,192,lattice,10,10,100,180,3.6,4,5,5,200000,0,99,1,97700,True
f_sweep,axelrod_f_sweep,193,lattice,10,10,100,180,3.6,4,5,5,200000,0,96,1,35600,True
f_sweep,axelrod_f_sweep,194,lattice,10,10,100,180,3.6,4,5,5,200000,0,98,1,37500,True
f_sweep,axelrod_f_sweep,195,lattice,10,10,100,180,3.6,4,5,5,200000,0,99,1,97100,True
f_sweep,axelrod_f_sweep,196,lattice,10,10,100,180,3.6,4,5,5,200000,0,99,1,89500,True
f_sweep,axelrod_f_sweep,197,lattice,10,10,100,180,3.6,4,5,5,200000,0,99,1,52300,True
f_sweep,axelrod_f_sweep,198,lattice,10,10,100,180,3.6,4,5,5,200000,0,99,2,51100,True
f_sweep,axelrod_f_sweep,199,lattice,10,10,100,180,3.6,4,5,5,200000,0,98,1,70600,True
f_sweep,axelrod_f_sweep,0,lattice,10,10,100,180,3.6,4,10,5,200000,0,100,1,96200,True
f_sweep,axelrod_f_sweep,1,lattice,10,10,100,180,3.6,4,10,5,200000,0,100,1,88200,True
f_sweep,axelrod_f_sweep,2,lattice,10,10,100,180,3.6,4,10,5,200000,0,100,1,70400,True
f_sweep,axelrod_f_sweep,3,lattice,10,10,100,180,3.6,4,10,5,200000,0,100,1,99900,True
f_sweep,axelrod_f_sweep,4,lattice,10,10,100,180,3.6,4,10,5,200000,0,100,1,79600,True
f_sweep,axelrod_f_sweep,5,lattice,10,10,100,180,3.6,4,10,5,200000,0,100,1,56900,True
f_sweep,axelrod_f_sweep,6,lattice,10,10,100,180,3.6,4,10,5,200000,0,100,1,89000,True
f_sweep,axelrod_f_sweep,7,lattice,10,10,100,180,3.6,4,10,5,200000,0,100,1,88700,True
f_sweep,axelrod_f_sweep,8,lattice,10,10,100,180,3.6,4,10,5,200000,0,100,1,99900,True
f_sweep,axelrod_f_sweep,9,lattice,10,10,100,180,3.6,4,10,5,200000,0,100,1,102500,True
f_sweep,axelrod_f_sweep,10,lattice,10,10,100,180,3.6,4,10,5,200000,0,100,1,75100,True
f_sweep,axelrod_f_sweep,11,lattice,10,10,100,180,3.6,4,10,5,200000,0,100,1,99900,True
f_sweep,axelrod_f_sweep,12,lattice,10,10,100,180,3.6,4,10,5,200000,0,100,1,144700,True
f_sweep,axelrod_f_sweep,13,lattice,10,10,100,180,3.6,4,10,5,200000,0,100,1,81800,True
f_sweep,axelrod_f_sweep,14,lattice,10,10,100,180,3.6,4,10,5,200000,0,100,1,109600,True
f_sweep,axelrod_f_sweep,15,lattice,10,10,100,180,3.6,4,10,5,200000,0,100,1,69900,True
f_sweep,axelrod_f_sweep,16,lattice,10,10,100,180,3.6,4,10,5,200000,0,100,1,94700,True
f_sweep,axelrod_f_sweep,17,lattice,10,10,100,180,3.6,4,10,5,200000,0,100,1,50300,True
f_sweep,axelrod_f_sweep,18,lattice,10,10,100,180,3.6,4,10,5,200000,0,100,1,81000,True
f_sweep,axelrod_f_sweep,19,lattice,10,10,100,180,3.6,4,10,5,200000,0,100,1,139100,True
f_sweep,axelrod_f_sweep,20,lattice,10,10,100,180,3.6,4,10,5,200000,0,100,1,124500,True
f_sweep,axelrod_f_sweep,21,lattice,10,10,100,180,3.6,4,10,5,200000,0,100,1,86700,True
f_sweep,axelrod_f_sweep,22,lattice,10,10,100,180,3.6,4,10,5,200000,0,100,1,83300,True
f_sweep,axelrod_f_sweep,23,lattice,10,10,100,180,3.6,4,10,5,200000,0,100,1,91200,True
f_sweep,axelrod_f_sweep,24,lattice,10,10,100,180,3.6,4,10,5,200000,0,100,1,66000,True
f_sweep,axelrod_f_sweep,25,lattice,10,10,100,180,3.6,4,10,5,200000,0,100,1,94600,True
f_sweep,axelrod_f_sweep,26,lattice,10,10,100,180,3.6,4,10,5,200000,0,100,1,79800,True
f_sweep,axelrod_f_sweep,27,lattice,10,10,100,180,3.6,4,10,5,200000,0,100,1,83100,True
f_sweep,axelrod_f_sweep,28,lattice,10,10,100,180,3.6,4,10,5,200000,0,100,1,72900,True
f_sweep,axelrod_f_sweep,29,lattice,10,10,100,180,3.6,4,10,5,200000,0,100,1,95600,True
f_sweep,axelrod_f_sweep,30,lattice,10,10,100,180,3.6,4,10,5,200000,0,100,1,101600,True
f_sweep,axelrod_f_sweep,31,lattice,10,10,100,180,3.6,4,10,5,200000,0,100,1,96400,True
f_sweep,axelrod_f_sweep,32,lattice,10,10,100,180,3.6,4,10,5,200000,0,100,1,99600,True
f_sweep,axelrod_f_sweep,33,lattice,10,10,100,180,3.6,4,10,5,200000,0,100,1,76300,True
f_sweep,axelrod_f_sweep,34,lattice,10,10,100,180,3.6,4,10,5,200000,0,100,1,146000,True
f_sweep,axelrod_f_sweep,35,lattice,10,10,100,180,3.6,4,10,5,200000,0,100,1,90700,True
f_sweep,axelrod_f_sweep,36,lattice,10,10,100,180,3.6,4,10,5,200000,0,100,1,76400,True
f_sweep,axelrod_f_sweep,37,lattice,10,10,100,180,3.6,4,10,5,200000,0,100,1,85000,True
f_sweep,axelrod_f_sweep,38,lattice,10,10,100,180,3.6,4,10,5,200000,0,100,1,106500,True
f_sweep,axelrod_f_sweep,39,lattice,10,10,100,180,3.6,4,10,5,200000,0,100,1,97500,True
f_sweep,axelrod_f_sweep,40,lattice,10,10,100,180,3.6,4,10,5,200000,0,100,1,71700,True
f_sweep,axelrod_f_sweep,41,lattice,10,10,100,180,3.6,4,10,5,200000,0,100,1,91800,True
f_sweep,axelrod_f_sweep,42,lattice,10,10,100,180,3.6,4,10,5,200000,0,100,1,88800,True
f_sweep,axelrod_f_sweep,43,lattice,10,10,100,180,3.6,4,10,5,200000,0,100,1,114100,True
f_sweep,axelrod_f_sweep,44,lattice,10,10,100,180,3.6,4,10,5,200000,0,100,1,82800,True
f_sweep,axelrod_f_sweep,45,lattice,10,10,100,180,3.6,4,10,5,200000,0,100,1,125200,True
f_sweep,axelrod_f_sweep,46,lattice,10,10,100,180,3.6,4,10,5,200000,0,100,1,83700,True
f_sweep,axelrod_f_sweep,47,lattice,10,10,100,180,3.6,4,10,5,200000,0,100,1,116500,True
f_sweep,axelrod_f_sweep,48,lattice,10,10,100,180,3.6,4,10,5,200000,0,100,1,91100,True
f_sweep,axelrod_f_sweep,49,lattice,10,10,100,180,3.6,4,10,5,200000,0,100,1,113600,True
f_sweep,axelrod_f_sweep,50,lattice,10,10,100,180,3.6,4,10,5,200000,0,100,1,81700,True
f_sweep,axelrod_f_sweep,51,lattice,10,10,100,180,3.6,4,10,5,200000,0,100,1,95400,True
f_sweep,axelrod_f_sweep,52,lattice,10,10,100,180,3.6,4,10,5,200000,0,100,1,54800,True
f_sweep,axelrod_f_sweep,53,lattice,10,10,100,180,3.6,4,10,5,200000,0,100,1,69000,True
f_sweep,axelrod_f_sweep,54,lattice,10,10,100,180,3.6,4,10,5,200000,0,100,1,94500,True
f_sweep,axelrod_f_sweep,55,lattice,10,10,100,180,3.6,4,10,5,200000,0,100,1,88900,True
f_sweep,axelrod_f_sweep,56,lattice,10,10,100,180,3.6,4,10,5,200000,0,100,1,77800,True
f_sweep,axelrod_f_sweep,57,lattice,10,10,100,180,3.6,4,10,5,200000,0,100,1,70300,True
f_sweep,axelrod_f_sweep,58,lattice,10,10,100,180,3.6,4,10,5,200000,0,100,1,76400,True
f_sweep,axelrod_f_sweep,59,lattice,10,10,100,180,3.6,4,10,5,200000,0,100,1,59700,True
f_sweep,axelrod_f_sweep,60,lattice,10,10,100,180,3.6,4,10,5,200000,0,100,1,124500,True
f_sweep,axelrod_f_sweep,61,lattice,10,10,100,180,3.6,4,10,5,200000,0,100,1,65400,True
f_sweep,axelrod_f_sweep,62,lattice,10,10,100,180,3.6,4,10,5,200000,0,100,1,85400,True
f_sweep,axelrod_f_sweep,63,lattice,10,10,100,180,3.6,4,10,5,200000,0,100,1,76600,True
f_sweep,axelrod_f_sweep,64,lattice,10,10,100,180,3.6,4,10,5,200000,0,100,1,89300,True
f_sweep,axelrod_f_sweep,65,lattice,10,10,100,180,3.6,4,10,5,200000,0,100,1,87800,True
f_sweep,axelrod_f_sweep,66,lattice,10,10,100,180,3.6,4,10,5,200000,0,100,1,59900,True
f_sweep,axelrod_f_sweep,67,lattice,10,10,100,180,3.6,4,10,5,200000,0,100,1,69300,True
f_sweep,axelrod_f_sweep,68,lattice,10,10,100,180,3.6,4,10,5,200000,0,100,1,102400,True
f_sweep,axelrod_f_sweep,69,lattice,10,10,100,180,3.6,4,10,5,200000,0,100,1,73200,True
f_sweep,axelrod_f_sweep,70,lattice,10,10,100,180,3.6,4,10,5,200000,0,100,1,75300,True
f_sweep,axelrod_f_sweep,71,lattice,10,10,100,180,3.6,4,10,5,200000,0,100,1,117800,True
f_sweep,axelrod_f_sweep,72,lattice,10,10,100,180,3.6,4,10,5,200000,0,100,1,96700,True
f_sweep,axelrod_f_sweep,73,lattice,10,10,100,180,3.6,4,10,5,200000,0,100,1,87000,True
f_sweep,axelrod_f_sweep,74,lattice,10,10,100,180,3.6,4,10,5,200000,0,100,1,96500,True
f_sweep,axelrod_f_sweep,75,lattice,10,10,100,180,3.6,4,10,5,200000,0,100,1,65800,True
f_sweep,axelrod_f_sweep,76,lattice,10,10,100,180,3.6,4,10,5,200000,0,100,1,84800,True
f_sweep,axelrod_f_sweep,77,lattice,10,10,100,180,3.6,4,10,5,200000,0,100,1,65800,True
f_sweep,axelrod_f_sweep,78,lattice,10,10,100,180,3.6,4,10,5,200000,0,100,1,105100,True
f_sweep,axelrod_f_sweep,79,lattice,10,10,100,180,3.6,4,10,5,200000,0,100,1,122500,True
f_sweep,axelrod_f_sweep,80,lattice,10,10,100,180,3.6,4,10,5,200000,0,100,1,116500,True
f_sweep,axelrod_f_sweep,81,lattice,10,10,100,180,3.6,4,10,5,200000,0,100,1,66600,True
f_sweep,axelrod_f_sweep,82,lattice,10,10,100,180,3.6,4,10,5,200000,0,100,1,92800,True
f_sweep,axelrod_f_sweep,83,lattice,10,10,100,180,3.6,4,10,5,200000,0,100,1,113500,True
f_sweep,axelrod_f_sweep,84,lattice,10,10,100,180,3.6,4,10,5,200000,0,100,1,92400,True
f_sweep,axelrod_f_sweep,85,lattice,10,10,100,180,3.6,4,10,5,200000,0,100,1,93800,True
f_sweep,axelrod_f_sweep,86,lattice,10,10,100,180,3.6,4,10,5,200000,0,100,1,66700,True
f_sweep,axelrod_f_sweep,87,lattice,10,10,100,180,3.6,4,10,5,200000,0,100,1,90900,True
f_sweep,axelrod_f_sweep,88,lattice,10,10,100,180,3.6,4,10,5,200000,0,100,1,131700,True
f_sweep,axelrod_f_sweep,89,lattice,10,10,100,180,3.6,4,10,5,200000,0,100,1,67900,True
f_sweep,axelrod_f_sweep,90,lattice,10,10,100,180,3.6,4,10,5,200000,0,100,1,99100,True
f_sweep,axelrod_f_sweep,91,lattice,10,10,100,180,3.6,4,10,5,200000,0,100,1,80900,True
f_sweep,axelrod_f_sweep,92,lattice,10,10,100,180,3.6,4,10,5,200000,0,100,1,52600,True
f_sweep,axelrod_f_sweep,93,lattice,10,10,100,180,3.6,4,10,5,200000,0,100,1,94200,True
f_sweep,axelrod_f_sweep,94,lattice,10,10,100,180,3.6,4,10,5,200000,0,100,1,139600,True
f_sweep,axelrod_f_sweep,95,lattice,10,10,100,180,3.6,4,10,5,200000,0,100,1,80300,True
f_sweep,axelrod_f_sweep,96,lattice,10,10,100,180,3.6,4,10,5,200000,0,100,1,75600,True
f_sweep,axelrod_f_sweep,97,lattice,10,10,100,180,3.6,4,10,5,200000,0,100,1,62700,True
f_sweep,axelrod_f_sweep,98,lattice,10,10,100,180,3.6,4,10,5,200000,0,100,1,80400,True
f_sweep,axelrod_f_sweep,99,lattice,10,10,100,180,3.6,4,10,5,200000,0,100,1,52600,True
f_sweep,axelrod_f_sweep,100,lattice,10,10,100,180,3.6,4,10,5,200000,0,100,1,51400,True
f_sweep,axelrod_f_sweep,101,lattice,10,10,100,180,3.6,4,10,5,200000,0,100,1,133800,True
f_sweep,axelrod_f_sweep,102,lattice,10,10,100,180,3.6,4,10,5,200000,0,100,1,68600,True
f_sweep,axelrod_f_sweep,103,lattice,10,10,100,180,3.6,4,10,5,200000,0,100,1,95000,True
f_sweep,axelrod_f_sweep,104,lattice,10,10,100,180,3.6,4,10,5,200000,0,100,1,90400,True
f_sweep,axelrod_f_sweep,105,lattice,10,10,100,180,3.6,4,10,5,200000,0,100,1,143500,True
f_sweep,axelrod_f_sweep,106,lattice,10,10,100,180,3.6,4,10,5,200000,0,100,1,98800,True
f_sweep,axelrod_f_sweep,107,lattice,10,10,100,180,3.6,4,10,5,200000,0,100,1,70200,True
f_sweep,axelrod_f_sweep,108,lattice,10,10,100,180,3.6,4,10,5,200000,0,100,1,61200,True
f_sweep,axelrod_f_sweep,109,lattice,10,10,100,180,3.6,4,10,5,200000,0,100,1,97400,True
f_sweep,axelrod_f_sweep,110,lattice,10,10,100,180,3.6,4,10,5,200000,0,100,1,103300,True
f_sweep,axelrod_f_sweep,111,lattice,10,10,100,180,3.6,4,10,5,200000,0,100,1,85100,True
f_sweep,axelrod_f_sweep,112,lattice,10,10,100,180,3.6,4,10,5,200000,0,100,1,94500,True
f_sweep,axelrod_f_sweep,113,lattice,10,10,100,180,3.6,4,10,5,200000,0,100,1,71200,True
f_sweep,axelrod_f_sweep,114,lattice,10,10,100,180,3.6,4,10,5,200000,0,100,1,107500,True
f_sweep,axelrod_f_sweep,115,lattice,10,10,100,180,3.6,4,10,5,200000,0,100,1,86100,True
f_sweep,axelrod_f_sweep,116,lattice,10,10,100,180,3.6,4,10,5,200000,0,100,1,132900,True
f_sweep,axelrod_f_sweep,117,lattice,10,10,100,180,3.6,4,10,5,200000,0,100,1,91800,True
f_sweep,axelrod_f_sweep,118,lattice,10,10,100,180,3.6,4,10,5,200000,0,100,1,94300,True
f_sweep,axelrod_f_sweep,119,lattice,10,10,100,180,3.6,4,10,5,200000,0,100,1,120100,True
f_sweep,axelrod_f_sweep,120,lattice,10,10,100,180,3.6,4,10,5,200000,0,100,1,75900,True
f_sweep,axelrod_f_sweep,121,lattice,10,10,100,180,3.6,4,10,5,200000,0,100,1,78900,True
f_sweep,axelrod_f_sweep,122,lattice,10,10,100,180,3.6,4,10,5,200000,0,100,1,77900,True
f_sweep,axelrod_f_sweep,123,lattice,10,10,100,180,3.6,4,10,5,200000,0,100,1,124000,True
f_sweep,axelrod_f_sweep,124,lattice,10,10,100,180,3.6,4,10,5,200000,0,100,1,105400,True
f_sweep,axelrod_f_sweep,125,lattice,10,10,100,180,3.6,4,10,5,200000,0,100,1,67900,True
f_sweep,axelrod_f_sweep,126,lattice,10,10,100,180,3.6,4,10,5,200000,0,100,1,74400,True
f_sweep,axelrod_f_sweep,127,lattice,10,10,100,180,3.6,4,10,5,200000,0,100,1,79300,True
f_sweep,axelrod_f_sweep,128,lattice,10,10,100,180,3.6,4,10,5,200000,0,100,1,111700,True
f_sweep,axelrod_f_sweep,129,lattice,10,10,100,180,3.6,4,10,5,200000,0,100,1,77500,True
f_sweep,axelrod_f_sweep,130,lattice,10,10,100,180,3.6,4,10,5,200000,0,100,1,77500,True
f_sweep,axelrod_f_sweep,131,lattice,10,10,100,180,3.6,4,10,5,200000,0,100,1,78300,True
f_sweep,axelrod_f_sweep,132,lattice,10,10,100,180,3.6,4,10,5,200000,0,100,1,112800,True
f_sweep,axelrod_f_sweep,133,lattice,10,10,100,180,3.6,4,10,5,200000,0,100,1,87100,True
f_sweep,axelrod_f_sweep,134,lattice,10,10,100,180,3.6,4,10,5,200000,0,100,1,105800,True
f_sweep,axelrod_f_sweep,135,lattice,10,10,100,180,3.6,4,10,5,200000,0,100,1,63500,True
f_sweep,axelrod_f_sweep,136,lattice,10,10,100,180,3.6,4,10,5,200000,0,100,1,109800,True
f_sweep,axelrod_f_sweep,137,lattice,10,10,100,180,3.6,4,10,5,200000,0,100,1,84900,True
f_sweep,axelrod_f_sweep,138,lattice,10,10,100,180,3.6,4,10,5,200000,0,100,1,76100,True
f_sweep,axelrod_f_sweep,139,lattice,10,10,100,180,3.6,4,10,5,200000,0,100,1,70300,True
f_sweep,axelrod_f_sweep,140,lattice,10,10,100,180,3.6,4,10,5,200000,0,100,1,90800,True
f_sweep,axelrod_f_sweep,141,lattice,10,10,100,180,3.6,4,10,5,200000,0,100,1,89700,True
f_sweep,axelrod_f_sweep,142,lattice,10,10,100,180,3.6,4,10,5,200000,0,100,1,84100,True
f_sweep,axelrod_f_sweep,143,lattice,10,10,100,180,3.6,4,10,5,200000,0,100,1,96100,True
f_sweep,axelrod_f_sweep,144,lattice,10,10,100,180,3.6,4,10,5,200000,0,100,1,75100,True
f_sweep,axelrod_f_sweep,145,lattice,10,10,100,180,3.6,4,10,5,200000,0,100,1,83100,True
f_sweep,axelrod_f_sweep,146,lattice,10,10,100,180,3.6,4,10,5,200000,0,100,1,110900,True
f_sweep,axelrod_f_sweep,147,lattice,10,10,100,180,3.6,4,10,5,200000,0,100,1,94600,True
f_sweep,axelrod_f_sweep,148,lattice,10,10,100,180,3.6,4,10,5,200000,0,100,1,100300,True
f_sweep,axelrod_f_sweep,149,lattice,10,10,100,180,3.6,4,10,5,200000,0,100,1,103000,True
f_sweep,axelrod_f_sweep,150,lattice,10,10,100,180,3.6,4,10,5,200000,0,100,1,86800,True
f_sweep,axelrod_f_sweep,151,lattice,10,10,100,180,3.6,4,10,5,200000,0,100,1,81300,True
f_sweep,axelrod_f_sweep,152,lattice,10,10,100,180,3.6,4,10,5,200000,0,100,1,74400,True
f_sweep,axelrod_f_sweep,153,lattice,10,10,100,180,3.6,4,10,5,200000,0,100,1,78600,True
f_sweep,axelrod_f_sweep,154,lattice,10,10,100,180,3.6,4,10,5,200000,0,100,1,67700,True
f_sweep,axelrod_f_sweep,155,lattice,10,10,100,180,3.6,4,10,5,200000,0,100,1,101400,True
f_sweep,axelrod_f_sweep,156,lattice,10,10,100,180,3.6,4,10,5,200000,0,100,1,147200,True
f_sweep,axelrod_f_sweep,157,lattice,10,10,100,180,3.6,4,10,5,200000,0,100,1,79800,True
f_sweep,axelrod_f_sweep,158,lattice,10,10,100,180,3.6,4,10,5,200000,0,100,1,116000,True
f_sweep,axelrod_f_sweep,159,lattice,10,10,100,180,3.6,4,10,5,200000,0,100,1,100500,True
f_sweep,axelrod_f_sweep,160,lattice,10,10,100,180,3.6,4,10,5,200000,0,100,1,106900,True
f_sweep,axelrod_f_sweep,161,lattice,10,10,100,180,3.6,4,10,5,200000,0,100,1,95600,True
f_sweep,axelrod_f_sweep,162,lattice,10,10,100,180,3.6,4,10,5,200000,0,100,1,90800,True
f_sweep,axelrod_f_sweep,163,lattice,10,10,100,180,3.6,4,10,5,200000,0,100,1,87100,True
f_sweep,axelrod_f_sweep,164,lattice,10,10,100,180,3.6,4,10,5,200000,0,100,1,69300,True
f_sweep,axelrod_f_sweep,165,lattice,10,10,100,180,3.6,4,10,5,200000,0,100,1,102000,True
f_sweep,axelrod_f_sweep,166,lattice,10,10,100,180,3.6,4,10,5,200000,0,100,1,150400,True
f_sweep,axelrod_f_sweep,167,lattice,10,10,100,180,3.6,4,10,5,200000,0,100,1,57900,True
f_sweep,axelrod_f_sweep,168,lattice,10,10,100,180,3.6,4,10,5,200000,0,100,1,85200,True
f_sweep,axelrod_f_sweep,169,lattice,10,10,100,180,3.6,4,10,5,200000,0,100,1,95600,True
f_sweep,axelrod_f_sweep,170,lattice,10,10,100,180,3.6,4,10,5,200000,0,100,1,101000,True
f_sweep,axelrod_f_sweep,171,lattice,10,10,100,180,3.6,4,10,5,200000,0,100,1,69000,True
f_sweep,axelrod_f_sweep,172,lattice,10,10,100,180,3.6,4,10,5,200000,0,100,1,102400,True
f_sweep,axelrod_f_sweep,173,lattice,10,10,100,180,3.6,4,10,5,200000,0,100,1,71300,True
f_sweep,axelrod_f_sweep,174,lattice,10,10,100,180,3.6,4,10,5,200000,0,100,1,96400,True
f_sweep,axelrod_f_sweep,175,lattice,10,10,100,180,3.6,4,10,5,200000,0,100,1,73400,True
f_sweep,axelrod_f_sweep,176,lattice,10,10,100,180,3.6,4,10,5,200000,0,100,1,83200,True
f_sweep,axelrod_f_sweep,177,lattice,10,10,100,180,3.6,4,10,5,200000,0,100,1,73100,True
f_sweep,axelrod_f_sweep,178,lattice,10,10,100,180,3.6,4,10,5,200000,0,100,1,143200,True
f_sweep,axelrod_f_sweep,179,lattice,10,10,100,180,3.6,4,10,5,200000,0,100,1,92800,True
f_sweep,axelrod_f_sweep,180,lattice,10,10,100,180,3.6,4,10,5,200000,0,100,1,81700,True
f_sweep,axelrod_f_sweep,181,lattice,10,10,100,180,3.6,4,10,5,200000,0,100,1,60700,True
f_sweep,axelrod_f_sweep,182,lattice,10,10,100,180,3.6,4,10,5,200000,0,100,1,87900,True
f_sweep,axelrod_f_sweep,183,lattice,10,10,100,180,3.6,4,10,5,200000,0,100,1,91800,True
f_sweep,axelrod_f_sweep,184,lattice,10,10,100,180,3.6,4,10,5,200000,0,100,1,64600,True
f_sweep,axelrod_f_sweep,185,lattice,10,10,100,180,3.6,4,10,5,200000,0,100,1,113700,True
f_sweep,axelrod_f_sweep,186,lattice,10,10,100,180,3.6,4,10,5,200000,0,100,1,87000,True
f_sweep,axelrod_f_sweep,187,lattice,10,10,100,180,3.6,4,10,5,200000,0,100,1,82100,True
f_sweep,axelrod_f_sweep,188,lattice,10,10,100,180,3.6,4,10,5,200000,0,100,1,59800,True
f_sweep,axelrod_f_sweep,189,lattice,10,10,100,180,3.6,4,10,5,200000,0,100,1,83700,True
f_sweep,axelrod_f_sweep,190,lattice,10,10,100,180,3.6,4,10,5,200000,0,100,1,89000,True
f_sweep,axelrod_f_sweep,191,lattice,10,10,100,180,3.6,4,10,5,200000,0,100,1,111900,True
f_sweep,axelrod_f_sweep,192,lattice,10,10,100,180,3.6,4,10,5,200000,0,100,1,87600,True
f_sweep,axelrod_f_sweep,193,lattice,10,10,100,180,3.6,4,10,5,200000,0,100,1,74200,True
f_sweep,axelrod_f_sweep,194,lattice,10,10,100,180,3.6,4,10,5,200000,0,100,1,71000,True
f_sweep,axelrod_f_sweep,195,lattice,10,10,100,180,3.6,4,10,5,200000,0,100,1,116100,True
f_sweep,axelrod_f_sweep,196,lattice,10,10,100,180,3.6,4,10,5,200000,0,100,1,101100,True
f_sweep,axelrod_f_sweep,197,lattice,10,10,100,180,3.6,4,10,5,200000,0,100,1,91900,True
f_sweep,axelrod_f_sweep,198,lattice,10,10,100,180,3.6,4,10,5,200000,0,100,1,118600,True
f_sweep,axelrod_f_sweep,199,lattice,10,10,100,180,3.6,4,10,5,200000,0,100,1,91200,True
f_sweep,axelrod_f_sweep,0,lattice,10,10,100,180,3.6,4,20,5,200000,0,100,1,137200,True
f_sweep,axelrod_f_sweep,1,lattice,10,10,100,180,3.6,4,20,5,200000,0,100,1,169500,True
f_sweep,axelrod_f_sweep,2,lattice,10,10,100,180,3.6,4,20,5,200000,0,100,1,102400,True
f_sweep,axelrod_f_sweep,3,lattice,10,10,100,180,3.6,4,20,5,200000,0,100,1,145000,True
f_sweep,axelrod_f_sweep,4,lattice,10,10,100,180,3.6,4,20,5,200000,0,100,1,150000,True
f_sweep,axelrod_f_sweep,5,lattice,10,10,100,180,3.6,4,20,5,200000,0,100,1,106700,True
f_sweep,axelrod_f_sweep,6,lattice,10,10,100,180,3.6,4,20,5,200000,0,100,1,141900,True
f_sweep,axelrod_f_sweep,7,lattice,10,10,100,180,3.6,4,20,5,200000,0,100,1,177500,True
f_sweep,axelrod_f_sweep,8,lattice,10,10,100,180,3.6,4,20,5,200000,0,100,1,129600,True
f_sweep,axelrod_f_sweep,9,lattice,10,10,100,180,3.6,4,20,5,200000,0,100,1,179500,True
f_sweep,axelrod_f_sweep,10,lattice,10,10,100,180,3.6,4,20,5,200000,0,100,1,164400,True
f_sweep,axelrod_f_sweep,11,lattice,10,10,100,180,3.6,4,20,5,200000,0,100,1,112600,True
f_sweep,axelrod_f_sweep,12,lattice,10,10,100,180,3.6,4,20,5,200000,0,100,1,130900,True
f_sweep,axelrod_f_sweep,13,lattice,10,10,100,180,3.6,4,20,5,200000,0,100,1,113300,True
f_sweep,axelrod_f_sweep,14,lattice,10,10,100,180,3.6,4,20,5,200000,0,100,1,116700,True
f_sweep,axelrod_f_sweep,15,lattice,10,10,100,180,3.6,4,20,5,200000,0,100,1,159600,True
f_sweep,axelrod_f_sweep,16,lattice,10,10,100,180,3.6,4,20,5,200000,0,100,1,138800,True
f_sweep,axelrod_f_sweep,17,lattice,10,10,100,180,3.6,4,20,5,200000,0,100,1,134300,True
f_sweep,axelrod_f_sweep,18,lattice,10,10,100,180,3.6,4,20,5,200000,0,100,1,183500,True
f_sweep,axelrod_f_sweep,19,lattice,10,10,100,180,3.6,4,20,5,200000,0,100,1,193700,True
f_sweep,axelrod_f_sweep,20,lattice,10,10,100,180,3.6,4,20,5,200000,0,100,1,107900,True
f_sweep,axelrod_f_sweep,21,lattice,10,10,100,180,3.6,4,20,5,200000,0,100,1,143700,True
f_sweep,axelrod_f_sweep,22,lattice,10,10,100,180,3.6,4,20,5,200000,0,100,1,129900,True
f_sweep,axelrod_f_sweep,23,lattice,10,10,100,180,3.6,4,20,5,200000,0,100,1,159700,True
f_sweep,axelrod_f_sweep,24,lattice,10,10,100,180,3.6,4,20,5,200000,0,100,1,154600,True
f_sweep,axelrod_f_sweep,25,lattice,10,10,100,180,3.6,4,20,5,200000,0,100,1,142300,True
f_sweep,axelrod_f_sweep,26,lattice,10,10,100,180,3.6,4,20,5,200000,0,100,1,110000,True
f_sweep,axelrod_f_sweep,27,lattice,10,10,100,180,3.6,4,20,5,200000,0,100,1,138400,True
f_sweep,axelrod_f_sweep,28,lattice,10,10,100,180,3.6,4,20,5,200000,0,100,1,153000,True
f_sweep,axelrod_f_sweep,29,lattice,10,10,100,180,3.6,4,20,5,200000,0,100,1,138400,True
f_sweep,axelrod_f_sweep,30,lattice,10,10,100,180,3.6,4,20,5,200000,0,100,1,131200,True
f_sweep,axelrod_f_sweep,31,lattice,10,10,100,180,3.6,4,20,5,200000,0,100,1,162200,True
f_sweep,axelrod_f_sweep,32,lattice,10,10,100,180,3.6,4,20,5,200000,0,100,1,135900,True
f_sweep,axelrod_f_sweep,33,lattice,10,10,100,180,3.6,4,20,5,200000,0,100,1,144400,True
f_sweep,axelrod_f_sweep,34,lattice,10,10,100,180,3.6,4,20,5,200000,0,100,1,114800,True
f_sweep,axelrod_f_sweep,35,lattice,10,10,100,180,3.6,4,20,5,200000,0,100,1,102500,True
f_sweep,axelrod_f_sweep,36,lattice,10,10,100,180,3.6,4,20,5,200000,0,100,1,143800,True
f_sweep,axelrod_f_sweep,37,lattice,10,10,100,180,3.6,4,20,5,200000,0,100,1,159400,True
f_sweep,axelrod_f_sweep,38,lattice,10,10,100,180,3.6,4,20,5,200000,0,100,1,151000,True
f_sweep,axelrod_f_sweep,39,lattice,10,10,100,180,3.6,4,20,5,200000,0,100,1,150600,True
f_sweep,axelrod_f_sweep,40,lattice,10,10,100,180,3.6,4,20,5,200000,0,100,1,150400,True
f_sweep,axelrod_f_sweep,41,lattice,10,10,100,180,3.6,4,20,5,200000,0,100,1,125300,True
f_sweep,axelrod_f_sweep,42,lattice,10,10,100,180,3.6,4,20,5,200000,0,100,1,121800,True
f_sweep,axelrod_f_sweep,43,lattice,10,10,100,180,3.6,4,20,5,200000,0,100,1,116900,True
f_sweep,axelrod_f_sweep,44,lattice,10,10,100,180,3.6,4,20,5,200000,0,100,1,126300,True
f_sweep,axelrod_f_sweep,45,lattice,10,10,100,180,3.6,4,20,5,200000,0,100,1,127300,True
f_sweep,axelrod_f_sweep,46,lattice,10,10,100,180,3.6,4,20,5,200000,0,100,1,135400,True
f_sweep,axelrod_f_sweep,47,lattice,10,10,100,180,3.6,4,20,5,200000,0,100,1,139000,True
f_sweep,axelrod_f_sweep,48,lattice,10,10,100,180,3.6,4,20,5,200000,0,100,1,195600,True
f_sweep,axelrod_f_sweep,49,lattice,10,10,100,180,3.6,4,20,5,200000,0,100,1,157100,True
f_sweep,axelrod_f_sweep,50,lattice,10,10,100,180,3.6,4,20,5,200000,0,100,1,115500,True
f_sweep,axelrod_f_sweep,51,lattice,10,10,100,180,3.6,4,20,5,200000,0,100,1,134100,True
f_sweep,axelrod_f_sweep,52,lattice,10,10,100,180,3.6,4,20,5,200000,0,100,1,150700,True
f_sweep,axelrod_f_sweep,53,lattice,10,10,100,180,3.6,4,20,5,200000,0,100,1,115200,True
f_sweep,axelrod_f_sweep,54,lattice,10,10,100,180,3.6,4,20,5,200000,0,100,1,118900,True
f_sweep,axelrod_f_sweep,55,lattice,10,10,100,180,3.6,4,20,5,200000,0,100,1,127400,True
f_sweep,axelrod_f_sweep,56,lattice,10,10,100,180,3.6,4,20,5,200000,0,100,1,95600,True
f_sweep,axelrod_f_sweep,57,lattice,10,10,100,180,3.6,4,20,5,200000,0,100,1,164600,True
f_sweep,axelrod_f_sweep,58,lattice,10,10,100,180,3.6,4,20,5,200000,0,100,1,148900,True
f_sweep,axelrod_f_sweep,59,lattice,10,10,100,180,3.6,4,20,5,200000,0,100,1,123400,True
f_sweep,axelrod_f_sweep,60,lattice,10,10,100,180,3.6,4,20,5,200000,0,100,1,125100,True
f_sweep,axelrod_f_sweep,61,lattice,10,10,100,180,3.6,4,20,5,200000,0,100,1,121100,True
f_sweep,axelrod_f_sweep,62,lattice,10,10,100,180,3.6,4,20,5,200000,0,100,1,147100,True
f_sweep,axelrod_f_sweep,63,lattice,10,10,100,180,3.6,4,20,5,200000,0,100,1,149900,True
f_sweep,axelrod_f_sweep,64,lattice,10,10,100,180,3.6,4,20,5,200000,0,100,1,189800,True
f_sweep,axelrod_f_sweep,65,lattice,10,10,100,180,3.6,4,20,5,200000,0,100,1,109600,True
f_sweep,axelrod_f_sweep,66,lattice,10,10,100,180,3.6,4,20,5,200000,0,100,1,135300,True
f_sweep,axelrod_f_sweep,67,lattice,10,10,100,180,3.6,4,20,5,200000,0,100,1,137600,True
f_sweep,axelrod_f_sweep,68,lattice,10,10,100,180,3.6,4,20,5,200000,0,100,1,117400,True
f_sweep,axelrod_f_sweep,69,lattice,10,10,100,180,3.6,4,20,5,200000,0,100,1,141400,True
f_sweep,axelrod_f_sweep,70,lattice,10,10,100,180,3.6,4,20,5,200000,0,100,1,137600,True
f_sweep,axelrod_f_sweep,71,lattice,10,10,100,180,3.6,4,20,5,200000,0,100,1,127300,True
f_sweep,axelrod_f_sweep,72,lattice,10,10,100,180,3.6,4,20,5,200000,0,100,1,119300,True
f_sweep,axelrod_f_sweep,73,lattice,10,10,100,180,3.6,4,20,5,200000,0,100,1,105300,True
f_sweep,axelrod_f_sweep,74,lattice,10,10,100,180,3.6,4,20,5,200000,0,100,1,130800,True
f_sweep,axelrod_f_sweep,75,lattice,10,10,100,180,3.6,4,20,5,200000,0,100,1,138400,True
f_sweep,axelrod_f_sweep,76,lattice,10,10,100,180,3.6,4,20,5,200000,0,100,1,104100,True
f_sweep,axelrod_f_sweep,77,lattice,10,10,100,180,3.6,4,20,5,200000,0,100,1,129600,True
f_sweep,axelrod_f_sweep,78,lattice,10,10,100,180,3.6,4,20,5,200000,0,100,1,150500,True
f_sweep,axelrod_f_sweep,79,lattice,10,10,100,180,3.6,4,20,5,200000,0,100,1,102700,True
f_sweep,axelrod_f_sweep,80,lattice,10,10,100,180,3.6,4,20,5,200000,0,100,1,100200,True
f_sweep,axelrod_f_sweep,81,lattice,10,10,100,180,3.6,4,20,5,200000,0,100,1,117000,True
f_sweep,axelrod_f_sweep,82,lattice,10,10,100,180,3.6,4,20,5,200000,0,100,1,142200,True
f_sweep,axelrod_f_sweep,83,lattice,10,10,100,180,3.6,4,20,5,200000,0,100,1,133700,True
f_sweep,axelrod_f_sweep,84,lattice,10,10,100,180,3.6,4,20,5,200000,0,100,1,128100,True
f_sweep,axelrod_f_sweep,85,lattice,10,10,100,180,3.6,4,20,5,200000,0,100,1,156000,True
f_sweep,axelrod_f_sweep,86,lattice,10,10,100,180,3.6,4,20,5,200000,0,100,1,127700,True
f_sweep,axelrod_f_sweep,87,lattice,10,10,100,180,3.6,4,20,5,200000,0,100,1,138000,True
f_sweep,axelrod_f_sweep,88,lattice,10,10,100,180,3.6,4,20,5,200000,0,100,1,130800,True
f_sweep,axelrod_f_sweep,89,lattice,10,10,100,180,3.6,4,20,5,200000,0,100,1,155200,True
f_sweep,axelrod_f_sweep,90,lattice,10,10,100,180,3.6,4,20,5,200000,0,100,1,145000,True
f_sweep,axelrod_f_sweep,91,lattice,10,10,100,180,3.6,4,20,5,200000,0,100,1,134000,True
f_sweep,axelrod_f_sweep,92,lattice,10,10,100,180,3.6,4,20,5,200000,0,100,1,148500,True
f_sweep,axelrod_f_sweep,93,lattice,10,10,100,180,3.6,4,20,5,200000,0,100,1,125900,True
f_sweep,axelrod_f_sweep,94,lattice,10,10,100,180,3.6,4,20,5,200000,0,100,1,138900,True
f_sweep,axelrod_f_sweep,95,lattice,10,10,100,180,3.6,4,20,5,200000,0,100,1,117900,True
f_sweep,axelrod_f_sweep,96,lattice,10,10,100,180,3.6,4,20,5,200000,0,100,1,145200,True
f_sweep,axelrod_f_sweep,97,lattice,10,10,100,180,3.6,4,20,5,200000,0,100,1,163100,True
f_sweep,axelrod_f_sweep,98,lattice,10,10,100,180,3.6,4,20,5,200000,0,100,1,142900,True
f_sweep,axelrod_f_sweep,99,lattice,10,10,100,180,3.6,4,20,5,200000,0,100,1,113400,True
f_sweep,axelrod_f_sweep,100,lattice,10,10,100,180,3.6,4,20,5,200000,0,100,1,171000,True
f_sweep,axelrod_f_sweep,101,lattice,10,10,100,180,3.6,4,20,5,200000,0,100,1,163900,True
f_sweep,axelrod_f_sweep,102,lattice,10,10,100,180,3.6,4,20,5,200000,0,100,1,150700,True
f_sweep,axelrod_f_sweep,103,lattice,10,10,100,180,3.6,4,20,5,200000,0,100,1,150000,True
f_sweep,axelrod_f_sweep,104,lattice,10,10,100,180,3.6,4,20,5,200000,0,100,1,144800,True
f_sweep,axelrod_f_sweep,105,lattice,10,10,100,180,3.6,4,20,5,200000,0,100,1,150700,True
f_sweep,axelrod_f_sweep,106,lattice,10,10,100,180,3.6,4,20,5,200000,0,100,1,166500,True
f_sweep,axelrod_f_sweep,107,lattice,10,10,100,180,3.6,4,20,5,200000,0,100,1,146300,True
f_sweep,axelrod_f_sweep,108,lattice,10,10,100,180,3.6,4,20,5,200000,0,100,1,175000,True
f_sweep,axelrod_f_sweep,109,lattice,10,10,100,180,3.6,4,20,5,200000,0,100,1,114000,True
f_sweep,axelrod_f_sweep,110,lattice,10,10,100,180,3.6,4,20,5,200000,0,100,1,127000,True
f_sweep,axelrod_f_sweep,111,lattice,10,10,100,180,3.6,4,20,5,200000,0,100,1,175400,True
f_sweep,axelrod_f_sweep,112,lattice,10,10,100,180,3.6,4,20,5,200000,0,100,1,126000,True
f_sweep,axelrod_f_sweep,113,lattice,10,10,100,180,3.6,4,20,5,200000,0,100,1,150700,True
f_sweep,axelrod_f_sweep,114,lattice,10,10,100,180,3.6,4,20,5,200000,0,100,1,118500,True
f_sweep,axelrod_f_sweep,115,lattice,10,10,100,180,3.6,4,20,5,200000,0,100,1,153000,True
f_sweep,axelrod_f_sweep,116,lattice,10,10,100,180,3.6,4,20,5,200000,0,100,1,129300,True
f_sweep,axelrod_f_sweep,117,lattice,10,10,100,180,3.6,4,20,5,200000,0,100,1,135200,True
f_sweep,axelrod_f_sweep,118,lattice,10,10,100,180,3.6,4,20,5,200000,0,100,1,123200,True
f_sweep,axelrod_f_sweep,119,lattice,10,10,100,180,3.6,4,20,5,200000,0,100,1,133500,True
f_sweep,axelrod_f_sweep,120,lattice,10,10,100,180,3.6,4,20,5,200000,0,100,1,141700,True
f_sweep,axelrod_f_sweep,121,lattice,10,10,100,180,3.6,4,20,5,200000,0,100,1,133900,True
f_sweep,axelrod_f_sweep,122,lattice,10,10,100,180,3.6,4,20,5,200000,0,100,1,151100,True
f_sweep,axelrod_f_sweep,123,lattice,10,10,100,180,3.6,4,20,5,200000,0,100,1,100000,True
f_sweep,axelrod_f_sweep,124,lattice,10,10,100,180,3.6,4,20,5,200000,0,100,1,129000,True
f_sweep,axelrod_f_sweep,125,lattice,10,10,100,180,3.6,4,20,5,200000,0,100,1,146200,True
f_sweep,axelrod_f_sweep,126,lattice,10,10,100,180,3.6,4,20,5,200000,0,100,1,192300,True
f_sweep,axelrod_f_sweep,127,lattice,10,10,100,180,3.6,4,20,5,200000,0,100,1,150200,True
f_sweep,axelrod_f_sweep,128,lattice,10,10,100,180,3.6,4,20,5,200000,0,100,1,112700,True
f_sweep,axelrod_f_sweep,129,lattice,10,10,100,180,3.6,4,20,5,200000,0,100,1,129300,True
f_sweep,axelrod_f_sweep,130,lattice,10,10,100,180,3.6,4,20,5,200000,0,100,1,177200,True
f_sweep,axelrod_f_sweep,131,lattice,10,10,100,180,3.6,4,20,5,200000,0,100,1,137500,True
f_sweep,axelrod_f_sweep,132,lattice,10,10,100,180,3.6,4,20,5,200000,0,100,1,118100,True
f_sweep,axelrod_f_sweep,133,lattice,10,10,100,180,3.6,4,20,5,200000,0,100,1,128100,True
f_sweep,axelrod_f_sweep,134,lattice,10,10,100,180,3.6,4,20,5,200000,0,100,1,146000,True
f_sweep,axelrod_f_sweep,135,lattice,10,10,100,180,3.6,4,20,5,200000,0,100,1,109600,True
f_sweep,axelrod_f_sweep,136,lattice,10,10,100,180,3.6,4,20,5,200000,0,100,1,168900,True
f_sweep,axelrod_f_sweep,137,lattice,10,10,100,180,3.6,4,20,5,200000,0,100,1,105200,True
f_sweep,axelrod_f_sweep,138,lattice,10,10,100,180,3.6,4,20,5,200000,0,100,1,150200,True
f_sweep,axelrod_f_sweep,139,lattice,10,10,100,180,3.6,4,20,5,200000,0,100,1,159700,True
f_sweep,axelrod_f_sweep,140,lattice,10,10,100,180,3.6,4,20,5,200000,0,100,1,127500,True
f_sweep,axelrod_f_sweep,141,lattice,10,10,100,180,3.6,4,20,5,200000,0,100,1,137300,True
f_sweep,axelrod_f_sweep,142,lattice,10,10,100,180,3.6,4,20,5,200000,0,100,1,154400,True
f_sweep,axelrod_f_sweep,143,lattice,10,10,100,180,3.6,4,20,5,200000,0,100,1,131400,True
f_sweep,axelrod_f_sweep,144,lattice,10,10,100,180,3.6,4,20,5,200000,0,100,1,136800,True
f_sweep,axelrod_f_sweep,145,lattice,10,10,100,180,3.6,4,20,5,200000,0,100,1,150900,True
f_sweep,axelrod_f_sweep,146,lattice,10,10,100,180,3.6,4,20,5,200000,0,100,1,124000,True
f_sweep,axelrod_f_sweep,147,lattice,10,10,100,180,3.6,4,20,5,200000,0,100,1,162300,True
f_sweep,axelrod_f_sweep,148,lattice,10,10,100,180,3.6,4,20,5,200000,0,100,1,167900,True
f_sweep,axelrod_f_sweep,149,lattice,10,10,100,180,3.6,4,20,5,200000,0,100,1,102300,True
f_sweep,axelrod_f_sweep,150,lattice,10,10,100,180,3.6,4,20,5,200000,0,100,1,134200,True
f_sweep,axelrod_f_sweep,151,lattice,10,10,100,180,3.6,4,20,5,200000,0,100,1,114600,True
f_sweep,axelrod_f_sweep,152,lattice,10,10,100,180,3.6,4,20,5,200000,0,100,1,116700,True
f_sweep,axelrod_f_sweep,153,lattice,10,10,100,180,3.6,4,20,5,200000,0,100,1,132100,True
f_sweep,axelrod_f_sweep,154,lattice,10,10,100,180,3.6,4,20,5,200000,0,100,1,175600,True
f_sweep,axelrod_f_sweep,155,lattice,10,10,100,180,3.6,4,20,5,200000,0,100,1,162000,True
f_sweep,axelrod_f_sweep,156,lattice,10,10,100,180,3.6,4,20,5,200000,0,100,1,141100,True
f_sweep,axelrod_f_sweep,157,lattice,10,10,100,180,3.6,4,20,5,200000,0,100,1,139700,True
f_sweep,axelrod_f_sweep,158,lattice,10,10,100,180,3.6,4,20,5,200000,0,100,1,139000,True
f_sweep,axelrod_f_sweep,159,lattice,10,10,100,180,3.6,4,20,5,200000,0,100,1,115000,True
f_sweep,axelrod_f_sweep,160,lattice,10,10,100,180,3.6,4,20,5,200000,0,100,1,117700,True
f_sweep,axelrod_f_sweep,161,lattice,10,10,100,180,3.6,4,20,5,200000,0,100,1,121400,True
f_sweep,axelrod_f_sweep,162,lattice,10,10,100,180,3.6,4,20,5,200000,0,100,1,139100,True
f_sweep,axelrod_f_sweep,163,lattice,10,10,100,180,3.6,4,20,5,200000,0,100,1,124600,True
f_sweep,axelrod_f_sweep,164,lattice,10,10,100,180,3.6,4,20,5,200000,0,100,1,142300,True
f_sweep,axelrod_f_sweep,165,lattice,10,10,100,180,3.6,4,20,5,200000,0,100,1,166600,True
f_sweep,axelrod_f_sweep,166,lattice,10,10,100,180,3.6,4,20,5,200000,0,100,1,139200,True
f_sweep,axelrod_f_sweep,167,lattice,10,10,100,180,3.6,4,20,5,200000,0,100,1,154800,True
f_sweep,axelrod_f_sweep,168,lattice,10,10,100,180,3.6,4,20,5,200000,0,100,1,129200,True
f_sweep,axelrod_f_sweep,169,lattice,10,10,100,180,3.6,4,20,5,200000,0,100,1,104700,True
f_sweep,axelrod_f_sweep,170,lattice,10,10,100,180,3.6,4,20,5,200000,0,100,1,121600,True
f_sweep,axelrod_f_sweep,171,lattice,10,10,100,180,3.6,4,20,5,200000,0,100,1,121800,True
f_sweep,axelrod_f_sweep,172,lattice,10,10,100,180,3.6,4,20,5,200000,0,100,1,96100,True
f_sweep,axelrod_f_sweep,173,lattice,10,10,100,180,3.6,4,20,5,200000,0,100,1,132600,True
f_sweep,axelrod_f_sweep,174,lattice,10,10,100,180,3.6,4,20,5,200000,0,100,1,102700,True
f_sweep,axelrod_f_sweep,175,lattice,10,10,100,180,3.6,4,20,5,200000,0,100,1,134500,True
f_sweep,axelrod_f_sweep,176,lattice,10,10,100,180,3.6,4,20,5,200000,0,100,1,107100,True
f_sweep,axelrod_f_sweep,177,lattice,10,10,100,180,3.6,4,20,5,200000,0,100,1,165600,True
f_sweep,axelrod_f_sweep,178,lattice,10,10,100,180,3.6,4,20,5,200000,0,100,1,153800,True
f_sweep,axelrod_f_sweep,179,lattice,10,10,100,180,3.6,4,20,5,200000,0,100,1,155000,True
f_sweep,axelrod_f_sweep,180,lattice,10,10,100,180,3.6,4,20,5,200000,0,100,1,153200,True
f_sweep,axelrod_f_sweep,181,lattice,10,10,100,180,3.6,4,20,5,200000,0,100,1,141800,True
f_sweep,axelrod_f_sweep,182,lattice,10,10,100,180,3.6,4,20,5,200000,0,100,1,99000,True
f_sweep,axelrod_f_sweep,183,lattice,10,10,100,180,3.6,4,20,5,200000,0,100,1,146600,True
f_sweep,axelrod_f_sweep,184,lattice,10,10,100,180,3.6,4,20,5,200000,0,100,1,183900,True
f_sweep,axelrod_f_sweep,185,lattice,10,10,100,180,3.6,4,20,5,200000,0,100,1,120300,True
f_sweep,axelrod_f_sweep,186,lattice,10,10,100,180,3.6,4,20,5,200000,0,100,1,151400,True
f_sweep,axelrod_f_sweep,187,lattice,10,10,100,180,3.6,4,20,5,200000,0,100,1,165800,True
f_sweep,axelrod_f_sweep,188,lattice,10,10,100,180,3.6,4,20,5,200000,0,100,1,121400,True
f_sweep,axelrod_f_sweep,189,lattice,10,10,100,180,3.6,4,20,5,200000,0,100,1,127800,True
f_sweep,axelrod_f_sweep,190,lattice,10,10,100,180,3.6,4,20,5,200000,0,100,1,146700,True
f_sweep,axelrod_f_sweep,191,lattice,10,10,100,180,3.6,4,20,5,200000,0,100,1,189100,True
f_sweep,axelrod_f_sweep,192,lattice,10,10,100,180,3.6,4,20,5,200000,0,100,1,137400,True
f_sweep,axelrod_f_sweep,193,lattice,10,10,100,180,3.6,4,20,5,200000,0,100,1,117800,True
f_sweep,axelrod_f_sweep,194,lattice,10,10,100,180,3.6,4,20,5,200000,0,100,1,108700,True
f_sweep,axelrod_f_sweep,195,lattice,10,10,100,180,3.6,4,20,5,200000,0,100,1,152000,True
f_sweep,axelrod_f_sweep,196,lattice,10,10,100,180,3.6,4,20,5,200000,0,100,1,165700,True
f_sweep,axelrod_f_sweep,197,lattice,10,10,100,180,3.6,4,20,5,200000,0,100,1,127000,True
f_sweep,axelrod_f_sweep,198,lattice,10,10,100,180,3.6,4,20,5,200000,0,100,1,141100,True
f_sweep,axelrod_f_sweep,199,lattice,10,10,100,180,3.6,4,20,5,200000,0,100,1,120600,True
f_sweep,axelrod_f_sweep,0,er,10,10,100,211,4.22,4,3,5,200000,2,61,6,20600,True
f_sweep,axelrod_f_sweep,1,er,10,10,100,219,4.38,4,3,5,200000,2,72,3,29200,True
f_sweep,axelrod_f_sweep,2,er,10,10,100,211,4.22,4,3,5,200000,2,69,6,32600,True
f_sweep,axelrod_f_sweep,3,er,10,10,100,184,3.68,4,3,5,200000,0,67,3,42900,True
f_sweep,axelrod_f_sweep,4,er,10,10,100,184,3.68,4,3,5,200000,3,66,6,12200,True
f_sweep,axelrod_f_sweep,5,er,10,10,100,194,3.88,4,3,5,200000,1,64,4,38000,True
f_sweep,axelrod_f_sweep,6,er,10,10,100,231,4.62,4,3,5,200000,1,68,2,44900,True
f_sweep,axelrod_f_sweep,7,er,10,10,100,206,4.12,4,3,5,200000,0,69,3,27300,True
f_sweep,axelrod_f_sweep,8,er,10,10,100,199,3.98,4,3,5,200000,2,75,3,41400,True
f_sweep,axelrod_f_sweep,9,er,10,10,100,223,4.46,4,3,5,200000,0,67,3,22200,True
f_sweep,axelrod_f_sweep,10,er,10,10,100,176,3.52,4,3,5,200000,5,61,5,46500,True
f_sweep,axelrod_f_sweep,11,er,10,10,100,192,3.84,4,3,5,200000,2,73,4,37900,True
f_sweep,axelrod_f_sweep,12,er,10,10,100,187,3.74,4,3,5,200000,2,71,4,39000,True
f_sweep,axelrod_f_sweep,13,er,10,10,100,202,4.04,4,3,5,200000,1,71,2,64300,True
f_sweep,axelrod_f_sweep,14,er,10,10,100,198,3.96,4,3,5,200000,2,69,5,24100,True
f_sweep,axelrod_f_sweep,15,er,10,10,100,179,3.58,4,3,5,200000,2,61,6,36300,True
f_sweep,axelrod_f_sweep,16,er,10,10,100,184,3.68,4,3,5,200000,1,66,7,24500,True
f_sweep,axelrod_f_sweep,17,er,10,10,100,176,3.52,4,3,5,200000,3,66,5,56800,True
f_sweep,axelrod_f_sweep,18,er,10,10,100,179,3.58,4,3,5,200000,2,68,5,54000,True
f_sweep,axelrod_f_sweep,19,er,10,10,100,171,3.42,4,3,5,200000,4,65,9,47300,True
f_sweep,axelrod_f_sweep,20,er,10,10,100,214,4.28,4,3,5,200000,3,67,8,26800,True
f_sweep,axelrod_f_sweep,21,er,10,10,100,206,4.12,4,3,5,200000,1,68,2,42800,True
f_sweep,axelrod_f_sweep,22,er,10,10,100,210,4.2,4,3,5,200000,1,68,2,45100,True
f_sweep,axelrod_f_sweep,23,er,10,10,100,185,3.7,4,3,5,200000,2,71,4,37700,True
f_sweep,axelrod_f_sweep,24,er,10,10,100,168,3.36,4,3,5,200000,4,68,9,20900,True
f_sweep,axelrod_f_sweep,25,er,10,10,100,195,3.9,4,3,5,200000,0,69,2,23600,True
f_sweep,axelrod_f_sweep,26,er,10,10,100,208,4.16,4,3,5,200000,0,70,2,44700,True
f_sweep,axelrod_f_sweep,27,er,10,10,100,191,3.82,4,3,5,200000,4,67,5,39600,True
f_sweep,axelrod_f_sweep,28,er,10,10,100,192,3.84,4,3,5,200000,3,70,4,39100,True
f_sweep,axelrod_f_sweep,29,er,10,10,100,211,4.22,4,3,5,200000,1,66,3,16100,True
f_sweep,axelrod_f_sweep,30,er,10,10,100,208,4.16,4,3,5,200000,2,70,3,48100,True
f_sweep,axelrod_f_sweep,31,er,10,10,100,175,3.5,4,3,5,200000,5,71,6,38400,True
f_sweep,axelrod_f_sweep,32,er,10,10,100,203,4.06,4,3,5,200000,0,72,1,32600,True
f_sweep,axelrod_f_sweep,33,er,10,10,100,214,4.28,4,3,5,200000,1,71,2,61900,True
f_sweep,axelrod_f_sweep,34,er,10,10,100,206,4.12,4,3,5,200000,3,69,4,64500,True
f_sweep,axelrod_f_sweep,35,er,10,10,100,191,3.82,4,3,5,200000,6,70,7,26600,True
f_sweep,axelrod_f_sweep,36,er,10,10,100,219,4.38,4,3,5,200000,0,66,4,20700,True
f_sweep,axelrod_f_sweep,37,er,10,10,100,179,3.58,4,3,5,200000,5,69,6,63900,True
f_sweep,axelrod_f_sweep,38,er,10,10,100,218,4.36,4,3,5,200000,3,70,5,47600,True
f_sweep,axelrod_f_sweep,39,er,10,10,100,224,4.48,4,3,5,200000,0,64,4,46300,True
f_sweep,axelrod_f_sweep,40,er,10,10,100,195,3.9,4,3,5,200000,1,70,3,25500,True
f_sweep,axelrod_f_sweep,41,er,10,10,100,213,4.26,4,3,5,200000,0,69,3,31900,True
f_sweep,axelrod_f_sweep,42,er,10,10,100,177,3.54,4,3,5,200000,3,68,7,31200,True
f_sweep,axelrod_f_sweep,43,er,10,10,100,184,3.68,4,3,5,200000,3,71,4,50000,True
f_sweep,axelrod_f_sweep,44,er,10,10,100,221,4.42,4,3,5,200000,0,68,1,39400,True
f_sweep,axelrod_f_sweep,45,er,10,10,100,190,3.8,4,3,5,200000,3,74,4,47700,True
f_sweep,axelrod_f_sweep,46,er,10,10,100,187,3.74,4,3,5,200000,1,74,3,36700,True
f_sweep,axelrod_f_sweep,47,er,10,10,100,205,4.1,4,3,5,200000,2,67,3,30100,True
f_sweep,axelrod_f_sweep,48,er,10,10,100,169,3.38,4,3,5,200000,2,67,3,22500,True
f_sweep,axelrod_f_sweep,49,er,10,10,100,204,4.08,4,3,5,200000,2,73,3,36800,True
f_sweep,axelrod_f_sweep,50,er,10,10,100,199,3.98,4,3,5,200000,4,63,10,22600,True
f_sweep,axelrod_f_sweep,51,er,10,10,100,205,4.1,4,3,5,200000,1,64,3,38100,True
f_sweep,axelrod_f_sweep,52,er,10,10,100,201,4.02,4,3,5,200000,1,76,2,38400,True
f_sweep,axelrod_f_sweep,53,er,10,10,100,190,3.8,4,3,5,200000,0,70,4,44900,True
f_sweep,axelrod_f_sweep,54,er,10,10,100,189,3.78,4,3,5,200000,2,68,5,32400,True
f_sweep,axelrod_f_sweep,55,er,10,10,100,197,3.94,4,3,5,200000,3,72,4,40600,True
f_sweep,axelrod_f_sweep,56,er,10,10,100,184,3.68,4,3,5,200000,3,72,6,24500,True
f_sweep,axelrod_f_sweep,57,er,10,10,100,211,4.22,4,3,5,200000,0,73,2,16700,True
f_sweep,axelrod_f_sweep,58,er,10,10,100,174,3.48,4,3,5,200000,2,68,5,27800,True
f_sweep,axelrod_f_sweep,59,er,10,10,100,178,3.56,4,3,5,200000,0,74,6,35200,True
f_sweep,axelrod_f_sweep,60,er,10,10,100,200,4.0,4,3,5,200000,3,72,5,26300,True
f_sweep,axelrod_f_sweep,61,er,10,10,100,204,4.08,4,3,5,200000,1,68,3,37500,True
f_sweep,axelrod_f_sweep,62,er,10,10,100,207,4.14,4,3,5,200000,0,71,1,37900,True
f_sweep,axelrod_f_sweep,63,er,10,10,100,176,3.52,4,3,5,200000,4,72,7,39100,True
f_sweep,axelrod_f_sweep,64,er,10,10,100,227,4.54,4,3,5,200000,0,72,5,30800,True
f_sweep,axelrod_f_sweep,65,er,10,10,100,195,3.9,4,3,5,200000,4,64,7,31700,True
f_sweep,axelrod_f_sweep,66,er,10,10,100,202,4.04,4,3,5,200000,1,73,2,35700,True
f_sweep,axelrod_f_sweep,67,er,10,10,100,226,4.52,4,3,5,200000,1,73,4,28900,True
f_sweep,axelrod_f_sweep,68,er,10,10,100,184,3.68,4,3,5,200000,2,58,5,36000,True
f_sweep,axelrod_f_sweep,69,er,10,10,100,187,3.74,4,3,5,200000,1,65,3,36500,True
f_sweep,axelrod_f_sweep,70,er,10,10,100,216,4.32,4,3,5,200000,2,70,5,29700,True
f_sweep,axelrod_f_sweep,71,er,10,10,100,177,3.54,4,3,5,200000,1,71,3,51800,True
f_sweep,axelrod_f_sweep,72,er,10,10,100,184,3.68,4,3,5,200000,1,74,3,62200,True
f_sweep,axelrod_f_sweep,73,er,10,10,100,212,4.24,4,3,5,200000,1,72,3,43800,True
f_sweep,axelrod_f_sweep,74,er,10,10,100,177,3.54,4,3,5,200000,1,70,3,78700,True
f_sweep,axelrod_f_sweep,75,er,10,10,100,240,4.8,4,3,5,200000,0,66,1,47200,True
f_sweep,axelrod_f_sweep,76,er,10,10,100,195,3.9,4,3,5,200000,3,70,5,72700,True
f_sweep,axelrod_f_sweep,77,er,10,10,100,219,4.38,4,3,5,200000,2,69,4,76900,True
f_sweep,axelrod_f_sweep,78,er,10,10,100,192,3.84,4,3,5,200000,2,73,4,42900,True
f_sweep,axelrod_f_sweep,79,er,10,10,100,173,3.46,4,3,5,200000,1,70,3,40500,True
f_sweep,axelrod_f_sweep,80,er,10,10,100,216,4.32,4,3,5,200000,1,68,3,37600,True
f_sweep,axelrod_f_sweep,81,er,10,10,100,183,3.66,4,3,5,200000,5,75,7,28000,True
f_sweep,axelrod_f_sweep,82,er,10,10,100,216,4.32,4,3,5,200000,3,67,4,38000,True
f_sweep,axelrod_f_sweep,83,er,10,10,100,188,3.76,4,3,5,200000,4,69,6,35400,True
f_sweep,axelrod_f_sweep,84,er,10,10,100,201,4.02,4,3,5,200000,2,67,4,53200,True
f_sweep,axelrod_f_sweep,85,er,10,10,100,195,3.9,4,3,5,200000,3,65,5,32900,True
f_sweep,axelrod_f_sweep,86,er,10,10,100,203,4.06,4,3,5,200000,3,67,4,37700,True
f_sweep,axelrod_f_sweep,87,er,10,10,100,193,3.86,4,3,5,200000,3,73,6,17600,True
f_sweep,axelrod_f_sweep,88,er,10,10,100,203,4.06,4,3,5,200000,2,67,8,43000,True
f_sweep,axelrod_f_sweep,89,er,10,10,100,184,3.68,4,3,5,200000,0,66,5,24500,True
f_sweep,axelrod_f_sweep,90,er,10,10,100,189,3.78,4,3,5,200000,2,65,6,37100,True
f_sweep,axelrod_f_sweep,91,er,10,10,100,212,4.24,4,3,5,200000,1,70,2,28000,True
f_sweep,axelrod_f_sweep,92,er,10,10,100,205,4.1,4,3,5,200000,1,68,2,62300,True
f_sweep,axelrod_f_sweep,93,er,10,10,100,220,4.4,4,3,5,200000,0,68,1,20000,True
f_sweep,axelrod_f_sweep,94,er,10,10,100,194,3.88,4,3,5,200000,2,69,4,50900,True
f_sweep,axelrod_f_sweep,95,er,10,10,100,207,4.14,4,3,5,200000,0,68,1,51200,True
f_sweep,axelrod_f_sweep,96,er,10,10,100,176,3.52,4,3,5,200000,4,72,10,21700,True
f_sweep,axelrod_f_sweep,97,er,10,10,100,184,3.68,4,3,5,200000,3,69,5,55800,True
f_sweep,axelrod_f_sweep,98,er,10,10,100,193,3.86,4,3,5,200000,2,66,3,52200,True
f_sweep,axelrod_f_sweep,99,er,10,10,100,190,3.8,4,3,5,200000,1,73,2,41200,True
f_sweep,axelrod_f_sweep,100,er,10,10,100,210,4.2,4,3,5,200000,0,69,3,24800,True
f_sweep,axelrod_f_sweep,101,er,10,10,100,205,4.1,4,3,5,200000,1,70,6,45700,True
f_sweep,axelrod_f_sweep,102,er,10,10,100,210,4.2,4,3,5,200000,3,63,4,39700,True
f_sweep,axelrod_f_sweep,103,er,10,10,100,195,3.9,4,3,5,200000,1,71,3,48400,True
f_sweep,axelrod_f_sweep,104,er,10,10,100,200,4.0,4,3,5,200000,0,68,1,44400,True
f_sweep,axelrod_f_sweep,105,er,10,10,100,214,4.28,4,3,5,200000,0,67,3,42900,True
f_sweep,axelrod_f_sweep,106,er,10,10,100,189,3.78,4,3,5,200000,4,74,6,27300,True
f_sweep,axelrod_f_sweep,107,er,10,10,100,189,3.78,4,3,5,200000,2,69,5,36900,True
f_sweep,axelrod_f_sweep,108,er,10,10,100,210,4.2,4,3,5,200000,1,68,7,37200,True
f_sweep,axelrod_f_sweep,109,er,10,10,100,201,4.02,4,3,5,200000,4,73,5,47200,True
f_sweep,axelrod_f_sweep,110,er,10,10,100,231,4.62,4,3,5,200000,0,71,1,53400,True
f_sweep,axelrod_f_sweep,111,er,10,10,100,196,3.92,4,3,5,200000,1,71,2,37500,True
f_sweep,axelrod_f_sweep,112,er,10,10,100,180,3.6,4,3,5,200000,2,73,4,23100,True
f_sweep,axelrod_f_sweep,113,er,10,10,100,216,4.32,4,3,5,200000,1,72,5,24000,True
f_sweep,axelrod_f_sweep,114,er,10,10,100,192,3.84,4,3,5,200000,3,67,6,22100,True
f_sweep,axelrod_f_sweep,115,er,10,10,100,180,3.6,4,3,5,200000,1,67,4,53300,True
f_sweep,axelrod_f_sweep,116,er,10,10,100,205,4.1,4,3,5,200000,3,66,4,33400,True
f_sweep,axelrod_f_sweep,117,er,10,10,100,216,4.32,4,3,5,200000,1,67,3,38600,True
f_sweep,axelrod_f_sweep,118,er,10,10,100,204,4.08,4,3,5,200000,1,74,3,34600,True
f_sweep,axelrod_f_sweep,119,er,10,10,100,209,4.18,4,3,5,200000,0,71,1,49300,True
f_sweep,axelrod_f_sweep,120,er,10,10,100,224,4.48,4,3,5,200000,0,65,2,28100,True
f_sweep,axelrod_f_sweep,121,er,10,10,100,205,4.1,4,3,5,200000,1,67,3,42600,True
f_sweep,axelrod_f_sweep,122,er,10,10,100,181,3.62,4,3,5,200000,3,63,5,35800,True
f_sweep,axelrod_f_sweep,123,er,10,10,100,208,4.16,4,3,5,200000,2,74,3,21500,True
f_sweep,axelrod_f_sweep,124,er,10,10,100,201,4.02,4,3,5,200000,4,70,6,39600,True
f_sweep,axelrod_f_sweep,125,er,10,10,100,183,3.66,4,3,5,200000,2,68,4,27400,True
f_sweep,axelrod_f_sweep,126,er,10,10,100,198,3.96,4,3,5,200000,3,70,5,27900,True
f_sweep,axelrod_f_sweep,127,er,10,10,100,180,3.6,4,3,5,200000,1,71,7,23000,True
f_sweep,axelrod_f_sweep,128,er,10,10,100,187,3.74,4,3,5,200000,3,64,4,34500,True
f_sweep,axelrod_f_sweep,129,er,10,10,100,198,3.96,4,3,5,200000,1,65,7,41100,True
f_sweep,axelrod_f_sweep,130,er,10,10,100,242,4.84,4,3,5,200000,0,64,1,28600,True
f_sweep,axelrod_f_sweep,131,er,10,10,100,205,4.1,4,3,5,200000,1,72,3,49200,True
f_sweep,axelrod_f_sweep,132,er,10,10,100,180,3.6,4,3,5,200000,2,74,4,38100,True
f_sweep,axelrod_f_sweep,133,er,10,10,100,205,4.1,4,3,5,200000,1,70,3,22500,True
f_sweep,axelrod_f_sweep,134,er,10,10,100,212,4.24,4,3,5,200000,2,66,4,36000,True
f_sweep,axelrod_f_sweep,135,er,10,10,100,195,3.9,4,3,5,200000,2,69,4,26400,True
f_sweep,axelrod_f_sweep,136,er,10,10,100,208,4.16,4,3,5,200000,0,69,1,39600,True
f_sweep,axelrod_f_sweep,137,er,10,10,100,199,3.98,4,3,5,200000,1,63,4,34500,True
f_sweep,axelrod_f_sweep,138,er,10,10,100,199,3.98,4,3,5,200000,4,71,5,42600,True
f_sweep,axelrod_f_sweep,139,er,10,10,100,201,4.02,4,3,5,200000,0,69,3,42700,True
f_sweep,axelrod_f_sweep,140,er,10,10,100,195,3.9,4,3,5,200000,0,70,1,27900,True
f_sweep,axelrod_f_sweep,141,er,10,10,100,215,4.3,4,3,5,200000,0,71,3,42800,True
f_sweep,axelrod_f_sweep,142,er,10,10,100,200,4.0,4,3,5,200000,1,75,3,29500,True
f_sweep,axelrod_f_sweep,143,er,10,10,100,215,4.3,4,3,5,200000,3,69,4,29000,True
f_sweep,axelrod_f_sweep,144,er,10,10,100,211,4.22,4,3,5,200000,1,65,3,39900,True
f_sweep,axelrod_f_sweep,145,er,10,10,100,197,3.94,4,3,5,200000,1,67,2,47400,True
f_sweep,axelrod_f_sweep,146,er,10,10,100,185,3.7,4,3,5,200000,2,72,3,36400,True
f_sweep,axelrod_f_sweep,147,er,10,10,100,183,3.66,4,3,5,200000,8,66,8,35100,True
f_sweep,axelrod_f_sweep,148,er,10,10,100,189,3.78,4,3,5,200000,4,75,8,24600,True
f_sweep,axelrod_f_sweep,149,er,10,10,100,198,3.96,4,3,5,200000,4,67,5,47100,True
f_sweep,axelrod_f_sweep,150,er,10,10,100,203,4.06,4,3,5,200000,0,69,3,37600,True
f_sweep,axelrod_f_sweep,151,er,10,10,100,196,3.92,4,3,5,200000,5,73,6,37800,True
f_sweep,axelrod_f_sweep,152,er,10,10,100,186,3.72,4,3,5,200000,1,70,5,31600,True
f_sweep,axelrod_f_sweep,153,er,10,10,100,215,4.3,4,3,5,200000,1,67,4,30700,True
f_sweep,axelrod_f_sweep,154,er,10,10,100,209,4.18,4,3,5,200000,1,68,2,29100,True
f_sweep,axelrod_f_sweep,155,er,10,10,100,196,3.92,4,3,5,200000,2,63,4,54400,True
f_sweep,axelrod_f_sweep,156,er,10,10,100,207,4.14,4,3,5,200000,1,71,2,34200,True
f_sweep,axelrod_f_sweep,157,er,10,10,100,196,3.92,4,3,5,200000,1,69,3,40400,True
f_sweep,axelrod_f_sweep,158,er,10,10,100,174,3.48,4,3,5,200000,2,69,6,47300,True
f_sweep,axelrod_f_sweep,159,er,10,10,100,193,3.86,4,3,5,200000,4,65,6,39600,True
f_sweep,axelrod_f_sweep,160,er,10,10,100,211,4.22,4,3,5,200000,1,76,2,30600,True
f_sweep,axelrod_f_sweep,161,er,10,10,100,196,3.92,4,3,5,200000,2,67,5,42000,True
f_sweep,axelrod_f_sweep,162,er,10,10,100,207,4.14,4,3,5,200000,1,65,2,42400,True
f_sweep,axelrod_f_sweep,163,er,10,10,100,209,4.18,4,3,5,200000,0,72,1,42400,True
f_sweep,axelrod_f_sweep,164,er,10,10,100,196,3.92,4,3,5,200000,0,69,1,28100,True
f_sweep,axelrod_f_sweep,165,er,10,10,100,217,4.34,4,3,5,200000,4,67,7,24300,True
f_sweep,axelrod_f_sweep,166,er,10,10,100,231,4.62,4,3,5,200000,1,68,3,23400,True
f_sweep,axelrod_f_sweep,167,er,10,10,100,169,3.38,4,3,5,200000,1,72,2,48800,True
f_sweep,axelrod_f_sweep,168,er,10,10,100,215,4.3,4,3,5,200000,1,73,4,21100,True
f_sweep,axelrod_f_sweep,169,er,10,10,100,193,3.86,4,3,5,200000,2,67,4,33300,True
f_sweep,axelrod_f_sweep,170,er,10,10,100,200,4.0,4,3,5,200000,3,71,4,49900,True
f_sweep,axelrod_f_sweep,171,er,10,10,100,206,4.12,4,3,5,200000,3,71,6,23500,True
f_sweep,axelrod_f_sweep,172,er,10,10,100,188,3.76,4,3,5,200000,4,67,5,44600,True
f_sweep,axelrod_f_sweep,173,er,10,10,100,209,4.18,4,3,5,200000,2,69,3,49600,True
f_sweep,axelrod_f_sweep,174,er,10,10,100,210,4.2,4,3,5,200000,1,71,4,32000,True
f_sweep,axelrod_f_sweep,175,er,10,10,100,195,3.9,4,3,5,200000,1,69,2,36400,True
f_sweep,axelrod_f_sweep,176,er,10,10,100,195,3.9,4,3,5,200000,0,65,1,33100,True
f_sweep,axelrod_f_sweep,177,er,10,10,100,197,3.94,4,3,5,200000,1,73,5,55400,True
f_sweep,axelrod_f_sweep,178,er,10,10,100,194,3.88,4,3,5,200000,2,66,3,61100,True
f_sweep,axelrod_f_sweep,179,er,10,10,100,190,3.8,4,3,5,200000,3,63,4,50000,True
f_sweep,axelrod_f_sweep,180,er,10,10,100,207,4.14,4,3,5,200000,1,67,2,54400,True
f_sweep,axelrod_f_sweep,181,er,10,10,100,213,4.26,4,3,5,200000,1,65,3,48100,True
f_sweep,axelrod_f_sweep,182,er,10,10,100,209,4.18,4,3,5,200000,0,72,3,28000,True
f_sweep,axelrod_f_sweep,183,er,10,10,100,205,4.1,4,3,5,200000,1,74,4,37400,True
f_sweep,axelrod_f_sweep,184,er,10,10,100,209,4.18,4,3,5,200000,1,70,3,72700,True
f_sweep,axelrod_f_sweep,185,er,10,10,100,188,3.76,4,3,5,200000,1,68,2,52300,True
f_sweep,axelrod_f_sweep,186,er,10,10,100,190,3.8,4,3,5,200000,2,72,5,28400,True
f_sweep,axelrod_f_sweep,187,er,10,10,100,190,3.8,4,3,5,200000,0,66,1,42700,True
f_sweep,axelrod_f_sweep,188,er,10,10,100,230,4.6,4,3,5,200000,0,71,1,30900,True
f_sweep,axelrod_f_sweep,189,er,10,10,100,208,4.16,4,3,5,200000,2,76,5,48900,True
f_sweep,axelrod_f_sweep,190,er,10,10,100,183,3.66,4,3,5,200000,2,71,3,34300,True
f_sweep,axelrod_f_sweep,191,er,10,10,100,210,4.2,4,3,5,200000,1,73,2,53200,True
f_sweep,axelrod_f_sweep,192,er,10,10,100,180,3.6,4,3,5,200000,2,66,3,30500,True
f_sweep,axelrod_f_sweep,193,er,10,10,100,184,3.68,4,3,5,200000,1,71,3,29800,True
f_sweep,axelrod_f_sweep,194,er,10,10,100,211,4.22,4,3,5,200000,2,68,3,51000,True
f_sweep,axelrod_f_sweep,195,er,10,10,100,192,3.84,4,3,5,200000,2,72,4,64100,True
f_sweep,axelrod_f_sweep,196,er,10,10,100,181,3.62,4,3,5,200000,3,69,8,37500,True
f_sweep,axelrod_f_sweep,197,er,10,10,100,197,3.94,4,3,5,200000,0,74,2,47100,True
f_sweep,axelrod_f_sweep,198,er,10,10,100,200,4.0,4,3,5,200000,2,69,3,29000,True
f_sweep,axelrod_f_sweep,199,er,10,10,100,194,3.88,4,3,5,200000,2,68,6,31300,True
f_sweep,axelrod_f_sweep,0,er,10,10,100,211,4.22,4,5,5,200000,2,99,3,66000,True
f_sweep,axelrod_f_sweep,1,er,10,10,100,219,4.38,4,5,5,200000,2,99,3,44000,True
f_sweep,axelrod_f_sweep,2,er,10,10,100,211,4.22,4,5,5,200000,2,99,3,35700,True
f_sweep,axelrod_f_sweep,3,er,10,10,100,184,3.68,4,5,5,200000,0,99,1,51200,True
f_sweep,axelrod_f_sweep,4,er,10,10,100,184,3.68,4,5,5,200000,3,100,4,46400,True
f_sweep,axelrod_f_sweep,5,er,10,10,100,194,3.88,4,5,5,200000,1,100,3,44100,True
f_sweep,axelrod_f_sweep,6,er,10,10,100,231,4.62,4,5,5,200000,1,100,2,38200,True
f_sweep,axelrod_f_sweep,7,er,10,10,100,206,4.12,4,5,5,200000,0,98,1,32000,True
f_sweep,axelrod_f_sweep,8,er,10,10,100,199,3.98,4,5,5,200000,2,99,3,38200,True
f_sweep,axelrod_f_sweep,9,er,10,10,100,223,4.46,4,5,5,200000,0,100,1,40400,True
f_sweep,axelrod_f_sweep,10,er,10,10,100,176,3.52,4,5,5,200000,5,100,6,47600,True
f_sweep,axelrod_f_sweep,11,er,10,10,100,192,3.84,4,5,5,200000,2,99,3,69900,True
f_sweep,axelrod_f_sweep,12,er,10,10,100,187,3.74,4,5,5,200000,2,98,3,36600,True
f_sweep,axelrod_f_sweep,13,er,10,10,100,202,4.04,4,5,5,200000,1,96,2,38800,True
f_sweep,axelrod_f_sweep,14,er,10,10,100,198,3.96,4,5,5,200000,2,100,3,36100,True
f_sweep,axelrod_f_sweep,15,er,10,10,100,179,3.58,4,5,5,200000,2,99,4,32000,True
f_sweep,axelrod_f_sweep,16,er,10,10,100,184,3.68,4,5,5,200000,1,100,2,59200,True
f_sweep,axelrod_f_sweep,17,er,10,10,100,176,3.52,4,5,5,200000,3,99,4,36200,True
f_sweep,axelrod_f_sweep,18,er,10,10,100,179,3.58,4,5,5,200000,2,100,5,38000,True
f_sweep,axelrod_f_sweep,19,er,10,10,100,171,3.42,4,5,5,200000,4,99,6,33800,True
f_sweep,axelrod_f_sweep,20,er,10,10,100,214,4.28,4,5,5,200000,3,100,4,62700,True
f_sweep,axelrod_f_sweep,21,er,10,10,100,206,4.12,4,5,5,200000,1,97,2,45500,True
f_sweep,axelrod_f_sweep,22,er,10,10,100,210,4.2,4,5,5,200000,1,98,2,48300,True
f_sweep,axelrod_f_sweep,23,er,10,10,100,185,3.7,4,5,5,200000,2,98,3,41000,True
f_sweep,axelrod_f_sweep,24,er,10,10,100,168,3.36,4,5,5,200000,4,100,7,44700,True
f_sweep,axelrod_f_sweep,25,er,10,10,100,195,3.9,4,5,5,200000,0,99,1,24000,True
f_sweep,axelrod_f_sweep,26,er,10,10,100,208,4.16,4,5,5,200000,0,100,1,47200,True
f_sweep,axelrod_f_sweep,27,er,10,10,100,191,3.82,4,5,5,200000,4,99,5,36300,True
f_sweep,axelrod_f_sweep,28,er,10,10,100,192,3.84,4,5,5,200000,3,100,4,35400,True
f_sweep,axelrod_f_sweep,29,er,10,10,100,211,4.22,4,5,5,200000,1,97,2,46600,True
f_sweep,axelrod_f_sweep,30,er,10,10,100,208,4.16,4,5,5,200000,2,100,4,31100,True
f_sweep,axelrod_f_sweep,31,er,10,10,100,175,3.5,4,5,5,200000,5,100,6,41200,True
f_sweep,axelrod_f_sweep,32,er,10,10,100,203,4.06,4,5,5,200000,0,96,1,39300,True
f_sweep,axelrod_f_sweep,33,er,10,10,100,214,4.28,4,5,5,200000,1,100,2,39600,True
f_sweep,axelrod_f_sweep,34,er,10,10,100,206,4.12,4,5,5,200000,3,98,4,54200,True
f_sweep,axelrod_f_sweep,35,er,10,10,100,191,3.82,4,5,5,200000,6,100,7,30000,True
f_sweep,axelrod_f_sweep,36,er,10,10,100,219,4.38,4,5,5,200000,0,99,1,41700,True
f_sweep,axelrod_f_sweep,37,er,10,10,100,179,3.58,4,5,5,200000,5,100,6,31000,True
f_sweep,axelrod_f_sweep,38,er,10,10,100,218,4.36,4,5,5,200000,3,100,4,50200,True
f_sweep,axelrod_f_sweep,39,er,10,10,100,224,4.48,4,5,5,200000,0,98,1,45400,True
f_sweep,axelrod_f_sweep,40,er,10,10,100,195,3.9,4,5,5,200000,1,98,2,40600,True
f_sweep,axelrod_f_sweep,41,er,10,10,100,213,4.26,4,5,5,200000,0,97,1,50900,True
f_sweep,axelrod_f_sweep,42,er,10,10,100,177,3.54,4,5,5,200000,3,99,5,35100,True
f_sweep,axelrod_f_sweep,43,er,10,10,100,184,3.68,4,5,5,200000,3,99,4,27800,True
f_sweep,axelrod_f_sweep,44,er,10,10,100,221,4.42,4,5,5,200000,0,100,1,22400,True
f_sweep,axelrod_f_sweep,45,er,10,10,100,190,3.8,4,5,5,200000,3,95,4,41100,True
f_sweep,axelrod_f_sweep,46,er,10,10,100,187,3.74,4,5,5,200000,1,98,4,44500,True
f_sweep,axelrod_f_sweep,47,er,10,10,100,205,4.1,4,5,5,200000,2,98,3,26700,True
f_sweep,axelrod_f_sweep,48,er,10,10,100,169,3.38,4,5,5,200000,2,98,3,37100,True
f_sweep,axelrod_f_sweep,49,er,10,10,100,204,4.08,4,5,5,200000,2,100,3,51500,True
f_sweep,axelrod_f_sweep,50,er,10,10,100,199,3.98,4,5,5,200000,4,99,5,25400,True
f_sweep,axelrod_f_sweep,51,er,10,10,100,205,4.1,4,5,5,200000,1,99,2,56900,True
f_sweep,axelrod_f_sweep,52,er,10,10,100,201,4.02,4,5,5,200000,1,100,2,72900,True
f_sweep,axelrod_f_sweep,53,er,10,10,100,190,3.8,4,5,5,200000,0,96,1,57100,True
f_sweep,axelrod_f_sweep,54,er,10,10,100,189,3.78,4,5,5,200000,2,98,3,32100,True
f_sweep,axelrod_f_sweep,55,er,10,10,100,197,3.94,4,5,5,200000,3,98,4,28900,True
f_sweep,axelrod_f_sweep,56,er,10,10,100,184,3.68,4,5,5,200000,3,100,4,55100,True
f_sweep,axelrod_f_sweep,57,er,10,10,100,211,4.22,4,5,5,200000,0,98,1,39000,True
f_sweep,axelrod_f_sweep,58,er,10,10,100,174,3.48,4,5,5,200000,2,98,3,43600,True
f_sweep,axelrod_f_sweep,59,er,10,10,100,178,3.56,4,5,5,200000,0,99,1,30500,True
f_sweep,axelrod_f_sweep,60,er,10,10,100,200,4.0,4,5,5,200000,3,99,4,45900,True
f_sweep,axelrod_f_sweep,61,er,10,10,100,204,4.08,4,5,5,200000,1,99,3,29000,True
f_sweep,axelrod_f_sweep,62,er,10,10,100,207,4.14,4,5,5,200000,0,100,1,59600,True
f_sweep,axelrod_f_sweep,63,er,10,10,100,176,3.52,4,5,5,200000,4,99,5,32500,True
f_sweep,axelrod_f_sweep,64,er,10,10,100,227,4.54,4,5,5,200000,0,99,2,35400,True
f_sweep,axelrod_f_sweep,65,er,10,10,100,195,3.9,4,5,5,200000,4,98,5,56200,True
f_sweep,axelrod_f_sweep,66,er,10,10,100,202,4.04,4,5,5,200000,1,97,2,27800,True
f_sweep,axelrod_f_sweep,67,er,10,10,100,226,4.52,4,5,5,200000,1,99,2,47000,True
f_sweep,axelrod_f_sweep,68,er,10,10,100,184,3.68,4,5,5,200000,2,98,3,34000,True
f_sweep,axelrod_f_sweep,69,er,10,10,100,187,3.74,4,5,5,200000,1,97,2,42500,True
f_sweep,axelrod_f_sweep,70,er,10,10,100,216,4.32,4,5,5,200000,2,100,4,33500,True
f_sweep,axelrod_f_sweep,71,er,10,10,100,177,3.54,4,5,5,200000,1,99,2,63000,True
f_sweep,axelrod_f_sweep,72,er,10,10,100,184,3.68,4,5,5,200000,1,100,2,36000,True
f_sweep,axelrod_f_sweep,73,er,10,10,100,212,4.24,4,5,5,200000,1,99,2,37100,True
f_sweep,axelrod_f_sweep,74,er,10,10,100,177,3.54,4,5,5,200000,1,99,3,70500,True
f_sweep,axelrod_f_sweep,75,er,10,10,100,240,4.8,4,5,5,200000,0,99,1,48400,True
f_sweep,axelrod_f_sweep,76,er,10,10,100,195,3.9,4,5,5,200000,3,98,4,34200,True
f_sweep,axelrod_f_sweep,77,er,10,10,100,219,4.38,4,5,5,200000,2,97,3,60800,True
f_sweep,axelrod_f_sweep,78,er,10,10,100,192,3.84,4,5,5,200000,2,98,3,36100,True
f_sweep,axelrod_f_sweep,79,er,10,10,100,173,3.46,4,5,5,200000,1,99,2,52000,True
f_sweep,axelrod_f_sweep,80,er,10,10,100,216,4.32,4,5,5,200000,1,100,2,50100,True
f_sweep,axelrod_f_sweep,81,er,10,10,100,183,3.66,4,5,5,200000,5,99,6,40300,True
f_sweep,axelrod_f_sweep,82,er,10,10,100,216,4.32,4,5,5,200000,3,99,4,29500,True
f_sweep,axelrod_f_sweep,83,er,10,10,100,188,3.76,4,5,5,200000,4,98,5,44100,True
f_sweep,axelrod_f_sweep,84,er,10,10,100,201,4.02,4,5,5,200000,2,99,4,40300,True
f_sweep,axelrod_f_sweep,85,er,10,10,100,195,3.9,4,5,5,200000,3,99,4,28100,True
f_sweep,axelrod_f_sweep,86,er,10,10,100,203,4.06,4,5,5,200000,3,99,4,38200,True
f_sweep,axelrod_f_sweep,87,er,10,10,100,193,3.86,4,5,5,200000,3,100,4,49200,True
f_sweep,axelrod_f_sweep,88,er,10,10,100,203,4.06,4,5,5,200000,2,98,3,48700,True
f_sweep,axelrod_f_sweep,89,er,10,10,100,184,3.68,4,5,5,200000,0,96,2,33500,True
f_sweep,axelrod_f_sweep,90,er,10,10,100,189,3.78,4,5,5,200000,2,98,3,50400,True
f_sweep,axelrod_f_sweep,91,er,10,10,100,212,4.24,4,5,5,200000,1,98,2,53200,True
f_sweep,axelrod_f_sweep,92,er,10,10,100,205,4.1,4,5,5,200000,1,98,2,46500,True
f_sweep,axelrod_f_sweep,93,er,10,10,100,220,4.4,4,5,5,200000,0,97,1,34500,True
f_sweep,axelrod_f_sweep,94,er,10,10,100,194,3.88,4,5,5,200000,2,100,3,61600,True
f_sweep,axelrod_f_sweep,95,er,10,10,100,207,4.14,4,5,5,200000,0,100,1,41400,True
f_sweep,axelrod_f_sweep,96,er,10,10,100,176,3.52,4,5,5,200000,4,98,5,29600,True
f_sweep,axelrod_f_sweep,97,er,10,10,100,184,3.68,4,5,5,200000,3,99,4,35100,True
f_sweep,axelrod_f_sweep,98,er,10,10,100,193,3.86,4,5,5,200000,2,99,3,48600,True
f_sweep,axelrod_f_sweep,99,er,10,10,100,190,3.8,4,5,5,200000,1,99,2,44100,True
f_sweep,axelrod_f_sweep,100,er,10,10,100,210,4.2,4,5,5,200000,0,96,1,36000,True
f_sweep,axelrod_f_sweep,101,er,10,10,100,205,4.1,4,5,5,200000,1,98,3,38500,True
f_sweep,axelrod_f_sweep,102,er,10,10,100,210,4.2,4,5,5,200000,3,97,4,32900,True
f_sweep,axelrod_f_sweep,103,er,10,10,100,195,3.9,4,5,5,200000,1,99,2,29500,True
f_sweep,axelrod_f_sweep,104,er,10,10,100,200,4.0,4,5,5,200000,0,98,1,40400,True
f_sweep,axelrod_f_sweep,105,er,10,10,100,214,4.28,4,5,5,200000,0,96,1,51100,True
f_sweep,axelrod_f_sweep,106,er,10,10,100,189,3.78,4,5,5,200000,4,100,5,55700,True
f_sweep,axelrod_f_sweep,107,er,10,10,100,189,3.78,4,5,5,200000,2,96,3,29800,True
f_sweep,axelrod_f_sweep,108,er,10,10,100,210,4.2,4,5,5,200000,1,98,3,56500,True
f_sweep,axelrod_f_sweep,109,er,10,10,100,201,4.02,4,5,5,200000,4,99,5,39400,True
f_sweep,axelrod_f_sweep,110,er,10,10,100,231,4.62,4,5,5,200000,0,97,1,53600,True
f_sweep,axelrod_f_sweep,111,er,10,10,100,196,3.92,4,5,5,200000,1,98,2,39700,True
f_sweep,axelrod_f_sweep,112,er,10,10,100,180,3.6,4,5,5,200000,2,96,3,52200,True
f_sweep,axelrod_f_sweep,113,er,10,10,100,216,4.32,4,5,5,200000,1,99,2,71100,True
f_sweep,axelrod_f_sweep,114,er,10,10,100,192,3.84,4,5,5,200000,3,97,4,45600,True
f_sweep,axelrod_f_sweep,115,er,10,10,100,180,3.6,4,5,5,200000,1,99,3,35400,True
f_sweep,axelrod_f_sweep,116,er,10,10,100,205,4.1,4,5,5,200000,3,99,4,37300,True
f_sweep,axelrod_f_sweep,117,er,10,10,100,216,4.32,4,5,5,200000,1,99,2,58300,True
f_sweep,axelrod_f_sweep,118,er,10,10,100,204,4.08,4,5,5,200000,1,99,2,61300,True
f_sweep,axelrod_f_sweep,119,er,10,10,100,209,4.18,4,5,5,200000,0,96,1,42200,True
f_sweep,axelrod_f_sweep,120,er,10,10,100,224,4.48,4,5,5,200000,0,99,1,50800,True
f_sweep,axelrod_f_sweep,121,er,10,10,100,205,4.1,4,5,5,200000,1,99,2,33400,True
f_sweep,axelrod_f_sweep,122,er,10,10,100,181,3.62,4,5,5,200000,3,99,4,38400,True
f_sweep,axelrod_f_sweep,123,er,10,10,100,208,4.16,4,5,5,200000,2,98,3,49000,True
f_sweep,axelrod_f_sweep,124,er,10,10,100,201,4.02,4,5,5,200000,4,99,5,58400,True
f_sweep,axelrod_f_sweep,125,er,10,10,100,183,3.66,4,5,5,200000,2,99,3,37900,True
f_sweep,axelrod_f_sweep,126,er,10,10,100,198,3.96,4,5,5,200000,3,95,4,43200,True
f_sweep,axelrod_f_sweep,127,er,10,10,100,180,3.6,4,5,5,200000,1,98,2,61400,True
f_sweep,axelrod_f_sweep,128,er,10,10,100,187,3.74,4,5,5,200000,3,100,4,59900,True
f_sweep,axelrod_f_sweep,129,er,10,10,100,198,3.96,4,5,5,200000,1,100,3,38900,True
f_sweep,axelrod_f_sweep,130,er,10,10,100,242,4.84,4,5,5,200000,0,97,1,42500,True
f_sweep,axelrod_f_sweep,131,er,10,10,100,205,4.1,4,5,5,200000,1,97,2,45800,True
f_sweep,axelrod_f_sweep,132,er,10,10,100,180,3.6,4,5,5,200000,2,98,3,22400,True
f_sweep,axelrod_f_sweep,133,er,10,10,100,205,4.1,4,5,5,200000,1,96,2,32400,True
f_sweep,axelrod_f_sweep,134,er,10,10,100,212,4.24,4,5,5,200000,2,97,3,29200,True
f_sweep,axelrod_f_sweep,135,er,10,10,100,195,3.9,4,5,5,200000,2,96,3,46200,True
f_sweep,axelrod_f_sweep,136,er,10,10,100,208,4.16,4,5,5,200000,0,99,1,35200,True
f_sweep,axelrod_f_sweep,137,er,10,10,100,199,3.98,4,5,5,200000,1,99,2,45500,True
f_sweep,axelrod_f_sweep,138,er,10,10,100,199,3.98,4,5,5,200000,4,99,5,56300,True
f_sweep,axelrod_f_sweep,139,er,10,10,100,201,4.02,4,5,5,200000,0,97,1,62900,True
f_sweep,axelrod_f_sweep,140,er,10,10,100,195,3.9,4,5,5,200000,0,96,1,44600,True
f_sweep,axelrod_f_sweep,141,er,10,10,100,215,4.3,4,5,5,200000,0,99,1,32000,True
f_sweep,axelrod_f_sweep,142,er,10,10,100,200,4.0,4,5,5,200000,1,99,2,29100,True
f_sweep,axelrod_f_sweep,143,er,10,10,100,215,4.3,4,5,5,200000,3,98,4,52300,True
f_sweep,axelrod_f_sweep,144,er,10,10,100,211,4.22,4,5,5,200000,1,98,2,44700,True
f_sweep,axelrod_f_sweep,145,er,10,10,100,197,3.94,4,5,5,200000,1,100,2,35500,True
f_sweep,axelrod_f_sweep,146,er,10,10,100,185,3.7,4,5,5,200000,2,98,3,23300,True
f_sweep,axelrod_f_sweep,147,er,10,10,100,183,3.66,4,5,5,200000,8,100,9,30300,True
f_sweep,axelrod_f_sweep,148,er,10,10,100,189,3.78,4,5,5,200000,4,98,5,45400,True
f_sweep,axelrod_f_sweep,149,er,10,10,100,198,3.96,4,5,5,200000,4,98,5,53800,True
f_sweep,axelrod_f_sweep,150,er,10,10,100,203,4.06,4,5,5,200000,0,99,2,41400,True
f_sweep,axelrod_f_sweep,151,er,10,10,100,196,3.92,4,5,5,200000,5,98,6,46000,True
f_sweep,axelrod_f_sweep,152,er,10,10,100,186,3.72,4,5,5,200000,1,97,2,53100,True
f_sweep,axelrod_f_sweep,153,er,10,10,100,215,4.3,4,5,5,200000,1,97,2,45400,True
f_sweep,axelrod_f_sweep,154,er,10,10,100,209,4.18,4,5,5,200000,1,98,2,44300,True
f_sweep,axelrod_f_sweep,155,er,10,10,100,196,3.92,4,5,5,200000,2,99,3,38800,True
f_sweep,axelrod_f_sweep,156,er,10,10,100,207,4.14,4,5,5,200000,1,98,2,44500,True
f_sweep,axelrod_f_sweep,157,er,10,10,100,196,3.92,4,5,5,200000,1,98,2,32800,True
f_sweep,axelrod_f_sweep,158,er,10,10,100,174,3.48,4,5,5,200000,2,100,4,42900,True
f_sweep,axelrod_f_sweep,159,er,10,10,100,193,3.86,4,5,5,200000,4,100,5,46700,True
f_sweep,axelrod_f_sweep,160,er,10,10,100,211,4.22,4,5,5,200000,1,99,2,49000,True
f_sweep,axelrod_f_sweep,161,er,10,10,100,196,3.92,4,5,5,200000,2,99,3,31400,True
f_sweep,axelrod_f_sweep,162,er,10,10,100,207,4.14,4,5,5,200000,1,97,2,40300,True
f_sweep,axelrod_f_sweep,163,er,10,10,100,209,4.18,4,5,5,200000,0,98,1,56100,True
f_sweep,axelrod_f_sweep,164,er,10,10,100,196,3.92,4,5,5,200000,0,98,1,45400,True
f_sweep,axelrod_f_sweep,165,er,10,10,100,217,4.34,4,5,5,200000,4,98,6,37000,True
f_sweep,axelrod_f_sweep,166,er,10,10,100,231,4.62,4,5,5,200000,1,98,2,39300,True
f_sweep,axelrod_f_sweep,167,er,10,10,100,169,3.38,4,5,5,200000,1,100,2,33000,True
f_sweep,axelrod_f_sweep,168,er,10,10,100,215,4.3,4,5,5,200000,1,96,2,50500,True
f_sweep,axelrod_f_sweep,169,er,10,10,100,193,3.86,4,5,5,200000,2,100,3,40200,True
f_sweep,axelrod_f_sweep,170,er,10,10,100,200,4.0,4,5,5,200000,3,100,4,46200,True
f_sweep,axelrod_f_sweep,171,er,10,10,100,206,4.12,4,5,5,200000,3,97,4,21600,True
f_sweep,axelrod_f_sweep,172,er,10,10,100,188,3.76,4,5,5,200000,4,98,5,51200,True
f_sweep,axelrod_f_sweep,173,er,10,10,100,209,4.18,4,5,5,200000,2,98,3,31900,True
f_sweep,axelrod_f_sweep,174,er,10,10,100,210,4.2,4,5,5,200000,1,99,2,52300,True
f_sweep,axelrod_f_sweep,175,er,10,10,100,195,3.9,4,5,5,200000,1,99,2,39200,True
f_sweep,axelrod_f_sweep,176,er,10,10,100,195,3.9,4,5,5,200000,0,98,1,21000,True
f_sweep,axelrod_f_sweep,177,er,10,10,100,197,3.94,4,5,5,200000,1,98,2,34000,True
f_sweep,axelrod_f_sweep,178,er,10,10,100,194,3.88,4,5,5,200000,2,99,3,37600,True
f_sweep,axelrod_f_sweep,179,er,10,10,100,190,3.8,4,5,5,200000,3,97,4,40000,True
f_sweep,axelrod_f_sweep,180,er,10,10,100,207,4.14,4,5,5,200000,1,97,2,32300,True
f_sweep,axelrod_f_sweep,181,er,10,10,100,213,4.26,4,5,5,200000,1,100,2,39400,True
f_sweep,axelrod_f_sweep,182,er,10,10,100,209,4.18,4,5,5,200000,0,100,1,34400,True
f_sweep,axelrod_f_sweep,183,er,10,10,100,205,4.1,4,5,5,200000,1,99,2,51500,True
f_sweep,axelrod_f_sweep,184,er,10,10,100,209,4.18,4,5,5,200000,1,98,2,44100,True
f_sweep,axelrod_f_sweep,185,er,10,10,100,188,3.76,4,5,5,200000,1,98,2,47300,True
f_sweep,axelrod_f_sweep,186,er,10,10,100,190,3.8,4,5,5,200000,2,97,3,56600,True
f_sweep,axelrod_f_sweep,187,er,10,10,100,190,3.8,4,5,5,200000,0,99,1,54900,True
f_sweep,axelrod_f_sweep,188,er,10,10,100,230,4.6,4,5,5,200000,0,98,1,47700,True
f_sweep,axelrod_f_sweep,189,er,10,10,100,208,4.16,4,5,5,200000,2,99,3,27500,True
f_sweep,axelrod_f_sweep,190,er,10,10,100,183,3.66,4,5,5,200000,2,100,3,59000,True
f_sweep,axelrod_f_sweep,191,er,10,10,100,210,4.2,4,5,5,200000,1,98,2,43800,True
f_sweep,axelrod_f_sweep,192,er,10,10,100,180,3.6,4,5,5,200000,2,99,3,55200,True
f_sweep,axelrod_f_sweep,193,er,10,10,100,184,3.68,4,5,5,200000,1,96,2,43400,True
f_sweep,axelrod_f_sweep,194,er,10,10,100,211,4.22,4,5,5,200000,2,98,3,55300,True
f_sweep,axelrod_f_sweep,195,er,10,10,100,192,3.84,4,5,5,200000,2,99,3,33200,True
f_sweep,axelrod_f_sweep,196,er,10,10,100,181,3.62,4,5,5,200000,3,99,5,34600,True
f_sweep,axelrod_f_sweep,197,er,10,10,100,197,3.94,4,5,5,200000,0,99,2,61600,True
f_sweep,axelrod_f_sweep,198,er,10,10,100,200,4.0,4,5,5,200000,2,99,3,74300,True
f_sweep,axelrod_f_sweep,199,er,10,10,100,194,3.88,4,5,5,200000,2,98,3,28900,True
f_sweep,axelrod_f_sweep,0,er,10,10,100,211,4.22,4,10,5,200000,2,100,3,65600,True
f_sweep,axelrod_f_sweep,1,er,10,10,100,219,4.38,4,10,5,200000,2,100,3,71200,True
f_sweep,axelrod_f_sweep,2,er,10,10,100,211,4.22,4,10,5,200000,2,100,3,69800,True
f_sweep,axelrod_f_sweep,3,er,10,10,100,184,3.68,4,10,5,200000,0,100,1,67900,True
f_sweep,axelrod_f_sweep,4,er,10,10,100,184,3.68,4,10,5,200000,3,100,4,70100,True
f_sweep,axelrod_f_sweep,5,er,10,10,100,194,3.88,4,10,5,200000,1,100,3,68200,True
f_sweep,axelrod_f_sweep,6,er,10,10,100,231,4.62,4,10,5,200000,1,100,2,50100,True
f_sweep,axelrod_f_sweep,7,er,10,10,100,206,4.12,4,10,5,200000,0,100,1,53400,True
f_sweep,axelrod_f_sweep,8,er,10,10,100,199,3.98,4,10,5,200000,2,100,3,64900,True
f_sweep,axelrod_f_sweep,9,er,10,10,100,223,4.46,4,10,5,200000,0,100,1,50500,True
f_sweep,axelrod_f_sweep,10,er,10,10,100,176,3.52,4,10,5,200000,5,100,6,42700,True
f_sweep,axelrod_f_sweep,11,er,10,10,100,192,3.84,4,10,5,200000,2,100,3,58900,True
f_sweep,axelrod_f_sweep,12,er,10,10,100,187,3.74,4,10,5,200000,2,100,3,56600,True
f_sweep,axelrod_f_sweep,13,er,10,10,100,202,4.04,4,10,5,200000,1,100,2,57100,True
f_sweep,axelrod_f_sweep,14,er,10,10,100,198,3.96,4,10,5,200000,2,100,3,68400,True
f_sweep,axelrod_f_sweep,15,er,10,10,100,179,3.58,4,10,5,200000,2,100,4,58000,True
f_sweep,axelrod_f_sweep,16,er,10,10,100,184,3.68,4,10,5,200000,1,100,2,63800,True
f_sweep,axelrod_f_sweep,17,er,10,10,100,176,3.52,4,10,5,200000,3,100,4,68900,True
f_sweep,axelrod_f_sweep,18,er,10,10,100,179,3.58,4,10,5,200000,2,100,4,49300,True
f_sweep,axelrod_f_sweep,19,er,10,10,100,171,3.42,4,10,5,200000,4,100,6,49900,True
f_sweep,axelrod_f_sweep,20,er,10,10,100,214,4.28,4,10,5,200000,3,100,4,71700,True
f_sweep,axelrod_f_sweep,21,er,10,10,100,206,4.12,4,10,5,200000,1,100,2,52700,True
f_sweep,axelrod_f_sweep,22,er,10,10,100,210,4.2,4,10,5,200000,1,100,2,74800,True
f_sweep,axelrod_f_sweep,23,er,10,10,100,185,3.7,4,10,5,200000,2,100,3,46700,True
f_sweep,axelrod_f_sweep,24,er,10,10,100,168,3.36,4,10,5,200000,4,100,6,74900,True
f_sweep,axelrod_f_sweep,25,er,10,10,100,195,3.9,4,10,5,200000,0,100,1,73200,True
f_sweep,axelrod_f_sweep,26,er,10,10,100,208,4.16,4,10,5,200000,0,100,1,67500,True
f_sweep,axelrod_f_sweep,27,er,10,10,100,191,3.82,4,10,5,200000,4,100,5,41900,True
f_sweep,axelrod_f_sweep,28,er,10,10,100,192,3.84,4,10,5,200000,3,100,4,53600,True
f_sweep,axelrod_f_sweep,29,er,10,10,100,211,4.22,4,10,5,200000,1,100,2,56500,True
f_sweep,axelrod_f_sweep,30,er,10,10,100,208,4.16,4,10,5,200000,2,100,3,73300,True
f_sweep,axelrod_f_sweep,31,er,10,10,100,175,3.5,4,10,5,200000,5,100,6,61000,True
f_sweep,axelrod_f_sweep,32,er,10,10,100,203,4.06,4,10,5,200000,0,100,1,59200,True
f_sweep,axelrod_f_sweep,33,er,10,10,100,214,4.28,4,10,5,200000,1,100,2,51100,True
f_sweep,axelrod_f_sweep,34,er,10,10,100,206,4.12,4,10,5,200000,3,100,4,67800,True
f_sweep,axelrod_f_sweep,35,er,10,10,100,191,3.82,4,10,5,200000,6,100,7,62800,True
f_sweep,axelrod_f_sweep,36,er,10,10,100,219,4.38,4,10,5,200000,0,100,1,66900,True
f_sweep,axelrod_f_sweep,37,er,10,10,100,179,3.58,4,10,5,200000,5,100,6,54700,True
f_sweep,axelrod_f_sweep,38,er,10,10,100,218,4.36,4,10,5,200000,3,100,4,45600,True
f_sweep,axelrod_f_sweep,39,er,10,10,100,224,4.48,4,10,5,200000,0,100,1,54300,True
f_sweep,axelrod_f_sweep,40,er,10,10,100,195,3.9,4,10,5,200000,1,100,2,67800,True
f_sweep,axelrod_f_sweep,41,er,10,10,100,213,4.26,4,10,5,200000,0,100,1,74700,True
f_sweep,axelrod_f_sweep,42,er,10,10,100,177,3.54,4,10,5,200000,3,100,4,55700,True
f_sweep,axelrod_f_sweep,43,er,10,10,100,184,3.68,4,10,5,200000,3,100,4,58400,True
f_sweep,axelrod_f_sweep,44,er,10,10,100,221,4.42,4,10,5,200000,0,100,1,55400,True
f_sweep,axelrod_f_sweep,45,er,10,10,100,190,3.8,4,10,5,200000,3,100,4,79900,True
f_sweep,axelrod_f_sweep,46,er,10,10,100,187,3.74,4,10,5,200000,1,100,2,66600,True
f_sweep,axelrod_f_sweep,47,er,10,10,100,205,4.1,4,10,5,200000,2,100,3,58300,True
f_sweep,axelrod_f_sweep,48,er,10,10,100,169,3.38,4,10,5,200000,2,100,3,58800,True
f_sweep,axelrod_f_sweep,49,er,10,10,100,204,4.08,4,10,5,200000,2,100,3,65800,True
f_sweep,axelrod_f_sweep,50,er,10,10,100,199,3.98,4,10,5,200000,4,100,5,59400,True
f_sweep,axelrod_f_sweep,51,er,10,10,100,205,4.1,4,10,5,200000,1,100,2,57600,True
f_sweep,axelrod_f_sweep,52,er,10,10,100,201,4.02,4,10,5,200000,1,100,2,77800,True
f_sweep,axelrod_f_sweep,53,er,10,10,100,190,3.8,4,10,5,200000,0,100,1,76500,True
f_sweep,axelrod_f_sweep,54,er,10,10,100,189,3.78,4,10,5,200000,2,100,3,51800,True
f_sweep,axelrod_f_sweep,55,er,10,10,100,197,3.94,4,10,5,200000,3,100,4,42100,True
f_sweep,axelrod_f_sweep,56,er,10,10,100,184,3.68,4,10,5,200000,3,100,4,44500,True
f_sweep,axelrod_f_sweep,57,er,10,10,100,211,4.22,4,10,5,200000,0,100,1,49600,True
f_sweep,axelrod_f_sweep,58,er,10,10,100,174,3.48,4,10,5,200000,2,100,3,53400,True
f_sweep,axelrod_f_sweep,59,er,10,10,100,178,3.56,4,10,5,200000,0,100,1,54900,True
f_sweep,axelrod_f_sweep,60,er,10,10,100,200,4.0,4,10,5,200000,3,100,4,40600,True
f_sweep,axelrod_f_sweep,61,er,10,10,100,204,4.08,4,10,5,200000,1,100,3,69600,True
f_sweep,axelrod_f_sweep,62,er,10,10,100,207,4.14,4,10,5,200000,0,100,1,66700,True
f_sweep,axelrod_f_sweep,63,er,10,10,100,176,3.52,4,10,5,200000,4,100,5,56300,True
f_sweep,axelrod_f_sweep,64,er,10,10,100,227,4.54,4,10,5,200000,0,100,2,66100,True
f_sweep,axelrod_f_sweep,65,er,10,10,100,195,3.9,4,10,5,200000,4,100,5,80500,True
f_sweep,axelrod_f_sweep,66,er,10,10,100,202,4.04,4,10,5,200000,1,100,2,71800,True
f_sweep,axelrod_f_sweep,67,er,10,10,100,226,4.52,4,10,5,200000,1,100,2,83800,True
f_sweep,axelrod_f_sweep,68,er,10,10,100,184,3.68,4,10,5,200000,2,100,3,77000,True
f_sweep,axelrod_f_sweep,69,er,10,10,100,187,3.74,4,10,5,200000,1,100,2,55600,True
f_sweep,axelrod_f_sweep,70,er,10,10,100,216,4.32,4,10,5,200000,2,100,4,80600,True
f_sweep,axelrod_f_sweep,71,er,10,10,100,177,3.54,4,10,5,200000,1,100,2,59500,True
f_sweep,axelrod_f_sweep,72,er,10,10,100,184,3.68,4,10,5,200000,1,100,2,81400,True
f_sweep,axelrod_f_sweep,73,er,10,10,100,212,4.24,4,10,5,200000,1,100,2,58700,True
f_sweep,axelrod_f_sweep,74,er,10,10,100,177,3.54,4,10,5,200000,1,100,2,76200,True
f_sweep,axelrod_f_sweep,75,er,10,10,100,240,4.8,4,10,5,200000,0,100,1,64900,True
f_sweep,axelrod_f_sweep,76,er,10,10,100,195,3.9,4,10,5,200000,3,100,4,53800,True
f_sweep,axelrod_f_sweep,77,er,10,10,100,219,4.38,4,10,5,200000,2,100,3,58700,True
f_sweep,axelrod_f_sweep,78,er,10,10,100,192,3.84,4,10,5,200000,2,100,3,80000,True
f_sweep,axelrod_f_sweep,79,er,10,10,100,173,3.46,4,10,5,200000,1,100,2,61900,True
f_sweep,axelrod_f_sweep,80,er,10,10,100,216,4.32,4,10,5,200000,1,100,2,57000,True
f_sweep,axelrod_f_sweep,81,er,10,10,100,183,3.66,4,10,5,200000,5,100,6,39100,True
f_sweep,axelrod_f_sweep,82,er,10,10,100,216,4.32,4,10,5,200000,3,100,4,42700,True
f_sweep,axelrod_f_sweep,83,er,10,10,100,188,3.76,4,10,5,200000,4,100,5,62500,True
f_sweep,axelrod_f_sweep,84,er,10,10,100,201,4.02,4,10,5,200000,2,100,3,52500,True
f_sweep,axelrod_f_sweep,85,er,10,10,100,195,3.9,4,10,5,200000,3,100,4,74800,True
f_sweep,axelrod_f_sweep,86,er,10,10,100,203,4.06,4,10,5,200000,3,100,4,47100,True
f_sweep,axelrod_f_sweep,87,er,10,10,100,193,3.86,4,10,5,200000,3,100,4,54000,True
f_sweep,axelrod_f_sweep,88,er,10,10,100,203,4.06,4,10,5,200000,2,100,3,49700,True
f_sweep,axelrod_f_sweep,89,er,10,10,100,184,3.68,4,10,5,200000,0,100,3,46700,True
f_sweep,axelrod_f_sweep,90,er,10,10,100,189,3.78,4,10,5,200000,2,100,3,54500,True
f_sweep,axelrod_f_sweep,91,er,10,10,100,212,4.24,4,10,5,200000,1,100,2,48100,True
f_sweep,axelrod_f_sweep,92,er,10,10,100,205,4.1,4,10,5,200000,1,100,2,61800,True
f_sweep,axelrod_f_sweep,93,er,10,10,100,220,4.4,4,10,5,200000,0,100,1,56700,True
f_sweep,axelrod_f_sweep,94,er,10,10,100,194,3.88,4,10,5,200000,2,100,3,61500,True
f_sweep,axelrod_f_sweep,95,er,10,10,100,207,4.14,4,10,5,200000,0,100,1,79400,True
f_sweep,axelrod_f_sweep,96,er,10,10,100,176,3.52,4,10,5,200000,4,100,5,55700,True
f_sweep,axelrod_f_sweep,97,er,10,10,100,184,3.68,4,10,5,200000,3,100,4,44800,True
f_sweep,axelrod_f_sweep,98,er,10,10,100,193,3.86,4,10,5,200000,2,100,3,57600,True
f_sweep,axelrod_f_sweep,99,er,10,10,100,190,3.8,4,10,5,200000,1,100,2,72600,True
f_sweep,axelrod_f_sweep,100,er,10,10,100,210,4.2,4,10,5,200000,0,100,1,47000,True
f_sweep,axelrod_f_sweep,101,er,10,10,100,205,4.1,4,10,5,200000,1,100,3,57500,True
f_sweep,axelrod_f_sweep,102,er,10,10,100,210,4.2,4,10,5,200000,3,100,4,66800,True
f_sweep,axelrod_f_sweep,103,er,10,10,100,195,3.9,4,10,5,200000,1,100,2,76800,True
f_sweep,axelrod_f_sweep,104,er,10,10,100,200,4.0,4,10,5,200000,0,100,1,63800,True
f_sweep,axelrod_f_sweep,105,er,10,10,100,214,4.28,4,10,5,200000,0,100,1,55800,True
f_sweep,axelrod_f_sweep,106,er,10,10,100,189,3.78,4,10,5,200000,4,100,5,73900,True
f_sweep,axelrod_f_sweep,107,er,10,10,100,189,3.78,4,10,5,200000,2,100,3,63500,True
f_sweep,axelrod_f_sweep,108,er,10,10,100,210,4.2,4,10,5,200000,1,100,3,52300,True
f_sweep,axelrod_f_sweep,109,er,10,10,100,201,4.02,4,10,5,200000,4,100,5,65900,True
f_sweep,axelrod_f_sweep,110,er,10,10,100,231,4.62,4,10,5,200000,0,100,1,70800,True
f_sweep,axelrod_f_sweep,111,er,10,10,100,196,3.92,4,10,5,200000,1,100,2,48400,True
f_sweep,axelrod_f_sweep,112,er,10,10,100,180,3.6,4,10,5,200000,2,100,3,69500,True
f_sweep,axelrod_f_sweep,113,er,10,10,100,216,4.32,4,10,5,200000,1,100,2,49200,True
f_sweep,axelrod_f_sweep,114,er,10,10,100,192,3.84,4,10,5,200000,3,100,4,30700,True
f_sweep,axelrod_f_sweep,115,er,10,10,100,180,3.6,4,10,5,200000,1,100,3,49100,True
f_sweep,axelrod_f_sweep,116,er,10,10,100,205,4.1,4,10,5,200000,3,100,4,77000,True
f_sweep,axelrod_f_sweep,117,er,10,10,100,216,4.32,4,10,5,200000,1,100,2,54900,True
f_sweep,axelrod_f_sweep,118,er,10,10,100,204,4.08,4,10,5,200000,1,100,2,80700,True
f_sweep,axelrod_f_sweep,119,er,10,10,100,209,4.18,4,10,5,200000,0,100,1,72300,True
f_sweep,axelrod_f_sweep,120,er,10,10,100,224,4.48,4,10,5,200000,0,100,1,53400,True
f_sweep,axelrod_f_sweep,121,er,10,10,100,205,4.1,4,10,5,200000,1,100,2,88800,True
f_sweep,axelrod_f_sweep,122,er,10,10,100,181,3.62,4,10,5,200000,3,100,4,70500,True
f_sweep,axelrod_f_sweep,123,er,10,10,100,208,4.16,4,10,5,200000,2,100,3,61500,True
f_sweep,axelrod_f_sweep,124,er,10,10,100,201,4.02,4,10,5,200000,4,100,5,57600,True
f_sweep,axelrod_f_sweep,125,er,10,10,100,183,3.66,4,10,5,200000,2,100,3,49600,True
f_sweep,axelrod_f_sweep,126,er,10,10,100,198,3.96,4,10,5,200000,3,100,4,47900,True
f_sweep,axelrod_f_sweep,127,er,10,10,100,180,3.6,4,10,5,200000,1,100,2,54800,True
f_sweep,axelrod_f_sweep,128,er,10,10,100,187,3.74,4,10,5,200000,3,100,4,67200,True
f_sweep,axelrod_f_sweep,129,er,10,10,100,198,3.96,4,10,5,200000,1,100,2,65600,True
f_sweep,axelrod_f_sweep,130,er,10,10,100,242,4.84,4,10,5,200000,0,100,1,54800,True
f_sweep,axelrod_f_sweep,131,er,10,10,100,205,4.1,4,10,5,200000,1,100,2,54300,True
f_sweep,axelrod_f_sweep,132,er,10,10,100,180,3.6,4,10,5,200000,2,100,3,58800,True
f_sweep,axelrod_f_sweep,133,er,10,10,100,205,4.1,4,10,5,200000,1,100,2,63400,True
f_sweep,axelrod_f_sweep,134,er,10,10,100,212,4.24,4,10,5,200000,2,100,3,72400,True
f_sweep,axelrod_f_sweep,135,er,10,10,100,195,3.9,4,10,5,200000,2,100,3,47400,True
f_sweep,axelrod_f_sweep,136,er,10,10,100,208,4.16,4,10,5,200000,0,100,1,64500,True
f_sweep,axelrod_f_sweep,137,er,10,10,100,199,3.98,4,10,5,200000,1,100,2,95900,True
f_sweep,axelrod_f_sweep,138,er,10,10,100,199,3.98,4,10,5,200000,4,100,5,58100,True
f_sweep,axelrod_f_sweep,139,er,10,10,100,201,4.02,4,10,5,200000,0,100,1,73700,True
f_sweep,axelrod_f_sweep,140,er,10,10,100,195,3.9,4,10,5,200000,0,100,1,81600,True
f_sweep,axelrod_f_sweep,141,er,10,10,100,215,4.3,4,10,5,200000,0,100,1,53800,True
f_sweep,axelrod_f_sweep,142,er,10,10,100,200,4.0,4,10,5,200000,1,100,2,55000,True
f_sweep,axelrod_f_sweep,143,er,10,10,100,215,4.3,4,10,5,200000,3,100,4,80400,True
f_sweep,axelrod_f_sweep,144,er,10,10,100,211,4.22,4,10,5,200000,1,100,2,72200,True
f_sweep,axelrod_f_sweep,145,er,10,10,100,197,3.94,4,10,5,200000,1,100,2,52600,True
f_sweep,axelrod_f_sweep,146,er,10,10,100,185,3.7,4,10,5,200000,2,100,3,82800,True
f_sweep,axelrod_f_sweep,147,er,10,10,100,183,3.66,4,10,5,200000,8,100,9,59800,True
f_sweep,axelrod_f_sweep,148,er,10,10,100,189,3.78,4,10,5,200000,4,100,5,58500,True
f_sweep,axelrod_f_sweep,149,er,10,10,100,198,3.96,4,10,5,200000,4,100,5,58000,True
f_sweep,axelrod_f_sweep,150,er,10,10,100,203,4.06,4,10,5,200000,0,100,2,42800,True
f_sweep,axelrod_f_sweep,151,er,10,10,100,196,3.92,4,10,5,200000,5,100,6,52100,True
f_sweep,axelrod_f_sweep,152,er,10,10,100,186,3.72,4,10,5,200000,1,100,2,57000,True
f_sweep,axelrod_f_sweep,153,er,10,10,100,215,4.3,4,10,5,200000,1,100,2,56900,True
f_sweep,axelrod_f_sweep,154,er,10,10,100,209,4.18,4,10,5,200000,1,100,2,67200,True
f_sweep,axelrod_f_sweep,155,er,10,10,100,196,3.92,4,10,5,200000,2,100,3,64200,True
f_sweep,axelrod_f_sweep,156,er,10,10,100,207,4.14,4,10,5,200000,1,100,2,72300,True
f_sweep,axelrod_f_sweep,157,er,10,10,100,196,3.92,4,10,5,200000,1,100,2,53300,True
f_sweep,axelrod_f_sweep,158,er,10,10,100,174,3.48,4,10,5,200000,2,100,4,53800,True
f_sweep,axelrod_f_sweep,159,er,10,10,100,193,3.86,4,10,5,200000,4,100,5,57300,True
f_sweep,axelrod_f_sweep,160,er,10,10,100,211,4.22,4,10,5,200000,1,100,2,54700,True
f_sweep,axelrod_f_sweep,161,er,10,10,100,196,3.92,4,10,5,200000,2,100,3,48300,True
f_sweep,axelrod_f_sweep,162,er,10,10,100,207,4.14,4,10,5,200000,1,100,2,82500,True
f_sweep,axelrod_f_sweep,163,er,10,10,100,209,4.18,4,10,5,200000,0,100,1,82400,True
f_sweep,axelrod_f_sweep,164,er,10,10,100,196,3.92,4,10,5,200000,0,100,1,89100,True
f_sweep,axelrod_f_sweep,165,er,10,10,100,217,4.34,4,10,5,200000,4,100,5,61300,True
f_sweep,axelrod_f_sweep,166,er,10,10,100,231,4.62,4,10,5,200000,1,100,2,81500,True
f_sweep,axelrod_f_sweep,167,er,10,10,100,169,3.38,4,10,5,200000,1,100,2,59600,True
f_sweep,axelrod_f_sweep,168,er,10,10,100,215,4.3,4,10,5,200000,1,100,2,62600,True
f_sweep,axelrod_f_sweep,169,er,10,10,100,193,3.86,4,10,5,200000,2,100,3,58400,True
f_sweep,axelrod_f_sweep,170,er,10,10,100,200,4.0,4,10,5,200000,3,100,4,55700,True
f_sweep,axelrod_f_sweep,171,er,10,10,100,206,4.12,4,10,5,200000,3,100,4,69100,True
f_sweep,axelrod_f_sweep,172,er,10,10,100,188,3.76,4,10,5,200000,4,100,5,65700,True
f_sweep,axelrod_f_sweep,173,er,10,10,100,209,4.18,4,10,5,200000,2,100,3,76600,True
f_sweep,axelrod_f_sweep,174,er,10,10,100,210,4.2,4,10,5,200000,1,100,2,67200,True
f_sweep,axelrod_f_sweep,175,er,10,10,100,195,3.9,4,10,5,200000,1,100,2,79400,True
f_sweep,axelrod_f_sweep,176,er,10,10,100,195,3.9,4,10,5,200000,0,100,1,58300,True
f_sweep,axelrod_f_sweep,177,er,10,10,100,197,3.94,4,10,5,200000,1,100,2,65100,True
f_sweep,axelrod_f_sweep,178,er,10,10,100,194,3.88,4,10,5,200000,2,100,3,54000,True
f_sweep,axelrod_f_sweep,179,er,10,10,100,190,3.8,4,10,5,200000,3,100,4,55000,True
f_sweep,axelrod_f_sweep,180,er,10,10,100,207,4.14,4,10,5,200000,1,100,2,73200,True
f_sweep,axelrod_f_sweep,181,er,10,10,100,213,4.26,4,10,5,200000,1,100,2,73200,True
f_sweep,axelrod_f_sweep,182,er,10,10,100,209,4.18,4,10,5,200000,0,100,1,61000,True
f_sweep,axelrod_f_sweep,183,er,10,10,100,205,4.1,4,10,5,200000,1,100,2,58000,True
f_sweep,axelrod_f_sweep,184,er,10,10,100,209,4.18,4,10,5,200000,1,100,2,69900,True
f_sweep,axelrod_f_sweep,185,er,10,10,100,188,3.76,4,10,5,200000,1,100,2,95600,True
f_sweep,axelrod_f_sweep,186,er,10,10,100,190,3.8,4,10,5,200000,2,100,3,82500,True
f_sweep,axelrod_f_sweep,187,er,10,10,100,190,3.8,4,10,5,200000,0,100,1,67100,True
f_sweep,axelrod_f_sweep,188,er,10,10,100,230,4.6,4,10,5,200000,0,100,1,71500,True
f_sweep,axelrod_f_sweep,189,er,10,10,100,208,4.16,4,10,5,200000,2,100,3,72900,True
f_sweep,axelrod_f_sweep,190,er,10,10,100,183,3.66,4,10,5,200000,2,100,3,95000,True
f_sweep,axelrod_f_sweep,191,er,10,10,100,210,4.2,4,10,5,200000,1,100,2,62000,True
f_sweep,axelrod_f_sweep,192,er,10,10,100,180,3.6,4,10,5,200000,2,100,3,70400,True
f_sweep,axelrod_f_sweep,193,er,10,10,100,184,3.68,4,10,5,200000,1,100,2,52400,True
f_sweep,axelrod_f_sweep,194,er,10,10,100,211,4.22,4,10,5,200000,2,100,3,63900,True
f_sweep,axelrod_f_sweep,195,er,10,10,100,192,3.84,4,10,5,200000,2,100,3,56100,True
f_sweep,axelrod_f_sweep,196,er,10,10,100,181,3.62,4,10,5,200000,3,100,5,96400,True
f_sweep,axelrod_f_sweep,197,er,10,10,100,197,3.94,4,10,5,200000,0,100,1,52300,True
f_sweep,axelrod_f_sweep,198,er,10,10,100,200,4.0,4,10,5,200000,2,100,3,57000,True
f_sweep,axelrod_f_sweep,199,er,10,10,100,194,3.88,4,10,5,200000,2,100,3,47600,True
f_sweep,axelrod_f_sweep,0,er,10,10,100,211,4.22,4,20,5,200000,2,100,3,124600,True
f_sweep,axelrod_f_sweep,1,er,10,10,100,219,4.38,4,20,5,200000,2,100,3,115300,True
f_sweep,axelrod_f_sweep,2,er,10,10,100,211,4.22,4,20,5,200000,2,100,3,97800,True
f_sweep,axelrod_f_sweep,3,er,10,10,100,184,3.68,4,20,5,200000,0,100,1,98600,True
f_sweep,axelrod_f_sweep,4,er,10,10,100,184,3.68,4,20,5,200000,3,100,4,122500,True
f_sweep,axelrod_f_sweep,5,er,10,10,100,194,3.88,4,20,5,200000,1,100,3,124400,True
f_sweep,axelrod_f_sweep,6,er,10,10,100,231,4.62,4,20,5,200000,1,100,2,107100,True
f_sweep,axelrod_f_sweep,7,er,10,10,100,206,4.12,4,20,5,200000,0,100,1,153300,True
f_sweep,axelrod_f_sweep,8,er,10,10,100,199,3.98,4,20,5,200000,2,100,3,99000,True
f_sweep,axelrod_f_sweep,9,er,10,10,100,223,4.46,4,20,5,200000,0,100,1,124400,True
f_sweep,axelrod_f_sweep,10,er,10,10,100,176,3.52,4,20,5,200000,5,100,6,102500,True
f_sweep,axelrod_f_sweep,11,er,10,10,100,192,3.84,4,20,5,200000,2,100,3,114900,True
f_sweep,axelrod_f_sweep,12,er,10,10,100,187,3.74,4,20,5,200000,2,100,3,98000,True
f_sweep,axelrod_f_sweep,13,er,10,10,100,202,4.04,4,20,5,200000,1,100,2,86500,True
f_sweep,axelrod_f_sweep,14,er,10,10,100,198,3.96,4,20,5,200000,2,100,3,105600,True
f_sweep,axelrod_f_sweep,15,er,10,10,100,179,3.58,4,20,5,200000,2,100,4,119700,True
f_sweep,axelrod_f_sweep,16,er,10,10,100,184,3.68,4,20,5,200000,1,100,2,98100,True
f_sweep,axelrod_f_sweep,17,er,10,10,100,176,3.52,4,20,5,200000,3,100,4,92100,True
f_sweep,axelrod_f_sweep,18,er,10,10,100,179,3.58,4,20,5,200000,2,100,4,100900,True
f_sweep,axelrod_f_sweep,19,er,10,10,100,171,3.42,4,20,5,200000,4,100,6,104800,True
f_sweep,axelrod_f_sweep,20,er,10,10,100,214,4.28,4,20,5,200000,3,100,4,107000,True
f_sweep,axelrod_f_sweep,21,er,10,10,100,206,4.12,4,20,5,200000,1,100,2,94700,True
f_sweep,axelrod_f_sweep,22,er,10,10,100,210,4.2,4,20,5,200000,1,100,2,116900,True
f_sweep,axelrod_f_sweep,23,er,10,10,100,185,3.7,4,20,5,200000,2,100,3,110500,True
f_sweep,axelrod_f_sweep,24,er,10,10,100,168,3.36,4,20,5,200000,4,100,6,124400,True
f_sweep,axelrod_f_sweep,25,er,10,10,100,195,3.9,4,20,5,200000,0,100,1,116200,True
f_sweep,axelrod_f_sweep,26,er,10,10,100,208,4.16,4,20,5,200000,0,100,1,120400,True
f_sweep,axelrod_f_sweep,27,er,10,10,100,191,3.82,4,20,5,200000,4,100,5,98900,True
f_sweep,axelrod_f_sweep,28,er,10,10,100,192,3.84,4,20,5,200000,3,100,4,92300,True
f_sweep,axelrod_f_sweep,29,er,10,10,100,211,4.22,4,20,5,200000,1,100,2,123000,True
f_sweep,axelrod_f_sweep,30,er,10,10,100,208,4.16,4,20,5,200000,2,100,3,104400,True
f_sweep,axelrod_f_sweep,31,er,10,10,100,175,3.5,4,20,5,200000,5,100,6,88000,True
f_sweep,axelrod_f_sweep,32,er,10,10,100,203,4.06,4,20,5,200000,0,100,1,122700,True
f_sweep,axelrod_f_sweep,33,er,10,10,100,214,4.28,4,20,5,200000,1,100,2,113300,True
f_sweep,axelrod_f_sweep,34,er,10,10,100,206,4.12,4,20,5,200000,3,100,4,118300,True
f_sweep,axelrod_f_sweep,35,er,10,10,100,191,3.82,4,20,5,200000,6,100,7,107400,True
f_sweep,axelrod_f_sweep,36,er,10,10,100,219,4.38,4,20,5,200000,0,100,1,94900,True
f_sweep,axelrod_f_sweep,37,er,10,10,100,179,3.58,4,20,5,200000,5,100,6,82900,True
f_sweep,axelrod_f_sweep,38,er,10,10,100,218,4.36,4,20,5,200000,3,100,4,109000,True
f_sweep,axelrod_f_sweep,39,er,10,10,100,224,4.48,4,20,5,200000,0,100,1,86000,True
f_sweep,axelrod_f_sweep,40,er,10,10,100,195,3.9,4,20,5,200000,1,100,2,108600,True
f_sweep,axelrod_f_sweep,41,er,10,10,100,213,4.26,4,20,5,200000,0,100,1,103200,True
f_sweep,axelrod_f_sweep,42,er,10,10,100,177,3.54,4,20,5,200000,3,100,4,110800,True
f_sweep,axelrod_f_sweep,43,er,10,10,100,184,3.68,4,20,5,200000,3,100,4,92700,True
f_sweep,axelrod_f_sweep,44,er,10,10,100,221,4.42,4,20,5,200000,0,100,1,113900,True
f_sweep,axelrod_f_sweep,45,er,10,10,100,190,3.8,4,20,5,200000,3,100,4,116700,True
f_sweep,axelrod_f_sweep,46,er,10,10,100,187,3.74,4,20,5,200000,1,100,2,91900,True
f_sweep,axelrod_f_sweep,47,er,10,10,100,205,4.1,4,20,5,200000,2,100,3,112400,True
f_sweep,axelrod_f_sweep,48,er,10,10,100,169,3.38,4,20,5,200000,2,100,3,106500,True
f_sweep,axelrod_f_sweep,49,er,10,10,100,204,4.08,4,20,5,200000,2,100,3,118600,True
f_sweep,axelrod_f_sweep,50,er,10,10,100,199,3.98,4,20,5,200000,4,100,5,103400,True
f_sweep,axelrod_f_sweep,51,er,10,10,100,205,4.1,4,20,5,200000,1,100,2,107700,True
f_sweep,axelrod_f_sweep,52,er,10,10,100,201,4.02,4,20,5,200000,1,100,2,114200,True
f_sweep,axelrod_f_sweep,53,er,10,10,100,190,3.8,4,20,5,200000,0,100,1,84900,True
f_sweep,axelrod_f_sweep,54,er,10,10,100,189,3.78,4,20,5,200000,2,100,3,110800,True
f_sweep,axelrod_f_sweep,55,er,10,10,100,197,3.94,4,20,5,200000,3,100,4,101500,True
f_sweep,axelrod_f_sweep,56,er,10,10,100,184,3.68,4,20,5,200000,3,100,4,95200,True
f_sweep,axelrod_f_sweep,57,er,10,10,100,211,4.22,4,20,5,200000,0,100,1,94700,True
f_sweep,axelrod_f_sweep,58,er,10,10,100,174,3.48,4,20,5,200000,2,100,3,104100,True
f_sweep,axelrod_f_sweep,59,er,10,10,100,178,3.56,4,20,5,200000,0,100,1,88000,True
f_sweep,axelrod_f_sweep,60,er,10,10,100,200,4.0,4,20,5,200000,3,100,4,95700,True
f_sweep,axelrod_f_sweep,61,er,10,10,100,204,4.08,4,20,5,200000,1,100,3,118500,True
f_sweep,axelrod_f_sweep,62,er,10,10,100,207,4.14,4,20,5,200000,0,100,1,117200,True
f_sweep,axelrod_f_sweep,63,er,10,10,100,176,3.52,4,20,5,200000,4,100,5,98800,True
f_sweep,axelrod_f_sweep,64,er,10,10,100,227,4.54,4,20,5,200000,0,100,2,111400,True
f_sweep,axelrod_f_sweep,65,er,10,10,100,195,3.9,4,20,5,200000,4,100,5,92300,True
f_sweep,axelrod_f_sweep,66,er,10,10,100,202,4.04,4,20,5,200000,1,100,2,87700,True
f_sweep,axelrod_f_sweep,67,er,10,10,100,226,4.52,4,20,5,200000,1,100,2,94200,True
f_sweep,axelrod_f_sweep,68,er,10,10,100,184,3.68,4,20,5,200000,2,100,3,137400,True
f_sweep,axelrod_f_sweep,69,er,10,10,100,187,3.74,4,20,5,200000,1,100,2,88900,True
f_sweep,axelrod_f_sweep,70,er,10,10,100,216,4.32,4,20,5,200000,2,100,4,117000,True
f_sweep,axelrod_f_sweep,71,er,10,10,100,177,3.54,4,20,5,200000,1,100,2,130000,True
f_sweep,axelrod_f_sweep,72,er,10,10,100,184,3.68,4,20,5,200000,1,100,2,112300,True
f_sweep,axelrod_f_sweep,73,er,10,10,100,212,4.24,4,20,5,200000,1,100,2,132300,True
f_sweep,axelrod_f_sweep,74,er,10,10,100,177,3.54,4,20,5,200000,1,100,2,106700,True
f_sweep,axelrod_f_sweep,75,er,10,10,100,240,4.8,4,20,5,200000,0,100,1,112300,True
f_sweep,axelrod_f_sweep,76,er,10,10,100,195,3.9,4,20,5,200000,3,100,4,110900,True
f_sweep,axelrod_f_sweep,77,er,10,10,100,219,4.38,4,20,5,200000,2,100,3,90400,True
f_sweep,axelrod_f_sweep,78,er,10,10,100,192,3.84,4,20,5,200000,2,100,3,89700,True
f_sweep,axelrod_f_sweep,79,er,10,10,100,173,3.46,4,20,5,200000,1,100,2,119700,True
f_sweep,axelrod_f_sweep,80,er,10,10,100,216,4.32,4,20,5,200000,1,100,2,124800,True
f_sweep,axelrod_f_sweep,81,er,10,10,100,183,3.66,4,20,5,200000,5,100,6,96100,True
f_sweep,axelrod_f_sweep,82,er,10,10,100,216,4.32,4,20,5,200000,3,100,4,90800,True
f_sweep,axelrod_f_sweep,83,er,10,10,100,188,3.76,4,20,5,200000,4,100,5,97600,True
f_sweep,axelrod_f_sweep,84,er,10,10,100,201,4.02,4,20,5,200000,2,100,3,101200,True
f_sweep,axelrod_f_sweep,85,er,10,10,100,195,3.9,4,20,5,200000,3,100,4,103700,True
f_sweep,axelrod_f_sweep,86,er,10,10,100,203,4.06,4,20,5,200000,3,100,4,87700,True
f_sweep,axelrod_f_sweep,87,er,10,10,100,193,3.86,4,20,5,200000,3,100,4,118700,True
f_sweep,axelrod_f_sweep,88,er,10,10,100,203,4.06,4,20,5,200000,2,100,3,112200,True
f_sweep,axelrod_f_sweep,89,er,10,10,100,184,3.68,4,20,5,200000,0,100,2,122400,True
f_sweep,axelrod_f_sweep,90,er,10,10,100,189,3.78,4,20,5,200000,2,100,3,93300,True
f_sweep,axelrod_f_sweep,91,er,10,10,100,212,4.24,4,20,5,200000,1,100,2,125600,True
f_sweep,axelrod_f_sweep,92,er,10,10,100,205,4.1,4,20,5,200000,1,100,2,112200,True
f_sweep,axelrod_f_sweep,93,er,10,10,100,220,4.4,4,20,5,200000,0,100,1,125500,True
f_sweep,axelrod_f_sweep,94,er,10,10,100,194,3.88,4,20,5,200000,2,100,3,117600,True
f_sweep,axelrod_f_sweep,95,er,10,10,100,207,4.14,4,20,5,200000,0,100,1,110100,True
f_sweep,axelrod_f_sweep,96,er,10,10,100,176,3.52,4,20,5,200000,4,100,5,81100,True
f_sweep,axelrod_f_sweep,97,er,10,10,100,184,3.68,4,20,5,200000,3,100,4,77200,True
f_sweep,axelrod_f_sweep,98,er,10,10,100,193,3.86,4,20,5,200000,2,100,3,119900,True
f_sweep,axelrod_f_sweep,99,er,10,10,100,190,3.8,4,20,5,200000,1,100,2,145300,True
f_sweep,axelrod_f_sweep,100,er,10,10,100,210,4.2,4,20,5,200000,0,100,1,119800,True
f_sweep,axelrod_f_sweep,101,er,10,10,100,205,4.1,4,20,5,200000,1,100,3,118700,True
f_sweep,axelrod_f_sweep,102,er,10,10,100,210,4.2,4,20,5,200000,3,100,4,94200,True
f_sweep,axelrod_f_sweep,103,er,10,10,100,195,3.9,4,20,5,200000,1,100,2,93400,True
f_sweep,axelrod_f_sweep,104,er,10,10,100,200,4.0,4,20,5,200000,0,100,1,147200,True
f_sweep,axelrod_f_sweep,105,er,10,10,100,214,4.28,4,20,5,200000,0,100,1,118000,True
f_sweep,axelrod_f_sweep,106,er,10,10,100,189,3.78,4,20,5,200000,4,100,5,107100,True
f_sweep,axelrod_f_sweep,107,er,10,10,100,189,3.78,4,20,5,200000,2,100,3,138600,True
f_sweep,axelrod_f_sweep,108,er,10,10,100,210,4.2,4,20,5,200000,1,100,3,105700,True
f_sweep,axelrod_f_sweep,109,er,10,10,100,201,4.02,4,20,5,200000,4,100,5,113400,True
f_sweep,axelrod_f_sweep,110,er,10,10,100,231,4.62,4,20,5,200000,0,100,1,129100,True
f_sweep,axelrod_f_sweep,111,er,10,10,100,196,3.92,4,20,5,200000,1,100,2,118900,True
f_sweep,axelrod_f_sweep,112,er,10,10,100,180,3.6,4,20,5,200000,2,100,3,104400,True
f_sweep,axelrod_f_sweep,113,er,10,10,100,216,4.32,4,20,5,200000,1,100,2,141700,True
f_sweep,axelrod_f_sweep,114,er,10,10,100,192,3.84,4,20,5,200000,3,100,4,113400,True
f_sweep,axelrod_f_sweep,115,er,10,10,100,180,3.6,4,20,5,200000,1,100,3,85700,True
f_sweep,axelrod_f_sweep,116,er,10,10,100,205,4.1,4,20,5,200000,3,100,4,97100,True
f_sweep,axelrod_f_sweep,117,er,10,10,100,216,4.32,4,20,5,200000,1,100,2,133800,True
f_sweep,axelrod_f_sweep,118,er,10,10,100,204,4.08,4,20,5,200000,1,100,2,97400,True
f_sweep,axelrod_f_sweep,119,er,10,10,100,209,4.18,4,20,5,200000,0,100,1,112500,True
f_sweep,axelrod_f_sweep,120,er,10,10,100,224,4.48,4,20,5,200000,0,100,1,118200,True
f_sweep,axelrod_f_sweep,121,er,10,10,100,205,4.1,4,20,5,200000,1,100,2,124800,True
f_sweep,axelrod_f_sweep,122,er,10,10,100,181,3.62,4,20,5,200000,3,100,4,95400,True
f_sweep,axelrod_f_sweep,123,er,10,10,100,208,4.16,4,20,5,200000,2,100,3,114000,True
f_sweep,axelrod_f_sweep,124,er,10,10,100,201,4.02,4,20,5,200000,4,100,5,119200,True
f_sweep,axelrod_f_sweep,125,er,10,10,100,183,3.66,4,20,5,200000,2,100,3,112400,True
f_sweep,axelrod_f_sweep,126,er,10,10,100,198,3.96,4,20,5,200000,3,100,4,107300,True
f_sweep,axelrod_f_sweep,127,er,10,10,100,180,3.6,4,20,5,200000,1,100,2,113500,True
f_sweep,axelrod_f_sweep,128,er,10,10,100,187,3.74,4,20,5,200000,3,100,4,114400,True
f_sweep,axelrod_f_sweep,129,er,10,10,100,198,3.96,4,20,5,200000,1,100,2,86500,True
f_sweep,axelrod_f_sweep,130,er,10,10,100,242,4.84,4,20,5,200000,0,100,1,97700,True
f_sweep,axelrod_f_sweep,131,er,10,10,100,205,4.1,4,20,5,200000,1,100,2,117600,True
f_sweep,axelrod_f_sweep,132,er,10,10,100,180,3.6,4,20,5,200000,2,100,3,153300,True
f_sweep,axelrod_f_sweep,133,er,10,10,100,205,4.1,4,20,5,200000,1,100,2,122500,True
f_sweep,axelrod_f_sweep,134,er,10,10,100,212,4.24,4,20,5,200000,2,100,3,109800,True
f_sweep,axelrod_f_sweep,135,er,10,10,100,195,3.9,4,20,5,200000,2,100,3,109600,True
f_sweep,axelrod_f_sweep,136,er,10,10,100,208,4.16,4,20,5,200000,0,100,1,101000,True
f_sweep,axelrod_f_sweep,137,er,10,10,100,199,3.98,4,20,5,200000,1,100,2,137600,True
f_sweep,axelrod_f_sweep,138,er,10,10,100,199,3.98,4,20,5,200000,4,100,5,100600,True
f_sweep,axelrod_f_sweep,139,er,10,10,100,201,4.02,4,20,5,200000,0,100,1,114100,True
f_sweep,axelrod_f_sweep,140,er,10,10,100,195,3.9,4,20,5,200000,0,100,1,94700,True
f_sweep,axelrod_f_sweep,141,er,10,10,100,215,4.3,4,20,5,200000,0,100,1,107500,True
f_sweep,axelrod_f_sweep,142,er,10,10,100,200,4.0,4,20,5,200000,1,100,2,108500,True
f_sweep,axelrod_f_sweep,143,er,10,10,100,215,4.3,4,20,5,200000,3,100,4,102800,True
f_sweep,axelrod_f_sweep,144,er,10,10,100,211,4.22,4,20,5,200000,1,100,2,141000,True
f_sweep,axelrod_f_sweep,145,er,10,10,100,197,3.94,4,20,5,200000,1,100,2,115100,True
f_sweep,axelrod_f_sweep,146,er,10,10,100,185,3.7,4,20,5,200000,2,100,3,129300,True
f_sweep,axelrod_f_sweep,147,er,10,10,100,183,3.66,4,20,5,200000,8,100,9,94500,True
f_sweep,axelrod_f_sweep,148,er,10,10,100,189,3.78,4,20,5,200000,4,100,5,96000,True
f_sweep,axelrod_f_sweep,149,er,10,10,100,198,3.96,4,20,5,200000,4,100,5,98800,True
f_sweep,axelrod_f_sweep,150,er,10,10,100,203,4.06,4,20,5,200000,0,100,2,116400,True
f_sweep,axelrod_f_sweep,151,er,10,10,100,196,3.92,4,20,5,200000,5,100,6,110100,True
f_sweep,axelrod_f_sweep,152,er,10,10,100,186,3.72,4,20,5,200000,1,100,2,116900,True
f_sweep,axelrod_f_sweep,153,er,10,10,100,215,4.3,4,20,5,200000,1,100,2,138500,True
f_sweep,axelrod_f_sweep,154,er,10,10,100,209,4.18,4,20,5,200000,1,100,2,110100,True
f_sweep,axelrod_f_sweep,155,er,10,10,100,196,3.92,4,20,5,200000,2,100,3,145200,True
f_sweep,axelrod_f_sweep,156,er,10,10,100,207,4.14,4,20,5,200000,1,100,2,120500,True
f_sweep,axelrod_f_sweep,157,er,10,10,100,196,3.92,4,20,5,200000,1,100,2,115700,True
f_sweep,axelrod_f_sweep,158,er,10,10,100,174,3.48,4,20,5,200000,2,100,4,121400,True
f_sweep,axelrod_f_sweep,159,er,10,10,100,193,3.86,4,20,5,200000,4,100,5,117500,True
f_sweep,axelrod_f_sweep,160,er,10,10,100,211,4.22,4,20,5,200000,1,100,2,116700,True
f_sweep,axelrod_f_sweep,161,er,10,10,100,196,3.92,4,20,5,200000,2,100,3,119900,True
f_sweep,axelrod_f_sweep,162,er,10,10,100,207,4.14,4,20,5,200000,1,100,2,117500,True
f_sweep,axelrod_f_sweep,163,er,10,10,100,209,4.18,4,20,5,200000,0,100,1,110500,True
f_sweep,axelrod_f_sweep,164,er,10,10,100,196,3.92,4,20,5,200000,0,100,1,109000,True
f_sweep,axelrod_f_sweep,165,er,10,10,100,217,4.34,4,20,5,200000,4,100,5,109700,True
f_sweep,axelrod_f_sweep,166,er,10,10,100,231,4.62,4,20,5,200000,1,100,2,113900,True
f_sweep,axelrod_f_sweep,167,er,10,10,100,169,3.38,4,20,5,200000,1,100,2,125700,True
f_sweep,axelrod_f_sweep,168,er,10,10,100,215,4.3,4,20,5,200000,1,100,2,114500,True
f_sweep,axelrod_f_sweep,169,er,10,10,100,193,3.86,4,20,5,200000,2,100,3,105200,True
f_sweep,axelrod_f_sweep,170,er,10,10,100,200,4.0,4,20,5,200000,3,100,4,105900,True
f_sweep,axelrod_f_sweep,171,er,10,10,100,206,4.12,4,20,5,200000,3,100,4,117400,True
f_sweep,axelrod_f_sweep,172,er,10,10,100,188,3.76,4,20,5,200000,4,100,5,102600,True
f_sweep,axelrod_f_sweep,173,er,10,10,100,209,4.18,4,20,5,200000,2,100,3,121300,True
f_sweep,axelrod_f_sweep,174,er,10,10,100,210,4.2,4,20,5,200000,1,100,2,114400,True
f_sweep,axelrod_f_sweep,175,er,10,10,100,195,3.9,4,20,5,200000,1,100,2,116500,True
f_sweep,axelrod_f_sweep,176,er,10,10,100,195,3.9,4,20,5,200000,0,100,1,129400,True
f_sweep,axelrod_f_sweep,177,er,10,10,100,197,3.94,4,20,5,200000,1,100,2,109800,True
f_sweep,axelrod_f_sweep,178,er,10,10,100,194,3.88,4,20,5,200000,2,100,3,115400,True
f_sweep,axelrod_f_sweep,179,er,10,10,100,190,3.8,4,20,5,200000,3,100,4,129900,True
f_sweep,axelrod_f_sweep,180,er,10,10,100,207,4.14,4,20,5,200000,1,100,2,107700,True
f_sweep,axelrod_f_sweep,181,er,10,10,100,213,4.26,4,20,5,200000,1,100,2,97400,True
f_sweep,axelrod_f_sweep,182,er,10,10,100,209,4.18,4,20,5,200000,0,100,1,134500,True
f_sweep,axelrod_f_sweep,183,er,10,10,100,205,4.1,4,20,5,200000,1,100,2,115300,True
f_sweep,axelrod_f_sweep,184,er,10,10,100,209,4.18,4,20,5,200000,1,100,2,130900,True
f_sweep,axelrod_f_sweep,185,er,10,10,100,188,3.76,4,20,5,200000,1,100,2,92500,True
f_sweep,axelrod_f_sweep,186,er,10,10,100,190,3.8,4,20,5,200000,2,100,3,104500,True
f_sweep,axelrod_f_sweep,187,er,10,10,100,190,3.8,4,20,5,200000,0,100,1,98100,True
f_sweep,axelrod_f_sweep,188,er,10,10,100,230,4.6,4,20,5,200000,0,100,1,101200,True
f_sweep,axelrod_f_sweep,189,er,10,10,100,208,4.16,4,20,5,200000,2,100,3,105600,True
f_sweep,axelrod_f_sweep,190,er,10,10,100,183,3.66,4,20,5,200000,2,100,3,100600,True
f_sweep,axelrod_f_sweep,191,er,10,10,100,210,4.2,4,20,5,200000,1,100,2,117300,True
f_sweep,axelrod_f_sweep,192,er,10,10,100,180,3.6,4,20,5,200000,2,100,3,128000,True
f_sweep,axelrod_f_sweep,193,er,10,10,100,184,3.68,4,20,5,200000,1,100,2,125300,True
f_sweep,axelrod_f_sweep,194,er,10,10,100,211,4.22,4,20,5,200000,2,100,3,101200,True
f_sweep,axelrod_f_sweep,195,er,10,10,100,192,3.84,4,20,5,200000,2,100,3,101300,True
f_sweep,axelrod_f_sweep,196,er,10,10,100,181,3.62,4,20,5,200000,3,100,5,99400,True
f_sweep,axelrod_f_sweep,197,er,10,10,100,197,3.94,4,20,5,200000,0,100,1,113700,True
f_sweep,axelrod_f_sweep,198,er,10,10,100,200,4.0,4,20,5,200000,2,100,3,119400,True
f_sweep,axelrod_f_sweep,199,er,10,10,100,194,3.88,4,20,5,200000,2,100,3,91500,True
f_sweep,axelrod_f_sweep,0,scale_free,10,10,100,196,3.92,4,3,5,200000,0,61,3,25000,True
f_sweep,axelrod_f_sweep,1,scale_free,10,10,100,196,3.92,4,3,5,200000,0,72,2,27900,True
f_sweep,axelrod_f_sweep,2,scale_free,10,10,100,196,3.92,4,3,5,200000,0,69,2,36400,True
f_sweep,axelrod_f_sweep,3,scale_free,10,10,100,196,3.92,4,3,5,200000,0,67,1,26200,True
f_sweep,axelrod_f_sweep,4,scale_free,10,10,100,196,3.92,4,3,5,200000,0,66,2,20400,True
f_sweep,axelrod_f_sweep,5,scale_free,10,10,100,196,3.92,4,3,5,200000,0,64,1,16000,True
f_sweep,axelrod_f_sweep,6,scale_free,10,10,100,196,3.92,4,3,5,200000,0,68,7,24200,True
f_sweep,axelrod_f_sweep,7,scale_free,10,10,100,196,3.92,4,3,5,200000,0,69,2,22400,True
f_sweep,axelrod_f_sweep,8,scale_free,10,10,100,196,3.92,4,3,5,200000,0,75,7,13200,True
f_sweep,axelrod_f_sweep,9,scale_free,10,10,100,196,3.92,4,3,5,200000,0,67,2,30300,True
f_sweep,axelrod_f_sweep,10,scale_free,10,10,100,196,3.92,4,3,5,200000,0,61,2,32500,True
f_sweep,axelrod_f_sweep,11,scale_free,10,10,100,196,3.92,4,3,5,200000,0,73,3,17800,True
f_sweep,axelrod_f_sweep,12,scale_free,10,10,100,196,3.92,4,3,5,200000,0,71,3,40200,True
f_sweep,axelrod_f_sweep,13,scale_free,10,10,100,196,3.92,4,3,5,200000,0,71,10,14800,True
f_sweep,axelrod_f_sweep,14,scale_free,10,10,100,196,3.92,4,3,5,200000,0,69,1,23400,True
f_sweep,axelrod_f_sweep,15,scale_free,10,10,100,196,3.92,4,3,5,200000,0,61,6,12200,True
f_sweep,axelrod_f_sweep,16,scale_free,10,10,100,196,3.92,4,3,5,200000,0,66,2,21900,True
f_sweep,axelrod_f_sweep,17,scale_free,10,10,100,196,3.92,4,3,5,200000,0,66,4,19900,True
f_sweep,axelrod_f_sweep,18,scale_free,10,10,100,196,3.92,4,3,5,200000,0,68,2,33100,True
f_sweep,axelrod_f_sweep,19,scale_free,10,10,100,196,3.92,4,3,5,200000,0,65,4,30700,True
f_sweep,axelrod_f_sweep,20,scale_free,10,10,100,196,3.92,4,3,5,200000,0,67,5,33900,True
f_sweep,axelrod_f_sweep,21,scale_free,10,10,100,196,3.92,4,3,5,200000,0,68,6,15300,True
f_sweep,axelrod_f_sweep,22,scale_free,10,10,100,196,3.92,4,3,5,200000,0,68,1,39900,True
f_sweep,axelrod_f_sweep,23,scale_free,10,10,100,196,3.92,4,3,5,200000,0,71,4,27300,True
f_sweep,axelrod_f_sweep,24,scale_free,10,10,100,196,3.92,4,3,5,200000,0,68,3,20000,True
f_sweep,axelrod_f_sweep,25,scale_free,10,10,100,196,3.92,4,3,5,200000,0,69,6,32800,True
f_sweep,axelrod_f_sweep,26,scale_free,10,10,100,196,3.92,4,3,5,200000,0,70,2,16900,True
f_sweep,axelrod_f_sweep,27,scale_free,10,10,100,196,3.92,4,3,5,200000,0,67,2,23100,True
f_sweep,axelrod_f_sweep,28,scale_free,10,10,100,196,3.92,4,3,5,200000,0,70,1,24600,True
f_sweep,axelrod_f_sweep,29,scale_free,10,10,100,196,3.92,4,3,5,200000,0,66,4,28600,True
f_sweep,axelrod_f_sweep,30,scale_free,10,10,100,196,3.92,4,3,5,200000,0,70,1,41700,True
f_sweep,axelrod_f_sweep,31,scale_free,10,10,100,196,3.92,4,3,5,200000,0,71,3,25900,True
f_sweep,axelrod_f_sweep,32,scale_free,10,10,100,196,3.92,4,3,5,200000,0,72,2,18000,True
f_sweep,axelrod_f_sweep,33,scale_free,10,10,100,196,3.92,4,3,5,200000,0,71,3,22500,True
f_sweep,axelrod_f_sweep,34,scale_free,10,10,100,196,3.92,4,3,5,200000,0,69,3,28700,True
f_sweep,axelrod_f_sweep,35,scale_free,10,10,100,196,3.92,4,3,5,200000,0,70,4,38600,True
f_sweep,axelrod_f_sweep,36,scale_free,10,10,100,196,3.92,4,3,5,200000,0,66,11,12400,True
f_sweep,axelrod_f_sweep,37,scale_free,10,10,100,196,3.92,4,3,5,200000,0,69,4,22400,True
f_sweep,axelrod_f_sweep,38,scale_free,10,10,100,196,3.92,4,3,5,200000,0,70,8,27600,True
f_sweep,axelrod_f_sweep,39,scale_free,10,10,100,196,3.92,4,3,5,200000,0,64,3,32400,True
f_sweep,axelrod_f_sweep,40,scale_free,10,10,100,196,3.92,4,3,5,200000,0,70,3,14400,True
f_sweep,axelrod_f_sweep,41,scale_free,10,10,100,196,3.92,4,3,5,200000,0,69,2,48000,True
f_sweep,axelrod_f_sweep,42,scale_free,10,10,100,196,3.92,4,3,5,200000,0,68,4,20400,True
f_sweep,axelrod_f_sweep,43,scale_free,10,10,100,196,3.92,4,3,5,200000,0,71,1,40300,True
f_sweep,axelrod_f_sweep,44,scale_free,10,10,100,196,3.92,4,3,5,200000,0,68,2,18700,True
f_sweep,axelrod_f_sweep,45,scale_free,10,10,100,196,3.92,4,3,5,200000,0,74,3,18800,True
f_sweep,axelrod_f_sweep,46,scale_free,10,10,100,196,3.92,4,3,5,200000,0,74,6,19300,True
f_sweep,axelrod_f_sweep,47,scale_free,10,10,100,196,3.92,4,3,5,200000,0,67,5,22800,True
f_sweep,axelrod_f_sweep,48,scale_free,10,10,100,196,3.92,4,3,5,200000,0,67,3,22300,True
f_sweep,axelrod_f_sweep,49,scale_free,10,10,100,196,3.92,4,3,5,200000,0,73,3,16300,True
f_sweep,axelrod_f_sweep,50,scale_free,10,10,100,196,3.92,4,3,5,200000,0,63,6,16700,True
f_sweep,axelrod_f_sweep,51,scale_free,10,10,100,196,3.92,4,3,5,200000,0,64,10,12400,True
f_sweep,axelrod_f_sweep,52,scale_free,10,10,100,196,3.92,4,3,5,200000,0,76,1,33100,True
f_sweep,axelrod_f_sweep,53,scale_free,10,10,100,196,3.92,4,3,5,200000,0,70,4,34100,True
f_sweep,axelrod_f_sweep,54,scale_free,10,10,100,196,3.92,4,3,5,200000,0,68,1,42500,True
f_sweep,axelrod_f_sweep,55,scale_free,10,10,100,196,3.92,4,3,5,200000,0,72,3,26200,True
f_sweep,axelrod_f_sweep,56,scale_free,10,10,100,196,3.92,4,3,5,200000,0,72,4,34300,True
f_sweep,axelrod_f_sweep,57,scale_free,10,10,100,196,3.92,4,3,5,200000,0,73,3,29900,True
f_sweep,axelrod_f_sweep,58,scale_free,10,10,100,196,3.92,4,3,5,200000,0,68,9,16200,True
f_sweep,axelrod_f_sweep,59,scale_free,10,10,100,196,3.92,4,3,5,200000,0,74,1,32500,True
f_sweep,axelrod_f_sweep,60,scale_free,10,10,100,196,3.92,4,3,5,200000,0,72,2,22000,True
f_sweep,axelrod_f_sweep,61,scale_free,10,10,100,196,3.92,4,3,5,200000,0,68,3,20700,True
f_sweep,axelrod_f_sweep,62,scale_free,10,10,100,196,3.92,4,3,5,200000,0,71,3,31200,True
f_sweep,axelrod_f_sweep,63,scale_free,10,10,100,196,3.92,4,3,5,200000,0,72,2,19700,True
f_sweep,axelrod_f_sweep,64,scale_free,10,10,100,196,3.92,4,3,5,200000,0,72,2,38500,True
f_sweep,axelrod_f_sweep,65,scale_free,10,10,100,196,3.92,4,3,5,200000,0,64,7,16400,True
f_sweep,axelrod_f_sweep,66,scale_free,10,10,100,196,3.92,4,3,5,200000,0,73,2,18300,True
f_sweep,axelrod_f_sweep,67,scale_free,10,10,100,196,3.92,4,3,5,200000,0,73,1,16300,True
f_sweep,axelrod_f_sweep,68,scale_free,10,10,100,196,3.92,4,3,5,200000,0,58,3,18700,True
f_sweep,axelrod_f_sweep,69,scale_free,10,10,100,196,3.92,4,3,5,200000,0,65,5,25600,True
f_sweep,axelrod_f_sweep,70,scale_free,10,10,100,196,3.92,4,3,5,200000,0,70,1,22500,True
f_sweep,axelrod_f_sweep,71,scale_free,10,10,100,196,3.92,4,3,5,200000,0,71,3,21100,True
f_sweep,axelrod_f_sweep,72,scale_free,10,10,100,196,3.92,4,3,5,200000,0,74,1,27300,True
f_sweep,axelrod_f_sweep,73,scale_free,10,10,100,196,3.92,4,3,5,200000,0,72,2,26000,True
f_sweep,axelrod_f_sweep,74,scale_free,10,10,100,196,3.92,4,3,5,200000,0,70,2,26100,True
f_sweep,axelrod_f_sweep,75,scale_free,10,10,100,196,3.92,4,3,5,200000,0,66,4,40100,True
f_sweep,axelrod_f_sweep,76,scale_free,10,10,100,196,3.92,4,3,5,200000,0,70,8,21400,True
f_sweep,axelrod_f_sweep,77,scale_free,10,10,100,196,3.92,4,3,5,200000,0,69,10,39500,True
f_sweep,axelrod_f_sweep,78,scale_free,10,10,100,196,3.92,4,3,5,200000,0,73,6,14500,True
f_sweep,axelrod_f_sweep,79,scale_free,10,10,100,196,3.92,4,3,5,200000,0,70,4,23600,True
f_sweep,axelrod_f_sweep,80,scale_free,10,10,100,196,3.92,4,3,5,200000,0,68,5,24100,True
f_sweep,axelrod_f_sweep,81,scale_free,10,10,100,196,3.92,4,3,5,200000,0,75,4,44700,True
f_sweep,axelrod_f_sweep,82,scale_free,10,10,100,196,3.92,4,3,5,200000,0,67,1,33400,True
f_sweep,axelrod_f_sweep,83,scale_free,10,10,100,196,3.92,4,3,5,200000,0,69,2,22200,True
f_sweep,axelrod_f_sweep,84,scale_free,10,10,100,196,3.92,4,3,5,200000,0,67,2,16500,True
f_sweep,axelrod_f_sweep,85,scale_free,10,10,100,196,3.92,4,3,5,200000,0,65,3,22200,True
f_sweep,axelrod_f_sweep,86,scale_free,10,10,100,196,3.92,4,3,5,200000,0,67,5,40600,True
f_sweep,axelrod_f_sweep,87,scale_free,10,10,100,196,3.92,4,3,5,200000,0,73,4,25600,True
f_sweep,axelrod_f_sweep,88,scale_free,10,10,100,196,3.92,4,3,5,200000,0,67,1,29300,True
f_sweep,axelrod_f_sweep,89,scale_free,10,10,100,196,3.92,4,3,5,200000,0,66,4,26400,True
f_sweep,axelrod_f_sweep,90,scale_free,10,10,100,196,3.92,4,3,5,200000,0,65,5,16500,True
f_sweep,axelrod_f_sweep,91,scale_free,10,10,100,196,3.92,4,3,5,200000,0,70,4,23500,True
f_sweep,axelrod_f_sweep,92,scale_free,10,10,100,196,3.92,4,3,5,200000,0,68,3,24300,True
f_sweep,axelrod_f_sweep,93,scale_free,10,10,100,196,3.92,4,3,5,200000,0,68,4,12900,True
f_sweep,axelrod_f_sweep,94,scale_free,10,10,100,196,3.92,4,3,5,200000,0,69,4,20800,True
f_sweep,axelrod_f_sweep,95,scale_free,10,10,100,196,3.92,4,3,5,200000,0,68,7,8900,True
f_sweep,axelrod_f_sweep,96,scale_free,10,10,100,196,3.92,4,3,5,200000,0,72,4,26700,True
f_sweep,axelrod_f_sweep,97,scale_free,10,10,100,196,3.92,4,3,5,200000,0,69,4,21900,True
f_sweep,axelrod_f_sweep,98,scale_free,10,10,100,196,3.92,4,3,5,200000,0,66,2,24800,True
f_sweep,axelrod_f_sweep,99,scale_free,10,10,100,196,3.92,4,3,5,200000,0,73,4,20900,True
f_sweep,axelrod_f_sweep,100,scale_free,10,10,100,196,3.92,4,3,5,200000,0,69,1,31300,True
f_sweep,axelrod_f_sweep,101,scale_free,10,10,100,196,3.92,4,3,5,200000,0,70,2,35600,True
f_sweep,axelrod_f_sweep,102,scale_free,10,10,100,196,3.92,4,3,5,200000,0,63,4,42900,True
f_sweep,axelrod_f_sweep,103,scale_free,10,10,100,196,3.92,4,3,5,200000,0,71,1,23900,True
f_sweep,axelrod_f_sweep,104,scale_free,10,10,100,196,3.92,4,3,5,200000,0,68,4,9100,True
f_sweep,axelrod_f_sweep,105,scale_free,10,10,100,196,3.92,4,3,5,200000,0,67,4,28100,True
f_sweep,axelrod_f_sweep,106,scale_free,10,10,100,196,3.92,4,3,5,200000,0,74,3,26300,True
f_sweep,axelrod_f_sweep,107,scale_free,10,10,100,196,3.92,4,3,5,200000,0,69,5,29500,True
f_sweep,axelrod_f_sweep,108,scale_free,10,10,100,196,3.92,4,3,5,200000,0,68,3,25300,True
f_sweep,axelrod_f_sweep,109,scale_free,10,10,100,196,3.92,4,3,5,200000,0,73,2,25000,True
f_sweep,axelrod_f_sweep,110,scale_free,10,10,100,196,3.92,4,3,5,200000,0,71,1,30700,True
f_sweep,axelrod_f_sweep,111,scale_free,10,10,100,196,3.92,4,3,5,200000,0,71,6,20100,True
f_sweep,axelrod_f_sweep,112,scale_free,10,10,100,196,3.92,4,3,5,200000,0,73,5,37000,True
f_sweep,axelrod_f_sweep,113,scale_free,10,10,100,196,3.92,4,3,5,200000,0,72,2,26200,True
f_sweep,axelrod_f_sweep,114,scale_free,10,10,100,196,3.92,4,3,5,200000,0,67,2,15100,True
f_sweep,axelrod_f_sweep,115,scale_free,10,10,100,196,3.92,4,3,5,200000,0,67,6,17500,True
f_sweep,axelrod_f_sweep,116,scale_free,10,10,100,196,3.92,4,3,5,200000,0,66,3,20700,True
f_sweep,axelrod_f_sweep,117,scale_free,10,10,100,196,3.92,4,3,5,200000,0,67,3,36300,True
f_sweep,axelrod_f_sweep,118,scale_free,10,10,100,196,3.92,4,3,5,200000,0,74,5,28100,True
f_sweep,axelrod_f_sweep,119,scale_free,10,10,100,196,3.92,4,3,5,200000,0,71,3,25600,True
f_sweep,axelrod_f_sweep,120,scale_free,10,10,100,196,3.92,4,3,5,200000,0,65,6,12800,True
f_sweep,axelrod_f_sweep,121,scale_free,10,10,100,196,3.92,4,3,5,200000,0,67,2,48400,True
f_sweep,axelrod_f_sweep,122,scale_free,10,10,100,196,3.92,4,3,5,200000,0,63,2,18300,True
f_sweep,axelrod_f_sweep,123,scale_free,10,10,100,196,3.92,4,3,5,200000,0,74,4,15000,True
f_sweep,axelrod_f_sweep,124,scale_free,10,10,100,196,3.92,4,3,5,200000,0,70,1,28700,True
f_sweep,axelrod_f_sweep,125,scale_free,10,10,100,196,3.92,4,3,5,200000,0,68,2,41100,True
f_sweep,axelrod_f_sweep,126,scale_free,10,10,100,196,3.92,4,3,5,200000,0,70,6,26300,True
f_sweep,axelrod_f_sweep,127,scale_free,10,10,100,196,3.92,4,3,5,200000,0,71,3,33400,True
f_sweep,axelrod_f_sweep,128,scale_free,10,10,100,196,3.92,4,3,5,200000,0,64,2,41900,True
f_sweep,axelrod_f_sweep,129,scale_free,10,10,100,196,3.92,4,3,5,200000,0,65,3,15400,True
f_sweep,axelrod_f_sweep,130,scale_free,10,10,100,196,3.92,4,3,5,200000,0,64,3,30600,True
f_sweep,axelrod_f_sweep,131,scale_free,10,10,100,196,3.92,4,3,5,200000,0,72,6,11900,True
f_sweep,axelrod_f_sweep,132,scale_free,10,10,100,196,3.92,4,3,5,200000,0,74,7,29500,True
f_sweep,axelrod_f_sweep,133,scale_free,10,10,100,196,3.92,4,3,5,200000,0,70,1,22400,True
f_sweep,axelrod_f_sweep,134,scale_free,10,10,100,196,3.92,4,3,5,200000,0,66,6,20300,True
f_sweep,axelrod_f_sweep,135,scale_free,10,10,100,196,3.92,4,3,5,200000,0,69,2,29800,True
f_sweep,axelrod_f_sweep,136,scale_free,10,10,100,196,3.92,4,3,5,200000,0,69,2,34200,True
f_sweep,axelrod_f_sweep,137,scale_free,10,10,100,196,3.92,4,3,5,200000,0,63,1,26800,True
f_sweep,axelrod_f_sweep,138,scale_free,10,10,100,196,3.92,4,3,5,200000,0,71,2,34900,True
f_sweep,axelrod_f_sweep,139,scale_free,10,10,100,196,3.92,4,3,5,200000,0,69,2,25600,True
f_sweep,axelrod_f_sweep,140,scale_free,10,10,100,196,3.92,4,3,5,200000,0,70,4,43200,True
f_sweep,axelrod_f_sweep,141,scale_free,10,10,100,196,3.92,4,3,5,200000,0,71,5,20000,True
f_sweep,axelrod_f_sweep,142,scale_free,10,10,100,196,3.92,4,3,5,200000,0,75,9,20900,True
f_sweep,axelrod_f_sweep,143,scale_free,10,10,100,196,3.92,4,3,5,200000,0,69,4,33200,True
f_sweep,axelrod_f_sweep,144,scale_free,10,10,100,196,3.92,4,3,5,200000,0,65,2,26400,True
f_sweep,axelrod_f_sweep,145,scale_free,10,10,100,196,3.92,4,3,5,200000,0,67,1,21100,True
f_sweep,axelrod_f_sweep,146,scale_free,10,10,100,196,3.92,4,3,5,200000,0,72,3,18300,True
f_sweep,axelrod_f_sweep,147,scale_free,10,10,100,196,3.92,4,3,5,200000,0,66,2,31800,True
f_sweep,axelrod_f_sweep,148,scale_free,10,10,100,196,3.92,4,3,5,200000,0,75,5,14900,True
f_sweep,axelrod_f_sweep,149,scale_free,10,10,100,196,3.92,4,3,5,200000,0,67,5,47800,True
f_sweep,axelrod_f_sweep,150,scale_free,10,10,100,196,3.92,4,3,5,200000,0,69,4,28300,True
f_sweep,axelrod_f_sweep,151,scale_free,10,10,100,196,3.92,4,3,5,200000,0,73,2,26300,True
f_sweep,axelrod_f_sweep,152,scale_free,10,10,100,196,3.92,4,3,5,200000,0,70,2,51300,True
f_sweep,axelrod_f_sweep,153,scale_free,10,10,100,196,3.92,4,3,5,200000,0,67,8,20500,True
f_sweep,axelrod_f_sweep,154,scale_free,10,10,100,196,3.92,4,3,5,200000,0,68,2,31300,True
f_sweep,axelrod_f_sweep,155,scale_free,10,10,100,196,3.92,4,3,5,200000,0,63,4,22000,True
f_sweep,axelrod_f_sweep,156,scale_free,10,10,100,196,3.92,4,3,5,200000,0,71,3,15900,True
f_sweep,axelrod_f_sweep,157,scale_free,10,10,100,196,3.92,4,3,5,200000,0,69,1,48700,True
f_sweep,axelrod_f_sweep,158,scale_free,10,10,100,196,3.92,4,3,5,200000,0,69,3,33200,True
f_sweep,axelrod_f_sweep,159,scale_free,10,10,100,196,3.92,4,3,5,200000,0,65,3,18600,True
f_sweep,axelrod_f_sweep,160,scale_free,10,10,100,196,3.92,4,3,5,200000,0,76,4,41200,True
f_sweep,axelrod_f_sweep,161,scale_free,10,10,100,196,3.92,4,3,5,200000,0,67,4,20100,True
f_sweep,axelrod_f_sweep,162,scale_free,10,10,100,196,3.92,4,3,5,200000,0,65,9,18900,True
f_sweep,axelrod_f_sweep,163,scale_free,10,10,100,196,3.92,4,3,5,200000,0,72,5,23000,True
f_sweep,axelrod_f_sweep,164,scale_free,10,10,100,196,3.92,4,3,5,200000,0,69,2,23900,True
f_sweep,axelrod_f_sweep,165,scale_free,10,10,100,196,3.92,4,3,5,200000,0,67,2,14700,True
f_sweep,axelrod_f_sweep,166,scale_free,10,10,100,196,3.92,4,3,5,200000,0,68,7,29200,True
f_sweep,axelrod_f_sweep,167,scale_free,10,10,100,196,3.92,4,3,5,200000,0,72,3,14600,True
f_sweep,axelrod_f_sweep,168,scale_free,10,10,100,196,3.92,4,3,5,200000,0,73,1,38900,True
f_sweep,axelrod_f_sweep,169,scale_free,10,10,100,196,3.92,4,3,5,200000,0,67,2,59600,True
f_sweep,axelrod_f_sweep,170,scale_free,10,10,100,196,3.92,4,3,5,200000,0,71,2,17800,True
f_sweep,axelrod_f_sweep,171,scale_free,10,10,100,196,3.92,4,3,5,200000,0,71,6,14400,True
f_sweep,axelrod_f_sweep,172,scale_free,10,10,100,196,3.92,4,3,5,200000,0,67,1,38000,True
f_sweep,axelrod_f_sweep,173,scale_free,10,10,100,196,3.92,4,3,5,200000,0,69,1,25700,True
f_sweep,axelrod_f_sweep,174,scale_free,10,10,100,196,3.92,4,3,5,200000,0,71,4,20900,True
f_sweep,axelrod_f_sweep,175,scale_free,10,10,100,196,3.92,4,3,5,200000,0,69,2,23600,True
f_sweep,axelrod_f_sweep,176,scale_free,10,10,100,196,3.92,4,3,5,200000,0,65,4,19800,True
f_sweep,axelrod_f_sweep,177,scale_free,10,10,100,196,3.92,4,3,5,200000,0,73,3,47700,True
f_sweep,axelrod_f_sweep,178,scale_free,10,10,100,196,3.92,4,3,5,200000,0,66,3,33300,True
f_sweep,axelrod_f_sweep,179,scale_free,10,10,100,196,3.92,4,3,5,200000,0,63,4,17300,True
f_sweep,axelrod_f_sweep,180,scale_free,10,10,100,196,3.92,4,3,5,200000,0,67,10,7900,True
f_sweep,axelrod_f_sweep,181,scale_free,10,10,100,196,3.92,4,3,5,200000,0,65,1,23500,True
f_sweep,axelrod_f_sweep,182,scale_free,10,10,100,196,3.92,4,3,5,200000,0,72,4,23500,True
f_sweep,axelrod_f_sweep,183,scale_free,10,10,100,196,3.92,4,3,5,200000,0,74,2,47400,True
f_sweep,axelrod_f_sweep,184,scale_free,10,10,100,196,3.92,4,3,5,200000,0,70,5,24200,True
f_sweep,axelrod_f_sweep,185,scale_free,10,10,100,196,3.92,4,3,5,200000,0,68,1,32700,True
f_sweep,axelrod_f_sweep,186,scale_free,10,10,100,196,3.92,4,3,5,200000,0,72,8,19600,True
f_sweep,axelrod_f_sweep,187,scale_free,10,10,100,196,3.92,4,3,5,200000,0,66,4,29800,True
f_sweep,axelrod_f_sweep,188,scale_free,10,10,100,196,3.92,4,3,5,200000,0,71,4,26800,True
f_sweep,axelrod_f_sweep,189,scale_free,10,10,100,196,3.92,4,3,5,200000,0,76,4,40700,True
f_sweep,axelrod_f_sweep,190,scale_free,10,10,100,196,3.92,4,3,5,200000,0,71,1,24900,True
f_sweep,axelrod_f_sweep,191,scale_free,10,10,100,196,3.92,4,3,5,200000,0,73,10,9100,True
f_sweep,axelrod_f_sweep,192,scale_free,10,10,100,196,3.92,4,3,5,200000,0,66,3,16700,True
f_sweep,axelrod_f_sweep,193,scale_free,10,10,100,196,3.92,4,3,5,200000,0,71,2,51900,True
f_sweep,axelrod_f_sweep,194,scale_free,10,10,100,196,3.92,4,3,5,200000,0,68,1,65600,True
f_sweep,axelrod_f_sweep,195,scale_free,10,10,100,196,3.92,4,3,5,200000,0,72,7,22100,True
f_sweep,axelrod_f_sweep,196,scale_free,10,10,100,196,3.92,4,3,5,200000,0,69,3,20900,True
f_sweep,axelrod_f_sweep,197,scale_free,10,10,100,196,3.92,4,3,5,200000,0,74,3,28000,True
f_sweep,axelrod_f_sweep,198,scale_free,10,10,100,196,3.92,4,3,5,200000,0,69,4,24800,True
f_sweep,axelrod_f_sweep,199,scale_free,10,10,100,196,3.92,4,3,5,200000,0,68,5,8800,True
f_sweep,axelrod_f_sweep,0,scale_free,10,10,100,196,3.92,4,5,5,200000,0,99,1,24900,True
f_sweep,axelrod_f_sweep,1,scale_free,10,10,100,196,3.92,4,5,5,200000,0,99,2,29900,True
f_sweep,axelrod_f_sweep,2,scale_free,10,10,100,196,3.92,4,5,5,200000,0,99,1,29600,True
f_sweep,axelrod_f_sweep,3,scale_free,10,10,100,196,3.92,4,5,5,200000,0,99,1,29800,True
f_sweep,axelrod_f_sweep,4,scale_free,10,10,100,196,3.92,4,5,5,200000,0,100,1,33500,True
f_sweep,axelrod_f_sweep,5,scale_free,10,10,100,196,3.92,4,5,5,200000,0,100,1,22100,True
f_sweep,axelrod_f_sweep,6,scale_free,10,10,100,196,3.92,4,5,5,200000,0,100,2,21300,True
f_sweep,axelrod_f_sweep,7,scale_free,10,10,100,196,3.92,4,5,5,200000,0,98,2,36500,True
f_sweep,axelrod_f_sweep,8,scale_free,10,10,100,196,3.92,4,5,5,200000,0,99,2,36600,True
f_sweep,axelrod_f_sweep,9,scale_free,10,10,100,196,3.92,4,5,5,200000,0,100,1,17300,True
f_sweep,axelrod_f_sweep,10,scale_free,10,10,100,196,3.92,4,5,5,200000,0,100,1,23500,True
f_sweep,axelrod_f_sweep,11,scale_free,10,10,100,196,3.92,4,5,5,200000,0,99,1,34200,True
f_sweep,axelrod_f_sweep,12,scale_free,10,10,100,196,3.92,4,5,5,200000,0,98,2,20800,True
f_sweep,axelrod_f_sweep,13,scale_free,10,10,100,196,3.92,4,5,5,200000,0,96,2,43900,True
f_sweep,axelrod_f_sweep,14,scale_free,10,10,100,196,3.92,4,5,5,200000,0,100,1,30200,True
f_sweep,axelrod_f_sweep,15,scale_free,10,10,100,196,3.92,4,5,5,200000,0,99,2,28100,True
f_sweep,axelrod_f_sweep,16,scale_free,10,10,100,196,3.92,4,5,5,200000,0,100,1,40100,True
f_sweep,axelrod_f_sweep,17,scale_free,10,10,100,196,3.92,4,5,5,200000,0,99,1,25500,True
f_sweep,axelrod_f_sweep,18,scale_free,10,10,100,196,3.92,4,5,5,200000,0,100,1,23900,True
f_sweep,axelrod_f_sweep,19,scale_free,10,10,100,196,3.92,4,5,5,200000,0,99,1,26600,True
f_sweep,axelrod_f_sweep,20,scale_free,10,10,100,196,3.92,4,5,5,200000,0,100,1,25800,True
f_sweep,axelrod_f_sweep,21,scale_free,10,10,100,196,3.92,4,5,5,200000,0,97,1,22800,True
f_sweep,axelrod_f_sweep,22,scale_free,10,10,100,196,3.92,4,5,5,200000,0,98,1,23900,True
f_sweep,axelrod_f_sweep,23,scale_free,10,10,100,196,3.92,4,5,5,200000,0,98,2,24900,True
f_sweep,axelrod_f_sweep,24,scale_free,10,10,100,196,3.92,4,5,5,200000,0,100,1,45100,True
f_sweep,axelrod_f_sweep,25,scale_free,10,10,100,196,3.92,4,5,5,200000,0,99,2,24600,True
f_sweep,axelrod_f_sweep,26,scale_free,10,10,100,196,3.92,4,5,5,200000,0,100,1,39200,True
f_sweep,axelrod_f_sweep,27,scale_free,10,10,100,196,3.92,4,5,5,200000,0,99,1,34900,True
f_sweep,axelrod_f_sweep,28,scale_free,10,10,100,196,3.92,4,5,5,200000,0,100,2,16500,True
f_sweep,axelrod_f_sweep,29,scale_free,10,10,100,196,3.92,4,5,5,200000,0,97,1,30800,True
f_sweep,axelrod_f_sweep,30,scale_free,10,10,100,196,3.92,4,5,5,200000,0,100,1,29600,True
f_sweep,axelrod_f_sweep,31,scale_free,10,10,100,196,3.92,4,5,5,200000,0,100,2,33300,True
f_sweep,axelrod_f_sweep,32,scale_free,10,10,100,196,3.92,4,5,5,200000,0,96,1,34100,True
f_sweep,axelrod_f_sweep,33,scale_free,10,10,100,196,3.92,4,5,5,200000,0,100,1,25000,True
f_sweep,axelrod_f_sweep,34,scale_free,10,10,100,196,3.92,4,5,5,200000,0,98,2,27800,True
f_sweep,axelrod_f_sweep,35,scale_free,10,10,100,196,3.92,4,5,5,200000,0,100,1,22100,True
f_sweep,axelrod_f_sweep,36,scale_free,10,10,100,196,3.92,4,5,5,200000,0,99,1,37000,True
f_sweep,axelrod_f_sweep,37,scale_free,10,10,100,196,3.92,4,5,5,200000,0,100,1,23300,True
f_sweep,axelrod_f_sweep,38,scale_free,10,10,100,196,3.92,4,5,5,200000,0,100,1,15200,True
f_sweep,axelrod_f_sweep,39,scale_free,10,10,100,196,3.92,4,5,5,200000,0,98,1,24000,True
f_sweep,axelrod_f_sweep,40,scale_free,10,10,100,196,3.92,4,5,5,200000,0,98,2,18600,True
f_sweep,axelrod_f_sweep,41,scale_free,10,10,100,196,3.92,4,5,5,200000,0,97,1,36600,True
f_sweep,axelrod_f_sweep,42,scale_free,10,10,100,196,3.92,4,5,5,200000,0,99,1,15000,True
f_sweep,axelrod_f_sweep,43,scale_free,10,10,100,196,3.92,4,5,5,200000,0,99,1,26200,True
f_sweep,axelrod_f_sweep,44,scale_free,10,10,100,196,3.92,4,5,5,200000,0,100,1,26500,True
f_sweep,axelrod_f_sweep,45,scale_free,10,10,100,196,3.92,4,5,5,200000,0,95,1,36700,True
f_sweep,axelrod_f_sweep,46,scale_free,10,10,100,196,3.92,4,5,5,200000,0,98,1,22100,True
f_sweep,axelrod_f_sweep,47,scale_free,10,10,100,196,3.92,4,5,5,200000,0,98,1,26000,True
f_sweep,axelrod_f_sweep,48,scale_free,10,10,100,196,3.92,4,5,5,200000,0,98,1,23900,True
f_sweep,axelrod_f_sweep,49,scale_free,10,10,100,196,3.92,4,5,5,200000,0,100,1,27300,True
f_sweep,axelrod_f_sweep,50,scale_free,10,10,100,196,3.92,4,5,5,200000,0,99,1,24500,True
f_sweep,axelrod_f_sweep,51,scale_free,10,10,100,196,3.92,4,5,5,200000,0,99,1,33700,True
f_sweep,axelrod_f_sweep,52,scale_free,10,10,100,196,3.92,4,5,5,200000,0,100,1,35000,True
f_sweep,axelrod_f_sweep,53,scale_free,10,10,100,196,3.92,4,5,5,200000,0,96,2,19400,True
f_sweep,axelrod_f_sweep,54,scale_free,10,10,100,196,3.92,4,5,5,200000,0,98,1,31000,True
f_sweep,axelrod_f_sweep,55,scale_free,10,10,100,196,3.92,4,5,5,200000,0,98,1,24400,True
f_sweep,axelrod_f_sweep,56,scale_free,10,10,100,196,3.92,4,5,5,200000,0,100,1,29100,True
f_sweep,axelrod_f_sweep,57,scale_free,10,10,100,196,3.92,4,5,5,200000,0,98,1,29000,True
f_sweep,axelrod_f_sweep,58,scale_free,10,10,100,196,3.92,4,5,5,200000,0,98,1,29800,True
f_sweep,axelrod_f_sweep,59,scale_free,10,10,100,196,3.92,4,5,5,200000,0,99,1,32400,True
f_sweep,axelrod_f_sweep,60,scale_free,10,10,100,196,3.92,4,5,5,200000,0,99,1,34500,True
f_sweep,axelrod_f_sweep,61,scale_free,10,10,100,196,3.92,4,5,5,200000,0,99,1,26700,True
f_sweep,axelrod_f_sweep,62,scale_free,10,10,100,196,3.92,4,5,5,200000,0,100,1,18800,True
f_sweep,axelrod_f_sweep,63,scale_free,10,10,100,196,3.92,4,5,5,200000,0,99,1,35100,True
f_sweep,axelrod_f_sweep,64,scale_free,10,10,100,196,3.92,4,5,5,200000,0,99,1,21400,True
f_sweep,axelrod_f_sweep,65,scale_free,10,10,100,196,3.92,4,5,5,200000,0,98,1,43600,True
f_sweep,axelrod_f_sweep,66,scale_free,10,10,100,196,3.92,4,5,5,200000,0,97,1,30900,True
f_sweep,axelrod_f_sweep,67,scale_free,10,10,100,196,3.92,4,5,5,200000,0,99,1,21200,True
f_sweep,axelrod_f_sweep,68,scale_free,10,10,100,196,3.92,4,5,5,200000,0,98,1,33700,True
f_sweep,axelrod_f_sweep,69,scale_free,10,10,100,196,3.92,4,5,5,200000,0,97,1,23800,True
f_sweep,axelrod_f_sweep,70,scale_free,10,10,100,196,3.92,4,5,5,200000,0,100,1,19700,True
f_sweep,axelrod_f_sweep,71,scale_free,10,10,100,196,3.92,4,5,5,200000,0,99,1,33400,True
f_sweep,axelrod_f_sweep,72,scale_free,10,10,100,196,3.92,4,5,5,200000,0,100,1,25700,True
f_sweep,axelrod_f_sweep,73,scale_free,10,10,100,196,3.92,4,5,5,200000,0,99,1,38200,True
f_sweep,axelrod_f_sweep,74,scale_free,10,10,100,196,3.92,4,5,5,200000,0,99,1,36800,True
f_sweep,axelrod_f_sweep,75,scale_free,10,10,100,196,3.92,4,5,5,200000,0,99,1,38600,True
f_sweep,axelrod_f_sweep,76,scale_free,10,10,100,196,3.92,4,5,5,200000,0,98,1,62900,True
f_sweep,axelrod_f_sweep,77,scale_free,10,10,100,196,3.92,4,5,5,200000,0,97,1,20000,True
f_sweep,axelrod_f_sweep,78,scale_free,10,10,100,196,3.92,4,5,5,200000,0,98,1,30800,True
f_sweep,axelrod_f_sweep,79,scale_free,10,10,100,196,3.92,4,5,5,200000,0,99,1,29800,True
f_sweep,axelrod_f_sweep,80,scale_free,10,10,100,196,3.92,4,5,5,200000,0,100,1,39100,True
f_sweep,axelrod_f_sweep,81,scale_free,10,10,100,196,3.92,4,5,5,200000,0,99,1,20300,True
f_sweep,axelrod_f_sweep,82,scale_free,10,10,100,196,3.92,4,5,5,200000,0,99,1,28600,True
f_sweep,axelrod_f_sweep,83,scale_free,10,10,100,196,3.92,4,5,5,200000,0,98,1,37300,True
f_sweep,axelrod_f_sweep,84,scale_free,10,10,100,196,3.92,4,5,5,200000,0,99,1,32200,True
f_sweep,axelrod_f_sweep,85,scale_free,10,10,100,196,3.92,4,5,5,200000,0,99,1,29600,True
f_sweep,axelrod_f_sweep,86,scale_free,10,10,100,196,3.92,4,5,5,200000,0,99,1,22800,True
f_sweep,axelrod_f_sweep,87,scale_free,10,10,100,196,3.92,4,5,5,200000,0,100,1,43900,True
f_sweep,axelrod_f_sweep,88,scale_free,10,10,100,196,3.92,4,5,5,200000,0,98,1,34000,True
f_sweep,axelrod_f_sweep,89,scale_free,10,10,100,196,3.92,4,5,5,200000,0,96,1,28400,True
f_sweep,axelrod_f_sweep,90,scale_free,10,10,100,196,3.92,4,5,5,200000,0,98,1,18100,True
f_sweep,axelrod_f_sweep,91,scale_free,10,10,100,196,3.92,4,5,5,200000,0,98,1,52000,True
f_sweep,axelrod_f_sweep,92,scale_free,10,10,100,196,3.92,4,5,5,200000,0,98,1,34900,True
f_sweep,axelrod_f_sweep,93,scale_free,10,10,100,196,3.92,4,5,5,200000,0,97,1,33600,True
f_sweep,axelrod_f_sweep,94,scale_free,10,10,100,196,3.92,4,5,5,200000,0,100,1,23700,True
f_sweep,axelrod_f_sweep,95,scale_free,10,10,100,196,3.92,4,5,5,200000,0,100,1,35100,True
f_sweep,axelrod_f_sweep,96,scale_free,10,10,100,196,3.92,4,5,5,200000,0,98,1,28100,True
f_sweep,axelrod_f_sweep,97,scale_free,10,10,100,196,3.92,4,5,5,200000,0,99,1,22400,True
f_sweep,axelrod_f_sweep,98,scale_free,10,10,100,196,3.92,4,5,5,200000,0,99,1,35300,True
f_sweep,axelrod_f_sweep,99,scale_free,10,10,100,196,3.92,4,5,5,200000,0,99,1,26500,True
f_sweep,axelrod_f_sweep,100,scale_free,10,10,100,196,3.92,4,5,5,200000,0,96,1,29800,True
f_sweep,axelrod_f_sweep,101,scale_free,10,10,100,196,3.92,4,5,5,200000,0,98,1,22700,True
f_sweep,axelrod_f_sweep,102,scale_free,10,10,100,196,3.92,4,5,5,200000,0,97,1,43000,True
f_sweep,axelrod_f_sweep,103,scale_free,10,10,100,196,3.92,4,5,5,200000,0,99,1,26300,True
f_sweep,axelrod_f_sweep,104,scale_free,10,10,100,196,3.92,4,5,5,200000,0,98,1,25900,True
f_sweep,axelrod_f_sweep,105,scale_free,10,10,100,196,3.92,4,5,5,200000,0,96,2,20800,True
f_sweep,axelrod_f_sweep,106,scale_free,10,10,100,196,3.92,4,5,5,200000,0,100,1,27400,True
f_sweep,axelrod_f_sweep,107,scale_free,10,10,100,196,3.92,4,5,5,200000,0,96,1,24200,True
f_sweep,axelrod_f_sweep,108,scale_free,10,10,100,196,3.92,4,5,5,200000,0,98,1,35400,True
f_sweep,axelrod_f_sweep,109,scale_free,10,10,100,196,3.92,4,5,5,200000,0,99,1,31100,True
f_sweep,axelrod_f_sweep,110,scale_free,10,10,100,196,3.92,4,5,5,200000,0,97,1,32400,True
f_sweep,axelrod_f_sweep,111,scale_free,10,10,100,196,3.92,4,5,5,200000,0,98,1,24600,True
f_sweep,axelrod_f_sweep,112,scale_free,10,10,100,196,3.92,4,5,5,200000,0,96,1,32500,True
f_sweep,axelrod_f_sweep,113,scale_free,10,10,100,196,3.92,4,5,5,200000,0,99,1,35700,True
f_sweep,axelrod_f_sweep,114,scale_free,10,10,100,196,3.92,4,5,5,200000,0,97,1,37100,True
f_sweep,axelrod_f_sweep,115,scale_free,10,10,100,196,3.92,4,5,5,200000,0,99,1,37800,True
f_sweep,axelrod_f_sweep,116,scale_free,10,10,100,196,3.92,4,5,5,200000,0,99,1,33500,True
f_sweep,axelrod_f_sweep,117,scale_free,10,10,100,196,3.92,4,5,5,200000,0,99,1,23100,True
f_sweep,axelrod_f_sweep,118,scale_free,10,10,100,196,3.92,4,5,5,200000,0,99,1,19100,True
f_sweep,axelrod_f_sweep,119,scale_free,10,10,100,196,3.92,4,5,5,200000,0,96,3,20500,True
f_sweep,axelrod_f_sweep,120,scale_free,10,10,100,196,3.92,4,5,5,200000,0,99,1,14000,True
f_sweep,axelrod_f_sweep,121,scale_free,10,10,100,196,3.92,4,5,5,200000,0,99,1,33500,True
f_sweep,axelrod_f_sweep,122,scale_free,10,10,100,196,3.92,4,5,5,200000,0,99,1,40200,True
f_sweep,axelrod_f_sweep,123,scale_free,10,10,100,196,3.92,4,5,5,200000,0,98,1,24700,True
f_sweep,axelrod_f_sweep,124,scale_free,10,10,100,196,3.92,4,5,5,200000,0,99,1,20300,True
f_sweep,axelrod_f_sweep,125,scale_free,10,10,100,196,3.92,4,5,5,200000,0,99,1,29800,True
f_sweep,axelrod_f_sweep,126,scale_free,10,10,100,196,3.92,4,5,5,200000,0,95,1,28800,True
f_sweep,axelrod_f_sweep,127,scale_free,10,10,100,196,3.92,4,5,5,200000,0,98,1,38500,True
f_sweep,axelrod_f_sweep,128,scale_free,10,10,100,196,3.92,4,5,5,200000,0,100,1,20700,True
f_sweep,axelrod_f_sweep,129,scale_free,10,10,100,196,3.92,4,5,5,200000,0,100,1,43200,True
f_sweep,axelrod_f_sweep,130,scale_free,10,10,100,196,3.92,4,5,5,200000,0,97,1,38500,True
f_sweep,axelrod_f_sweep,131,scale_free,10,10,100,196,3.92,4,5,5,200000,0,97,1,36700,True
f_sweep,axelrod_f_sweep,132,scale_free,10,10,100,196,3.92,4,5,5,200000,0,98,2,21600,True
f_sweep,axelrod_f_sweep,133,scale_free,10,10,100,196,3.92,4,5,5,200000,0,96,1,25200,True
f_sweep,axelrod_f_sweep,134,scale_free,10,10,100,196,3.92,4,5,5,200000,0,97,1,32200,True
f_sweep,axelrod_f_sweep,135,scale_free,10,10,100,196,3.92,4,5,5,200000,0,96,3,28100,True
f_sweep,axelrod_f_sweep,136,scale_free,10,10,100,196,3.92,4,5,5,200000,0,99,1,21800,True
f_sweep,axelrod_f_sweep,137,scale_free,10,10,100,196,3.92,4,5,5,200000,0,99,1,25500,True
f_sweep,axelrod_f_sweep,138,scale_free,10,10,100,196,3.92,4,5,5,200000,0,99,1,29500,True
f_sweep,axelrod_f_sweep,139,scale_free,10,10,100,196,3.92,4,5,5,200000,0,97,1,29200,True
f_sweep,axelrod_f_sweep,140,scale_free,10,10,100,196,3.92,4,5,5,200000,0,96,1,25400,True
f_sweep,axelrod_f_sweep,141,scale_free,10,10,100,196,3.92,4,5,5,200000,0,99,1,23500,True
f_sweep,axelrod_f_sweep,142,scale_free,10,10,100,196,3.92,4,5,5,200000,0,99,1,28400,True
f_sweep,axelrod_f_sweep,143,scale_free,10,10,100,196,3.92,4,5,5,200000,0,98,1,27800,True
f_sweep,axelrod_f_sweep,144,scale_free,10,10,100,196,3.92,4,5,5,200000,0,98,1,35000,True
f_sweep,axelrod_f_sweep,145,scale_free,10,10,100,196,3.92,4,5,5,200000,0,100,1,25600,True
f_sweep,axelrod_f_sweep,146,scale_free,10,10,100,196,3.92,4,5,5,200000,0,98,1,27700,True
f_sweep,axelrod_f_sweep,147,scale_free,10,10,100,196,3.92,4,5,5,200000,0,100,1,23700,True
f_sweep,axelrod_f_sweep,148,scale_free,10,10,100,196,3.92,4,5,5,200000,0,98,1,20800,True
f_sweep,axelrod_f_sweep,149,scale_free,10,10,100,196,3.92,4,5,5,200000,0,98,1,19000,True
f_sweep,axelrod_f_sweep,150,scale_free,10,10,100,196,3.92,4,5,5,200000,0,99,1,28500,True
f_sweep,axelrod_f_sweep,151,scale_free,10,10,100,196,3.92,4,5,5,200000,0,98,2,33600,True
f_sweep,axelrod_f_sweep,152,scale_free,10,10,100,196,3.92,4,5,5,200000,0,97,1,23700,True
f_sweep,axelrod_f_sweep,153,scale_free,10,10,100,196,3.92,4,5,5,200000,0,97,1,22500,True
f_sweep,axelrod_f_sweep,154,scale_free,10,10,100,196,3.92,4,5,5,200000,0,98,1,34100,True
f_sweep,axelrod_f_sweep,155,scale_free,10,10,100,196,3.92,4,5,5,200000,0,99,2,28100,True
f_sweep,axelrod_f_sweep,156,scale_free,10,10,100,196,3.92,4,5,5,200000,0,98,1,20100,True
f_sweep,axelrod_f_sweep,157,scale_free,10,10,100,196,3.92,4,5,5,200000,0,98,1,35300,True
f_sweep,axelrod_f_sweep,158,scale_free,10,10,100,196,3.92,4,5,5,200000,0,100,1,28600,True
f_sweep,axelrod_f_sweep,159,scale_free,10,10,100,196,3.92,4,5,5,200000,0,100,1,27100,True
f_sweep,axelrod_f_sweep,160,scale_free,10,10,100,196,3.92,4,5,5,200000,0,99,1,28500,True
f_sweep,axelrod_f_sweep,161,scale_free,10,10,100,196,3.92,4,5,5,200000,0,99,1,28800,True
f_sweep,axelrod_f_sweep,162,scale_free,10,10,100,196,3.92,4,5,5,200000,0,97,1,32100,True
f_sweep,axelrod_f_sweep,163,scale_free,10,10,100,196,3.92,4,5,5,200000,0,98,1,28000,True
f_sweep,axelrod_f_sweep,164,scale_free,10,10,100,196,3.92,4,5,5,200000,0,98,1,20300,True
f_sweep,axelrod_f_sweep,165,scale_free,10,10,100,196,3.92,4,5,5,200000,0,98,1,25500,True
f_sweep,axelrod_f_sweep,166,scale_free,10,10,100,196,3.92,4,5,5,200000,0,98,1,41300,True
f_sweep,axelrod_f_sweep,167,scale_free,10,10,100,196,3.92,4,5,5,200000,0,100,1,30800,True
f_sweep,axelrod_f_sweep,168,scale_free,10,10,100,196,3.92,4,5,5,200000,0,96,1,26300,True
f_sweep,axelrod_f_sweep,169,scale_free,10,10,100,196,3.92,4,5,5,200000,0,100,1,36300,True
f_sweep,axelrod_f_sweep,170,scale_free,10,10,100,196,3.92,4,5,5,200000,0,100,1,23900,True
f_sweep,axelrod_f_sweep,171,scale_free,10,10,100,196,3.92,4,5,5,200000,0,97,1,47800,True
f_sweep,axelrod_f_sweep,172,scale_free,10,10,100,196,3.92,4,5,5,200000,0,98,1,32600,True
f_sweep,axelrod_f_sweep,173,scale_free,10,10,100,196,3.92,4,5,5,200000,0,98,1,22100,True
f_sweep,axelrod_f_sweep,174,scale_free,10,10,100,196,3.92,4,5,5,200000,0,99,2,22500,True
f_sweep,axelrod_f_sweep,175,scale_free,10,10,100,196,3.92,4,5,5,200000,0,99,1,42600,True
f_sweep,axelrod_f_sweep,176,scale_free,10,10,100,196,3.92,4,5,5,200000,0,98,1,20400,True
f_sweep,axelrod_f_sweep,177,scale_free,10,10,100,196,3.92,4,5,5,200000,0,98,1,41000,True
f_sweep,axelrod_f_sweep,178,scale_free,10,10,100,196,3.92,4,5,5,200000,0,99,1,25300,True
f_sweep,axelrod_f_sweep,179,scale_free,10,10,100,196,3.92,4,5,5,200000,0,97,1,20000,True
f_sweep,axelrod_f_sweep,180,scale_free,10,10,100,196,3.92,4,5,5,200000,0,97,1,30100,True
f_sweep,axelrod_f_sweep,181,scale_free,10,10,100,196,3.92,4,5,5,200000,0,100,1,27500,True
f_sweep,axelrod_f_sweep,182,scale_free,10,10,100,196,3.92,4,5,5,200000,0,100,1,23700,True
f_sweep,axelrod_f_sweep,183,scale_free,10,10,100,196,3.92,4,5,5,200000,0,99,1,27200,True
f_sweep,axelrod_f_sweep,184,scale_free,10,10,100,196,3.92,4,5,5,200000,0,98,2,27900,True
f_sweep,axelrod_f_sweep,185,scale_free,10,10,100,196,3.92,4,5,5,200000,0,98,1,35900,True
f_sweep,axelrod_f_sweep,186,scale_free,10,10,100,196,3.92,4,5,5,200000,0,97,1,28600,True
f_sweep,axelrod_f_sweep,187,scale_free,10,10,100,196,3.92,4,5,5,200000,0,99,1,32700,True
f_sweep,axelrod_f_sweep,188,scale_free,10,10,100,196,3.92,4,5,5,200000,0,98,1,21000,True
f_sweep,axelrod_f_sweep,189,scale_free,10,10,100,196,3.92,4,5,5,200000,0,99,1,27100,True
f_sweep,axelrod_f_sweep,190,scale_free,10,10,100,196,3.92,4,5,5,200000,0,100,1,56600,True
f_sweep,axelrod_f_sweep,191,scale_free,10,10,100,196,3.92,4,5,5,200000,0,98,1,27200,True
f_sweep,axelrod_f_sweep,192,scale_free,10,10,100,196,3.92,4,5,5,200000,0,99,2,25200,True
f_sweep,axelrod_f_sweep,193,scale_free,10,10,100,196,3.92,4,5,5,200000,0,96,1,38800,True
f_sweep,axelrod_f_sweep,194,scale_free,10,10,100,196,3.92,4,5,5,200000,0,98,1,25700,True
f_sweep,axelrod_f_sweep,195,scale_free,10,10,100,196,3.92,4,5,5,200000,0,99,1,25700,True
f_sweep,axelrod_f_sweep,196,scale_free,10,10,100,196,3.92,4,5,5,200000,0,99,1,37900,True
f_sweep,axelrod_f_sweep,197,scale_free,10,10,100,196,3.92,4,5,5,200000,0,99,1,29400,True
f_sweep,axelrod_f_sweep,198,scale_free,10,10,100,196,3.92,4,5,5,200000,0,99,1,22000,True
f_sweep,axelrod_f_sweep,199,scale_free,10,10,100,196,3.92,4,5,5,200000,0,98,1,20800,True
f_sweep,axelrod_f_sweep,0,scale_free,10,10,100,196,3.92,4,10,5,200000,0,100,1,35100,True
f_sweep,axelrod_f_sweep,1,scale_free,10,10,100,196,3.92,4,10,5,200000,0,100,1,46300,True
f_sweep,axelrod_f_sweep,2,scale_free,10,10,100,196,3.92,4,10,5,200000,0,100,1,43200,True
f_sweep,axelrod_f_sweep,3,scale_free,10,10,100,196,3.92,4,10,5,200000,0,100,1,41100,True
f_sweep,axelrod_f_sweep,4,scale_free,10,10,100,196,3.92,4,10,5,200000,0,100,1,44000,True
f_sweep,axelrod_f_sweep,5,scale_free,10,10,100,196,3.92,4,10,5,200000,0,100,1,38600,True
f_sweep,axelrod_f_sweep,6,scale_free,10,10,100,196,3.92,4,10,5,200000,0,100,1,44900,True
f_sweep,axelrod_f_sweep,7,scale_free,10,10,100,196,3.92,4,10,5,200000,0,100,1,45600,True
f_sweep,axelrod_f_sweep,8,scale_free,10,10,100,196,3.92,4,10,5,200000,0,100,1,43600,True
f_sweep,axelrod_f_sweep,9,scale_free,10,10,100,196,3.92,4,10,5,200000,0,100,1,47700,True
f_sweep,axelrod_f_sweep,10,scale_free,10,10,100,196,3.92,4,10,5,200000,0,100,1,38500,True
f_sweep,axelrod_f_sweep,11,scale_free,10,10,100,196,3.92,4,10,5,200000,0,100,1,47700,True
f_sweep,axelrod_f_sweep,12,scale_free,10,10,100,196,3.92,4,10,5,200000,0,100,1,54300,True
f_sweep,axelrod_f_sweep,13,scale_free,10,10,100,196,3.92,4,10,5,200000,0,100,1,61900,True
f_sweep,axelrod_f_sweep,14,scale_free,10,10,100,196,3.92,4,10,5,200000,0,100,1,35800,True
f_sweep,axelrod_f_sweep,15,scale_free,10,10,100,196,3.92,4,10,5,200000,0,100,1,37600,True
f_sweep,axelrod_f_sweep,16,scale_free,10,10,100,196,3.92,4,10,5,200000,0,100,1,53300,True
f_sweep,axelrod_f_sweep,17,scale_free,10,10,100,196,3.92,4,10,5,200000,0,100,1,47500,True
f_sweep,axelrod_f_sweep,18,scale_free,10,10,100,196,3.92,4,10,5,200000,0,100,1,42700,True
f_sweep,axelrod_f_sweep,19,scale_free,10,10,100,196,3.92,4,10,5,200000,0,100,1,38200,True
f_sweep,axelrod_f_sweep,20,scale_free,10,10,100,196,3.92,4,10,5,200000,0,100,1,40100,True
f_sweep,axelrod_f_sweep,21,scale_free,10,10,100,196,3.92,4,10,5,200000,0,100,1,61700,True
f_sweep,axelrod_f_sweep,22,scale_free,10,10,100,196,3.92,4,10,5,200000,0,100,1,45600,True
f_sweep,axelrod_f_sweep,23,scale_free,10,10,100,196,3.92,4,10,5,200000,0,100,1,43500,True
f_sweep,axelrod_f_sweep,24,scale_free,10,10,100,196,3.92,4,10,5,200000,0,100,1,35400,True
f_sweep,axelrod_f_sweep,25,scale_free,10,10,100,196,3.92,4,10,5,200000,0,100,1,40400,True
f_sweep,axelrod_f_sweep,26,scale_free,10,10,100,196,3.92,4,10,5,200000,0,100,1,39600,True
f_sweep,axelrod_f_sweep,27,scale_free,10,10,100,196,3.92,4,10,5,200000,0,100,1,51500,True
f_sweep,axelrod_f_sweep,28,scale_free,10,10,100,196,3.92,4,10,5,200000,0,100,1,36000,True
f_sweep,axelrod_f_sweep,29,scale_free,10,10,100,196,3.92,4,10,5,200000,0,100,1,36600,True
f_sweep,axelrod_f_sweep,30,scale_free,10,10,100,196,3.92,4,10,5,200000,0,100,1,47500,True
f_sweep,axelrod_f_sweep,31,scale_free,10,10,100,196,3.92,4,10,5,200000,0,100,1,62800,True
f_sweep,axelrod_f_sweep,32,scale_free,10,10,100,196,3.92,4,10,5,200000,0,100,1,40100,True
f_sweep,axelrod_f_sweep,33,scale_free,10,10,100,196,3.92,4,10,5,200000,0,100,1,53200,True
f_sweep,axelrod_f_sweep,34,scale_free,10,10,100,196,3.92,4,10,5,200000,0,100,1,28500,True
f_sweep,axelrod_f_sweep,35,scale_free,10,10,100,196,3.92,4,10,5,200000,0,100,1,39100,True
f_sweep,axelrod_f_sweep,36,scale_free,10,10,100,196,3.92,4,10,5,200000,0,100,1,38300,True
f_sweep,axelrod_f_sweep,37,scale_free,10,10,100,196,3.92,4,10,5,200000,0,100,1,29100,True
f_sweep,axelrod_f_sweep,38,scale_free,10,10,100,196,3.92,4,10,5,200000,0,100,1,47700,True
f_sweep,axelrod_f_sweep,39,scale_free,10,10,100,196,3.92,4,10,5,200000,0,100,1,53600,True
f_sweep,axelrod_f_sweep,40,scale_free,10,10,100,196,3.92,4,10,5,200000,0,100,1,41300,True
f_sweep,axelrod_f_sweep,41,scale_free,10,10,100,196,3.92,4,10,5,200000,0,100,1,47100,True
f_sweep,axelrod_f_sweep,42,scale_free,10,10,100,196,3.92,4,10,5,200000,0,100,1,25300,True
f_sweep,axelrod_f_sweep,43,scale_free,10,10,100,196,3.92,4,10,5,200000,0,100,1,48200,True
f_sweep,axelrod_f_sweep,44,scale_free,10,10,100,196,3.92,4,10,5,200000,0,100,1,41000,True
f_sweep,axelrod_f_sweep,45,scale_free,10,10,100,196,3.92,4,10,5,200000,0,100,1,49500,True
f_sweep,axelrod_f_sweep,46,scale_free,10,10,100,196,3.92,4,10,5,200000,0,100,1,32500,True
f_sweep,axelrod_f_sweep,47,scale_free,10,10,100,196,3.92,4,10,5,200000,0,100,1,66400,True
f_sweep,axelrod_f_sweep,48,scale_free,10,10,100,196,3.92,4,10,5,200000,0,100,1,55500,True
f_sweep,axelrod_f_sweep,49,scale_free,10,10,100,196,3.92,4,10,5,200000,0,100,1,40400,True
f_sweep,axelrod_f_sweep,50,scale_free,10,10,100,196,3.92,4,10,5,200000,0,100,1,58600,True
f_sweep,axelrod_f_sweep,51,scale_free,10,10,100,196,3.92,4,10,5,200000,0,100,1,38900,True
f_sweep,axelrod_f_sweep,52,scale_free,10,10,100,196,3.92,4,10,5,200000,0,100,1,46700,True
f_sweep,axelrod_f_sweep,53,scale_free,10,10,100,196,3.92,4,10,5,200000,0,100,1,36800,True
f_sweep,axelrod_f_sweep,54,scale_free,10,10,100,196,3.92,4,10,5,200000,0,100,1,54600,True
f_sweep,axelrod_f_sweep,55,scale_free,10,10,100,196,3.92,4,10,5,200000,0,100,1,50400,True
f_sweep,axelrod_f_sweep,56,scale_free,10,10,100,196,3.92,4,10,5,200000,0,100,1,54700,True
f_sweep,axelrod_f_sweep,57,scale_free,10,10,100,196,3.92,4,10,5,200000,0,100,1,38300,True
f_sweep,axelrod_f_sweep,58,scale_free,10,10,100,196,3.92,4,10,5,200000,0,100,1,31700,True
f_sweep,axelrod_f_sweep,59,scale_free,10,10,100,196,3.92,4,10,5,200000,0,100,1,43700,True
f_sweep,axelrod_f_sweep,60,scale_free,10,10,100,196,3.92,4,10,5,200000,0,100,1,42000,True
f_sweep,axelrod_f_sweep,61,scale_free,10,10,100,196,3.92,4,10,5,200000,0,100,1,34800,True
f_sweep,axelrod_f_sweep,62,scale_free,10,10,100,196,3.92,4,10,5,200000,0,100,1,31100,True
f_sweep,axelrod_f_sweep,63,scale_free,10,10,100,196,3.92,4,10,5,200000,0,100,1,37500,True
f_sweep,axelrod_f_sweep,64,scale_free,10,10,100,196,3.92,4,10,5,200000,0,100,1,58100,True
f_sweep,axelrod_f_sweep,65,scale_free,10,10,100,196,3.92,4,10,5,200000,0,100,1,41700,True
f_sweep,axelrod_f_sweep,66,scale_free,10,10,100,196,3.92,4,10,5,200000,0,100,1,32700,True
f_sweep,axelrod_f_sweep,67,scale_free,10,10,100,196,3.92,4,10,5,200000,0,100,1,51900,True
f_sweep,axelrod_f_sweep,68,scale_free,10,10,100,196,3.92,4,10,5,200000,0,100,1,30000,True
f_sweep,axelrod_f_sweep,69,scale_free,10,10,100,196,3.92,4,10,5,200000,0,100,1,59700,True
f_sweep,axelrod_f_sweep,70,scale_free,10,10,100,196,3.92,4,10,5,200000,0,100,1,54400,True
f_sweep,axelrod_f_sweep,71,scale_free,10,10,100,196,3.92,4,10,5,200000,0,100,1,39000,True
f_sweep,axelrod_f_sweep,72,scale_free,10,10,100,196,3.92,4,10,5,200000,0,100,1,42800,True
f_sweep,axelrod_f_sweep,73,scale_free,10,10,100,196,3.92,4,10,5,200000,0,100,1,52800,True
f_sweep,axelrod_f_sweep,74,scale_free,10,10,100,196,3.92,4,10,5,200000,0,100,1,51500,True
f_sweep,axelrod_f_sweep,75,scale_free,10,10,100,196,3.92,4,10,5,200000,0,100,1,42700,True
f_sweep,axelrod_f_sweep,76,scale_free,10,10,100,196,3.92,4,10,5,200000,0,100,1,53300,True
f_sweep,axelrod_f_sweep,77,scale_free,10,10,100,196,3.92,4,10,5,200000,0,100,1,47500,True
f_sweep,axelrod_f_sweep,78,scale_free,10,10,100,196,3.92,4,10,5,200000,0,100,1,60900,True
f_sweep,axelrod_f_sweep,79,scale_free,10,10,100,196,3.92,4,10,5,200000,0,100,1,41100,True
f_sweep,axelrod_f_sweep,80,scale_free,10,10,100,196,3.92,4,10,5,200000,0,100,1,44800,True
f_sweep,axelrod_f_sweep,81,scale_free,10,10,100,196,3.92,4,10,5,200000,0,100,1,35100,True
f_sweep,axelrod_f_sweep,82,scale_free,10,10,100,196,3.92,4,10,5,200000,0,100,1,54400,True
f_sweep,axelrod_f_sweep,83,scale_free,10,10,100,196,3.92,4,10,5,200000,0,100,1,36000,True
f_sweep,axelrod_f_sweep,84,scale_free,10,10,100,196,3.92,4,10,5,200000,0,100,1,34400,True
f_sweep,axelrod_f_sweep,85,scale_free,10,10,100,196,3.92,4,10,5,200000,0,100,1,45900,True
f_sweep,axelrod_f_sweep,86,scale_free,10,10,100,196,3.92,4,10,5,200000,0,100,1,37600,True
f_sweep,axelrod_f_sweep,87,scale_free,10,10,100,196,3.92,4,10,5,200000,0,100,1,38100,True
f_sweep,axelrod_f_sweep,88,scale_free,10,10,100,196,3.92,4,10,5,200000,0,100,1,48600,True
f_sweep,axelrod_f_sweep,89,scale_free,10,10,100,196,3.92,4,10,5,200000,0,100,1,39100,True
f_sweep,axelrod_f_sweep,90,scale_free,10,10,100,196,3.92,4,10,5,200000,0,100,1,33300,True
f_sweep,axelrod_f_sweep,91,scale_free,10,10,100,196,3.92,4,10,5,200000,0,100,1,47800,True
f_sweep,axelrod_f_sweep,92,scale_free,10,10,100,196,3.92,4,10,5,200000,0,100,1,46300,True
f_sweep,axelrod_f_sweep,93,scale_free,10,10,100,196,3.92,4,10,5,200000,0,100,1,35700,True
f_sweep,axelrod_f_sweep,94,scale_free,10,10,100,196,3.92,4,10,5,200000,0,100,1,34100,True
f_sweep,axelrod_f_sweep,95,scale_free,10,10,100,196,3.92,4,10,5,200000,0,100,1,30700,True
f_sweep,axelrod_f_sweep,96,scale_free,10,10,100,196,3.92,4,10,5,200000,0,100,1,36300,True
f_sweep,axelrod_f_sweep,97,scale_free,10,10,100,196,3.92,4,10,5,200000,0,100,1,37000,True
f_sweep,axelrod_f_sweep,98,scale_free,10,10,100,196,3.92,4,10,5,200000,0,100,1,33800,True
f_sweep,axelrod_f_sweep,99,scale_free,10,10,100,196,3.92,4,10,5,200000,0,100,1,51700,True
f_sweep,axelrod_f_sweep,100,scale_free,10,10,100,196,3.92,4,10,5,200000,0,100,1,42900,True
f_sweep,axelrod_f_sweep,101,scale_free,10,10,100,196,3.92,4,10,5,200000,0,100,1,37400,True
f_sweep,axelrod_f_sweep,102,scale_free,10,10,100,196,3.92,4,10,5,200000,0,100,1,49200,True
f_sweep,axelrod_f_sweep,103,scale_free,10,10,100,196,3.92,4,10,5,200000,0,100,1,36700,True
f_sweep,axelrod_f_sweep,104,scale_free,10,10,100,196,3.92,4,10,5,200000,0,100,1,31400,True
f_sweep,axelrod_f_sweep,105,scale_free,10,10,100,196,3.92,4,10,5,200000,0,100,1,32300,True
f_sweep,axelrod_f_sweep,106,scale_free,10,10,100,196,3.92,4,10,5,200000,0,100,1,60900,True
f_sweep,axelrod_f_sweep,107,scale_free,10,10,100,196,3.92,4,10,5,200000,0,100,1,44400,True
f_sweep,axelrod_f_sweep,108,scale_free,10,10,100,196,3.92,4,10,5,200000,0,100,1,41500,True
f_sweep,axelrod_f_sweep,109,scale_free,10,10,100,196,3.92,4,10,5,200000,0,100,1,42900,True
f_sweep,axelrod_f_sweep,110,scale_free,10,10,100,196,3.92,4,10,5,200000,0,100,1,45300,True
f_sweep,axelrod_f_sweep,111,scale_free,10,10,100,196,3.92,4,10,5,200000,0,100,1,30000,True
f_sweep,axelrod_f_sweep,112,scale_free,10,10,100,196,3.92,4,10,5,200000,0,100,1,41400,True
f_sweep,axelrod_f_sweep,113,scale_free,10,10,100,196,3.92,4,10,5,200000,0,100,1,42600,True
f_sweep,axelrod_f_sweep,114,scale_free,10,10,100,196,3.92,4,10,5,200000,0,100,1,37200,True
f_sweep,axelrod_f_sweep,115,scale_free,10,10,100,196,3.92,4,10,5,200000,0,100,1,53000,True
f_sweep,axelrod_f_sweep,116,scale_free,10,10,100,196,3.92,4,10,5,200000,0,100,1,59600,True
f_sweep,axelrod_f_sweep,117,scale_free,10,10,100,196,3.92,4,10,5,200000,0,100,1,37300,True
f_sweep,axelrod_f_sweep,118,scale_free,10,10,100,196,3.92,4,10,5,200000,0,100,1,40100,True
f_sweep,axelrod_f_sweep,119,scale_free,10,10,100,196,3.92,4,10,5,200000,0,100,1,36600,True
f_sweep,axelrod_f_sweep,120,scale_free,10,10,100,196,3.92,4,10,5,200000,0,100,1,33000,True
f_sweep,axelrod_f_sweep,121,scale_free,10,10,100,196,3.92,4,10,5,200000,0,100,1,38100,True
f_sweep,axelrod_f_sweep,122,scale_free,10,10,100,196,3.92,4,10,5,200000,0,100,1,28400,True
f_sweep,axelrod_f_sweep,123,scale_free,10,10,100,196,3.92,4,10,5,200000,0,100,1,46100,True
f_sweep,axelrod_f_sweep,124,scale_free,10,10,100,196,3.92,4,10,5,200000,0,100,1,33100,True
f_sweep,axelrod_f_sweep,125,scale_free,10,10,100,196,3.92,4,10,5,200000,0,100,1,56900,True
f_sweep,axelrod_f_sweep,126,scale_free,10,10,100,196,3.92,4,10,5,200000,0,100,1,45100,True
f_sweep,axelrod_f_sweep,127,scale_free,10,10,100,196,3.92,4,10,5,200000,0,100,1,48200,True
f_sweep,axelrod_f_sweep,128,scale_free,10,10,100,196,3.92,4,10,5,200000,0,100,1,49600,True
f_sweep,axelrod_f_sweep,129,scale_free,10,10,100,196,3.92,4,10,5,200000,0,100,1,45000,True
f_sweep,axelrod_f_sweep,130,scale_free,10,10,100,196,3.92,4,10,5,200000,0,100,1,64200,True
f_sweep,axelrod_f_sweep,131,scale_free,10,10,100,196,3.92,4,10,5,200000,0,100,1,31000,True
f_sweep,axelrod_f_sweep,132,scale_free,10,10,100,196,3.92,4,10,5,200000,0,100,1,45200,True
f_sweep,axelrod_f_sweep,133,scale_free,10,10,100,196,3.92,4,10,5,200000,0,100,1,39100,True
f_sweep,axelrod_f_sweep,134,scale_free,10,10,100,196,3.92,4,10,5,200000,0,100,1,35000,True
f_sweep,axelrod_f_sweep,135,scale_free,10,10,100,196,3.92,4,10,5,200000,0,100,1,46800,True
f_sweep,axelrod_f_sweep,136,scale_free,10,10,100,196,3.92,4,10,5,200000,0,100,1,43700,True
f_sweep,axelrod_f_sweep,137,scale_free,10,10,100,196,3.92,4,10,5,200000,0,100,1,34000,True
f_sweep,axelrod_f_sweep,138,scale_free,10,10,100,196,3.92,4,10,5,200000,0,100,1,51400,True
f_sweep,axelrod_f_sweep,139,scale_free,10,10,100,196,3.92,4,10,5,200000,0,100,1,50600,True
f_sweep,axelrod_f_sweep,140,scale_free,10,10,100,196,3.92,4,10,5,200000,0,100,1,34300,True
f_sweep,axelrod_f_sweep,141,scale_free,10,10,100,196,3.92,4,10,5,200000,0,100,1,43200,True
f_sweep,axelrod_f_sweep,142,scale_free,10,10,100,196,3.92,4,10,5,200000,0,100,1,29300,True
f_sweep,axelrod_f_sweep,143,scale_free,10,10,100,196,3.92,4,10,5,200000,0,100,1,47300,True
f_sweep,axelrod_f_sweep,144,scale_free,10,10,100,196,3.92,4,10,5,200000,0,100,1,47500,True
f_sweep,axelrod_f_sweep,145,scale_free,10,10,100,196,3.92,4,10,5,200000,0,100,1,43900,True
f_sweep,axelrod_f_sweep,146,scale_free,10,10,100,196,3.92,4,10,5,200000,0,100,1,42200,True
f_sweep,axelrod_f_sweep,147,scale_free,10,10,100,196,3.92,4,10,5,200000,0,100,1,40100,True
f_sweep,axelrod_f_sweep,148,scale_free,10,10,100,196,3.92,4,10,5,200000,0,100,1,27900,True
f_sweep,axelrod_f_sweep,149,scale_free,10,10,100,196,3.92,4,10,5,200000,0,100,1,29600,True
f_sweep,axelrod_f_sweep,150,scale_free,10,10,100,196,3.92,4,10,5,200000,0,100,1,54400,True
f_sweep,axelrod_f_sweep,151,scale_free,10,10,100,196,3.92,4,10,5,200000,0,100,1,35400,True
f_sweep,axelrod_f_sweep,152,scale_free,10,10,100,196,3.92,4,10,5,200000,0,100,1,39800,True
f_sweep,axelrod_f_sweep,153,scale_free,10,10,100,196,3.92,4,10,5,200000,0,100,1,56400,True
f_sweep,axelrod_f_sweep,154,scale_free,10,10,100,196,3.92,4,10,5,200000,0,100,1,39000,True
f_sweep,axelrod_f_sweep,155,scale_free,10,10,100,196,3.92,4,10,5,200000,0,100,1,44900,True
f_sweep,axelrod_f_sweep,156,scale_free,10,10,100,196,3.92,4,10,5,200000,0,100,1,41600,True
f_sweep,axelrod_f_sweep,157,scale_free,10,10,100,196,3.92,4,10,5,200000,0,100,1,55800,True
f_sweep,axelrod_f_sweep,158,scale_free,10,10,100,196,3.92,4,10,5,200000,0,100,1,50600,True
f_sweep,axelrod_f_sweep,159,scale_free,10,10,100,196,3.92,4,10,5,200000,0,100,1,36600,True
f_sweep,axelrod_f_sweep,160,scale_free,10,10,100,196,3.92,4,10,5,200000,0,100,1,57100,True
f_sweep,axelrod_f_sweep,161,scale_free,10,10,100,196,3.92,4,10,5,200000,0,100,1,41700,True
f_sweep,axelrod_f_sweep,162,scale_free,10,10,100,196,3.92,4,10,5,200000,0,100,1,54200,True
f_sweep,axelrod_f_sweep,163,scale_free,10,10,100,196,3.92,4,10,5,200000,0,100,1,38600,True
f_sweep,axelrod_f_sweep,164,scale_free,10,10,100,196,3.92,4,10,5,200000,0,100,1,34300,True
f_sweep,axelrod_f_sweep,165,scale_free,10,10,100,196,3.92,4,10,5,200000,0,100,1,45600,True
f_sweep,axelrod_f_sweep,166,scale_free,10,10,100,196,3.92,4,10,5,200000,0,100,1,42000,True
f_sweep,axelrod_f_sweep,167,scale_free,10,10,100,196,3.92,4,10,5,200000,0,100,1,47900,True
f_sweep,axelrod_f_sweep,168,scale_free,10,10,100,196,3.92,4,10,5,200000,0,100,1,47800,True
f_sweep,axelrod_f_sweep,169,scale_free,10,10,100,196,3.92,4,10,5,200000,0,100,1,52500,True
f_sweep,axelrod_f_sweep,170,scale_free,10,10,100,196,3.92,4,10,5,200000,0,100,1,33300,True
f_sweep,axelrod_f_sweep,171,scale_free,10,10,100,196,3.92,4,10,5,200000,0,100,1,51200,True
f_sweep,axelrod_f_sweep,172,scale_free,10,10,100,196,3.92,4,10,5,200000,0,100,1,49800,True
f_sweep,axelrod_f_sweep,173,scale_free,10,10,100,196,3.92,4,10,5,200000,0,100,1,45000,True
f_sweep,axelrod_f_sweep,174,scale_free,10,10,100,196,3.92,4,10,5,200000,0,100,1,44000,True
f_sweep,axelrod_f_sweep,175,scale_free,10,10,100,196,3.92,4,10,5,200000,0,100,1,38000,True
f_sweep,axelrod_f_sweep,176,scale_free,10,10,100,196,3.92,4,10,5,200000,0,100,1,47400,True
f_sweep,axelrod_f_sweep,177,scale_free,10,10,100,196,3.92,4,10,5,200000,0,100,1,33700,True
f_sweep,axelrod_f_sweep,178,scale_free,10,10,100,196,3.92,4,10,5,200000,0,100,1,47300,True
f_sweep,axelrod_f_sweep,179,scale_free,10,10,100,196,3.92,4,10,5,200000,0,100,1,30100,True
f_sweep,axelrod_f_sweep,180,scale_free,10,10,100,196,3.92,4,10,5,200000,0,100,1,53500,True
f_sweep,axelrod_f_sweep,181,scale_free,10,10,100,196,3.92,4,10,5,200000,0,100,1,38000,True
f_sweep,axelrod_f_sweep,182,scale_free,10,10,100,196,3.92,4,10,5,200000,0,100,1,36000,True
f_sweep,axelrod_f_sweep,183,scale_free,10,10,100,196,3.92,4,10,5,200000,0,100,1,31400,True
f_sweep,axelrod_f_sweep,184,scale_free,10,10,100,196,3.92,4,10,5,200000,0,100,1,30500,True
f_sweep,axelrod_f_sweep,185,scale_free,10,10,100,196,3.92,4,10,5,200000,0,100,1,40400,True
f_sweep,axelrod_f_sweep,186,scale_free,10,10,100,196,3.92,4,10,5,200000,0,100,1,47300,True
f_sweep,axelrod_f_sweep,187,scale_free,10,10,100,196,3.92,4,10,5,200000,0,100,1,47100,True
f_sweep,axelrod_f_sweep,188,scale_free,10,10,100,196,3.92,4,10,5,200000,0,100,1,24800,True
f_sweep,axelrod_f_sweep,189,scale_free,10,10,100,196,3.92,4,10,5,200000,0,100,1,36200,True
f_sweep,axelrod_f_sweep,190,scale_free,10,10,100,196,3.92,4,10,5,200000,0,100,1,42300,True
f_sweep,axelrod_f_sweep,191,scale_free,10,10,100,196,3.92,4,10,5,200000,0,100,1,32400,True
f_sweep,axelrod_f_sweep,192,scale_free,10,10,100,196,3.92,4,10,5,200000,0,100,1,35600,True
f_sweep,axelrod_f_sweep,193,scale_free,10,10,100,196,3.92,4,10,5,200000,0,100,1,71400,True
f_sweep,axelrod_f_sweep,194,scale_free,10,10,100,196,3.92,4,10,5,200000,0,100,1,37600,True
f_sweep,axelrod_f_sweep,195,scale_free,10,10,100,196,3.92,4,10,5,200000,0,100,1,61100,True
f_sweep,axelrod_f_sweep,196,scale_free,10,10,100,196,3.92,4,10,5,200000,0,100,1,31400,True
f_sweep,axelrod_f_sweep,197,scale_free,10,10,100,196,3.92,4,10,5,200000,0,100,1,49900,True
f_sweep,axelrod_f_sweep,198,scale_free,10,10,100,196,3.92,4,10,5,200000,0,100,1,44200,True
f_sweep,axelrod_f_sweep,199,scale_free,10,10,100,196,3.92,4,10,5,200000,0,100,1,41000,True
f_sweep,axelrod_f_sweep,0,scale_free,10,10,100,196,3.92,4,20,5,200000,0,100,1,68400,True
f_sweep,axelrod_f_sweep,1,scale_free,10,10,100,196,3.92,4,20,5,200000,0,100,1,74100,True
f_sweep,axelrod_f_sweep,2,scale_free,10,10,100,196,3.92,4,20,5,200000,0,100,1,55700,True
f_sweep,axelrod_f_sweep,3,scale_free,10,10,100,196,3.92,4,20,5,200000,0,100,1,55300,True
f_sweep,axelrod_f_sweep,4,scale_free,10,10,100,196,3.92,4,20,5,200000,0,100,1,89800,True
f_sweep,axelrod_f_sweep,5,scale_free,10,10,100,196,3.92,4,20,5,200000,0,100,1,87100,True
f_sweep,axelrod_f_sweep,6,scale_free,10,10,100,196,3.92,4,20,5,200000,0,100,1,80900,True
f_sweep,axelrod_f_sweep,7,scale_free,10,10,100,196,3.92,4,20,5,200000,0,100,1,86300,True
f_sweep,axelrod_f_sweep,8,scale_free,10,10,100,196,3.92,4,20,5,200000,0,100,1,81500,True
f_sweep,axelrod_f_sweep,9,scale_free,10,10,100,196,3.92,4,20,5,200000,0,100,1,79000,True
f_sweep,axelrod_f_sweep,10,scale_free,10,10,100,196,3.92,4,20,5,200000,0,100,1,67200,True
f_sweep,axelrod_f_sweep,11,scale_free,10,10,100,196,3.92,4,20,5,200000,0,100,1,81000,True
f_sweep,axelrod_f_sweep,12,scale_free,10,10,100,196,3.92,4,20,5,200000,0,100,1,78500,True
f_sweep,axelrod_f_sweep,13,scale_free,10,10,100,196,3.92,4,20,5,200000,0,100,1,69900,True
f_sweep,axelrod_f_sweep,14,scale_free,10,10,100,196,3.92,4,20,5,200000,0,100,1,62900,True
f_sweep,axelrod_f_sweep,15,scale_free,10,10,100,196,3.92,4,20,5,200000,0,100,1,67900,True
f_sweep,axelrod_f_sweep,16,scale_free,10,10,100,196,3.92,4,20,5,200000,0,100,1,69100,True
f_sweep,axelrod_f_sweep,17,scale_free,10,10,100,196,3.92,4,20,5,200000,0,100,1,91700,True
f_sweep,axelrod_f_sweep,18,scale_free,10,10,100,196,3.92,4,20,5,200000,0,100,1,63500,True
f_sweep,axelrod_f_sweep,19,scale_free,10,10,100,196,3.92,4,20,5,200000,0,100,1,84300,True
f_sweep,axelrod_f_sweep,20,scale_free,10,10,100,196,3.92,4,20,5,200000,0,100,1,75300,True
f_sweep,axelrod_f_sweep,21,scale_free,10,10,100,196,3.92,4,20,5,200000,0,100,1,73200,True
f_sweep,axelrod_f_sweep,22,scale_free,10,10,100,196,3.92,4,20,5,200000,0,100,1,71600,True
f_sweep,axelrod_f_sweep,23,scale_free,10,10,100,196,3.92,4,20,5,200000,0,100,1,86500,True
f_sweep,axelrod_f_sweep,24,scale_free,10,10,100,196,3.92,4,20,5,200000,0,100,1,75700,True
f_sweep,axelrod_f_sweep,25,scale_free,10,10,100,196,3.92,4,20,5,200000,0,100,1,80200,True
f_sweep,axelrod_f_sweep,26,scale_free,10,10,100,196,3.92,4,20,5,200000,0,100,1,57300,True
f_sweep,axelrod_f_sweep,27,scale_free,10,10,100,196,3.92,4,20,5,200000,0,100,1,70000,True
f_sweep,axelrod_f_sweep,28,scale_free,10,10,100,196,3.92,4,20,5,200000,0,100,1,71200,True
f_sweep,axelrod_f_sweep,29,scale_free,10,10,100,196,3.92,4,20,5,200000,0,100,1,91400,True
f_sweep,axelrod_f_sweep,30,scale_free,10,10,100,196,3.92,4,20,5,200000,0,100,1,70300,True
f_sweep,axelrod_f_sweep,31,scale_free,10,10,100,196,3.92,4,20,5,200000,0,100,1,80200,True
f_sweep,axelrod_f_sweep,32,scale_free,10,10,100,196,3.92,4,20,5,200000,0,100,1,66600,True
f_sweep,axelrod_f_sweep,33,scale_free,10,10,100,196,3.92,4,20,5,200000,0,100,1,85700,True
f_sweep,axelrod_f_sweep,34,scale_free,10,10,100,196,3.92,4,20,5,200000,0,100,1,87900,True
f_sweep,axelrod_f_sweep,35,scale_free,10,10,100,196,3.92,4,20,5,200000,0,100,1,75200,True
f_sweep,axelrod_f_sweep,36,scale_free,10,10,100,196,3.92,4,20,5,200000,0,100,1,101300,True
f_sweep,axelrod_f_sweep,37,scale_free,10,10,100,196,3.92,4,20,5,200000,0,100,1,75300,True
f_sweep,axelrod_f_sweep,38,scale_free,10,10,100,196,3.92,4,20,5,200000,0,100,1,73200,True
f_sweep,axelrod_f_sweep,39,scale_free,10,10,100,196,3.92,4,20,5,200000,0,100,1,58400,True
f_sweep,axelrod_f_sweep,40,scale_free,10,10,100,196,3.92,4,20,5,200000,0,100,1,65800,True
f_sweep,axelrod_f_sweep,41,scale_free,10,10,100,196,3.92,4,20,5,200000,0,100,1,83500,True
f_sweep,axelrod_f_sweep,42,scale_free,10,10,100,196,3.92,4,20,5,200000,0,100,1,64500,True
f_sweep,axelrod_f_sweep,43,scale_free,10,10,100,196,3.92,4,20,5,200000,0,100,1,79300,True
f_sweep,axelrod_f_sweep,44,scale_free,10,10,100,196,3.92,4,20,5,200000,0,100,1,63600,True
f_sweep,axelrod_f_sweep,45,scale_free,10,10,100,196,3.92,4,20,5,200000,0,100,1,64200,True
f_sweep,axelrod_f_sweep,46,scale_free,10,10,100,196,3.92,4,20,5,200000,0,100,1,54600,True
f_sweep,axelrod_f_sweep,47,scale_free,10,10,100,196,3.92,4,20,5,200000,0,100,1,87900,True
f_sweep,axelrod_f_sweep,48,scale_free,10,10,100,196,3.92,4,20,5,200000,0,100,1,71800,True
f_sweep,axelrod_f_sweep,49,scale_free,10,10,100,196,3.92,4,20,5,200000,0,100,1,59700,True
f_sweep,axelrod_f_sweep,50,scale_free,10,10,100,196,3.92,4,20,5,200000,0,100,1,68400,True
f_sweep,axelrod_f_sweep,51,scale_free,10,10,100,196,3.92,4,20,5,200000,0,100,1,72400,True
f_sweep,axelrod_f_sweep,52,scale_free,10,10,100,196,3.92,4,20,5,200000,0,100,1,85300,True
f_sweep,axelrod_f_sweep,53,scale_free,10,10,100,196,3.92,4,20,5,200000,0,100,1,67700,True
f_sweep,axelrod_f_sweep,54,scale_free,10,10,100,196,3.92,4,20,5,200000,0,100,1,82000,True
f_sweep,axelrod_f_sweep,55,scale_free,10,10,100,196,3.92,4,20,5,200000,0,100,1,64700,True
f_sweep,axelrod_f_sweep,56,scale_free,10,10,100,196,3.92,4,20,5,200000,0,100,1,81800,True
f_sweep,axelrod_f_sweep,57,scale_free,10,10,100,196,3.92,4,20,5,200000,0,100,1,76400,True
f_sweep,axelrod_f_sweep,58,scale_free,10,10,100,196,3.92,4,20,5,200000,0,100,1,80600,True
f_sweep,axelrod_f_sweep,59,scale_free,10,10,100,196,3.92,4,20,5,200000,0,100,1,73400,True
f_sweep,axelrod_f_sweep,60,scale_free,10,10,100,196,3.92,4,20,5,200000,0,100,1,74900,True
f_sweep,axelrod_f_sweep,61,scale_free,10,10,100,196,3.92,4,20,5,200000,0,100,1,77200,True
f_sweep,axelrod_f_sweep,62,scale_free,10,10,100,196,3.92,4,20,5,200000,0,100,1,65100,True
f_sweep,axelrod_f_sweep,63,scale_free,10,10,100,196,3.92,4,20,5,200000,0,100,1,74000,True
f_sweep,axelrod_f_sweep,64,scale_free,10,10,100,196,3.92,4,20,5,200000,0,100,1,75500,True
f_sweep,axelrod_f_sweep,65,scale_free,10,10,100,196,3.92,4,20,5,200000,0,100,1,75700,True
f_sweep,axelrod_f_sweep,66,scale_free,10,10,100,196,3.92,4,20,5,200000,0,100,1,78700,True
f_sweep,axelrod_f_sweep,67,scale_free,10,10,100,196,3.92,4,20,5,200000,0,100,1,66700,True
f_sweep,axelrod_f_sweep,68,scale_free,10,10,100,196,3.92,4,20,5,200000,0,100,1,81800,True
f_sweep,axelrod_f_sweep,69,scale_free,10,10,100,196,3.92,4,20,5,200000,0,100,1,73700,True
f_sweep,axelrod_f_sweep,70,scale_free,10,10,100,196,3.92,4,20,5,200000,0,100,1,71300,True
f_sweep,axelrod_f_sweep,71,scale_free,10,10,100,196,3.92,4,20,5,200000,0,100,1,65100,True
f_sweep,axelrod_f_sweep,72,scale_free,10,10,100,196,3.92,4,20,5,200000,0,100,1,71600,True
f_sweep,axelrod_f_sweep,73,scale_free,10,10,100,196,3.92,4,20,5,200000,0,100,1,82200,True
f_sweep,axelrod_f_sweep,74,scale_free,10,10,100,196,3.92,4,20,5,200000,0,100,1,77300,True
f_sweep,axelrod_f_sweep,75,scale_free,10,10,100,196,3.92,4,20,5,200000,0,100,1,83500,True
f_sweep,axelrod_f_sweep,76,scale_free,10,10,100,196,3.92,4,20,5,200000,0,100,1,57700,True
f_sweep,axelrod_f_sweep,77,scale_free,10,10,100,196,3.92,4,20,5,200000,0,100,1,59600,True
f_sweep,axelrod_f_sweep,78,scale_free,10,10,100,196,3.92,4,20,5,200000,0,100,1,56300,True
f_sweep,axelrod_f_sweep,79,scale_free,10,10,100,196,3.92,4,20,5,200000,0,100,1,64300,True
f_sweep,axelrod_f_sweep,80,scale_free,10,10,100,196,3.92,4,20,5,200000,0,100,1,97700,True
f_sweep,axelrod_f_sweep,81,scale_free,10,10,100,196,3.92,4,20,5,200000,0,100,1,51000,True
f_sweep,axelrod_f_sweep,82,scale_free,10,10,100,196,3.92,4,20,5,200000,0,100,1,80200,True
f_sweep,axelrod_f_sweep,83,scale_free,10,10,100,196,3.92,4,20,5,200000,0,100,1,58400,True
f_sweep,axelrod_f_sweep,84,scale_free,10,10,100,196,3.92,4,20,5,200000,0,100,1,89500,True
f_sweep,axelrod_f_sweep,85,scale_free,10,10,100,196,3.92,4,20,5,200000,0,100,1,81000,True
f_sweep,axelrod_f_sweep,86,scale_free,10,10,100,196,3.92,4,20,5,200000,0,100,1,79200,True
f_sweep,axelrod_f_sweep,87,scale_free,10,10,100,196,3.92,4,20,5,200000,0,100,1,71400,True
f_sweep,axelrod_f_sweep,88,scale_free,10,10,100,196,3.92,4,20,5,200000,0,100,1,84600,True
f_sweep,axelrod_f_sweep,89,scale_free,10,10,100,196,3.92,4,20,5,200000,0,100,1,68800,True
f_sweep,axelrod_f_sweep,90,scale_free,10,10,100,196,3.92,4,20,5,200000,0,100,1,79500,True
f_sweep,axelrod_f_sweep,91,scale_free,10,10,100,196,3.92,4,20,5,200000,0,100,1,79500,True
f_sweep,axelrod_f_sweep,92,scale_free,10,10,100,196,3.92,4,20,5,200000,0,100,1,89100,True
f_sweep,axelrod_f_sweep,93,scale_free,10,10,100,196,3.92,4,20,5,200000,0,100,1,70600,True
f_sweep,axelrod_f_sweep,94,scale_free,10,10,100,196,3.92,4,20,5,200000,0,100,1,71600,True
f_sweep,axelrod_f_sweep,95,scale_free,10,10,100,196,3.92,4,20,5,200000,0,100,1,62200,True
f_sweep,axelrod_f_sweep,96,scale_free,10,10,100,196,3.92,4,20,5,200000,0,100,1,58600,True
f_sweep,axelrod_f_sweep,97,scale_free,10,10,100,196,3.92,4,20,5,200000,0,100,1,53100,True
f_sweep,axelrod_f_sweep,98,scale_free,10,10,100,196,3.92,4,20,5,200000,0,100,1,85700,True
f_sweep,axelrod_f_sweep,99,scale_free,10,10,100,196,3.92,4,20,5,200000,0,100,1,76500,True
f_sweep,axelrod_f_sweep,100,scale_free,10,10,100,196,3.92,4,20,5,200000,0,100,1,72300,True
f_sweep,axelrod_f_sweep,101,scale_free,10,10,100,196,3.92,4,20,5,200000,0,100,1,66400,True
f_sweep,axelrod_f_sweep,102,scale_free,10,10,100,196,3.92,4,20,5,200000,0,100,1,76000,True
f_sweep,axelrod_f_sweep,103,scale_free,10,10,100,196,3.92,4,20,5,200000,0,100,1,90700,True
f_sweep,axelrod_f_sweep,104,scale_free,10,10,100,196,3.92,4,20,5,200000,0,100,1,57100,True
f_sweep,axelrod_f_sweep,105,scale_free,10,10,100,196,3.92,4,20,5,200000,0,100,1,72400,True
f_sweep,axelrod_f_sweep,106,scale_free,10,10,100,196,3.92,4,20,5,200000,0,100,1,83200,True
f_sweep,axelrod_f_sweep,107,scale_free,10,10,100,196,3.92,4,20,5,200000,0,100,1,78600,True
f_sweep,axelrod_f_sweep,108,scale_free,10,10,100,196,3.92,4,20,5,200000,0,100,1,77100,True
f_sweep,axelrod_f_sweep,109,scale_free,10,10,100,196,3.92,4,20,5,200000,0,100,1,86200,True
f_sweep,axelrod_f_sweep,110,scale_free,10,10,100,196,3.92,4,20,5,200000,0,100,1,70500,True
f_sweep,axelrod_f_sweep,111,scale_free,10,10,100,196,3.92,4,20,5,200000,0,100,1,68200,True
f_sweep,axelrod_f_sweep,112,scale_free,10,10,100,196,3.92,4,20,5,200000,0,100,1,78600,True
f_sweep,axelrod_f_sweep,113,scale_free,10,10,100,196,3.92,4,20,5,200000,0,100,1,79900,True
f_sweep,axelrod_f_sweep,114,scale_free,10,10,100,196,3.92,4,20,5,200000,0,100,1,64200,True
f_sweep,axelrod_f_sweep,115,scale_free,10,10,100,196,3.92,4,20,5,200000,0,100,1,77800,True
f_sweep,axelrod_f_sweep,116,scale_free,10,10,100,196,3.92,4,20,5,200000,0,100,1,75000,True
f_sweep,axelrod_f_sweep,117,scale_free,10,10,100,196,3.92,4,20,5,200000,0,100,1,86200,True
f_sweep,axelrod_f_sweep,118,scale_free,10,10,100,196,3.92,4,20,5,200000,0,100,1,70400,True
f_sweep,axelrod_f_sweep,119,scale_free,10,10,100,196,3.92,4,20,5,200000,0,100,1,71800,True
f_sweep,axelrod_f_sweep,120,scale_free,10,10,100,196,3.92,4,20,5,200000,0,100,1,45800,True
f_sweep,axelrod_f_sweep,121,scale_free,10,10,100,196,3.92,4,20,5,200000,0,100,1,74900,True
f_sweep,axelrod_f_sweep,122,scale_free,10,10,100,196,3.92,4,20,5,200000,0,100,1,68100,True
f_sweep,axelrod_f_sweep,123,scale_free,10,10,100,196,3.92,4,20,5,200000,0,100,1,75900,True
f_sweep,axelrod_f_sweep,124,scale_free,10,10,100,196,3.92,4,20,5,200000,0,100,1,50500,True
f_sweep,axelrod_f_sweep,125,scale_free,10,10,100,196,3.92,4,20,5,200000,0,100,1,93900,True
f_sweep,axelrod_f_sweep,126,scale_free,10,10,100,196,3.92,4,20,5,200000,0,100,1,70700,True
f_sweep,axelrod_f_sweep,127,scale_free,10,10,100,196,3.92,4,20,5,200000,0,100,1,79000,True
f_sweep,axelrod_f_sweep,128,scale_free,10,10,100,196,3.92,4,20,5,200000,0,100,1,72600,True
f_sweep,axelrod_f_sweep,129,scale_free,10,10,100,196,3.92,4,20,5,200000,0,100,1,77400,True
f_sweep,axelrod_f_sweep,130,scale_free,10,10,100,196,3.92,4,20,5,200000,0,100,1,91800,True
f_sweep,axelrod_f_sweep,131,scale_free,10,10,100,196,3.92,4,20,5,200000,0,100,1,86600,True
f_sweep,axelrod_f_sweep,132,scale_free,10,10,100,196,3.92,4,20,5,200000,0,100,1,79600,True
f_sweep,axelrod_f_sweep,133,scale_free,10,10,100,196,3.92,4,20,5,200000,0,100,1,54600,True
f_sweep,axelrod_f_sweep,134,scale_free,10,10,100,196,3.92,4,20,5,200000,0,100,1,86000,True
f_sweep,axelrod_f_sweep,135,scale_free,10,10,100,196,3.92,4,20,5,200000,0,100,1,68300,True
f_sweep,axelrod_f_sweep,136,scale_free,10,10,100,196,3.92,4,20,5,200000,0,100,1,66600,True
f_sweep,axelrod_f_sweep,137,scale_free,10,10,100,196,3.92,4,20,5,200000,0,100,1,72200,True
f_sweep,axelrod_f_sweep,138,scale_free,10,10,100,196,3.92,4,20,5,200000,0,100,1,74800,True
f_sweep,axelrod_f_sweep,139,scale_free,10,10,100,196,3.92,4,20,5,200000,0,100,1,71600,True
f_sweep,axelrod_f_sweep,140,scale_free,10,10,100,196,3.92,4,20,5,200000,0,100,1,76100,True
f_sweep,axelrod_f_sweep,141,scale_free,10,10,100,196,3.92,4,20,5,200000,0,100,1,60300,True
f_sweep,axelrod_f_sweep,142,scale_free,10,10,100,196,3.92,4,20,5,200000,0,100,1,69900,True
f_sweep,axelrod_f_sweep,143,scale_free,10,10,100,196,3.92,4,20,5,200000,0,100,1,64300,True
f_sweep,axelrod_f_sweep,144,scale_free,10,10,100,196,3.92,4,20,5,200000,0,100,1,78600,True
f_sweep,axelrod_f_sweep,145,scale_free,10,10,100,196,3.92,4,20,5,200000,0,100,1,73600,True
f_sweep,axelrod_f_sweep,146,scale_free,10,10,100,196,3.92,4,20,5,200000,0,100,1,79900,True
f_sweep,axelrod_f_sweep,147,scale_free,10,10,100,196,3.92,4,20,5,200000,0,100,1,107600,True
f_sweep,axelrod_f_sweep,148,scale_free,10,10,100,196,3.92,4,20,5,200000,0,100,1,59400,True
f_sweep,axelrod_f_sweep,149,scale_free,10,10,100,196,3.92,4,20,5,200000,0,100,1,60800,True
f_sweep,axelrod_f_sweep,150,scale_free,10,10,100,196,3.92,4,20,5,200000,0,100,1,86600,True
f_sweep,axelrod_f_sweep,151,scale_free,10,10,100,196,3.92,4,20,5,200000,0,100,1,81200,True
f_sweep,axelrod_f_sweep,152,scale_free,10,10,100,196,3.92,4,20,5,200000,0,100,1,83900,True
f_sweep,axelrod_f_sweep,153,scale_free,10,10,100,196,3.92,4,20,5,200000,0,100,1,82100,True
f_sweep,axelrod_f_sweep,154,scale_free,10,10,100,196,3.92,4,20,5,200000,0,100,1,62100,True
f_sweep,axelrod_f_sweep,155,scale_free,10,10,100,196,3.92,4,20,5,200000,0,100,1,92500,True
f_sweep,axelrod_f_sweep,156,scale_free,10,10,100,196,3.92,4,20,5,200000,0,100,1,70800,True
f_sweep,axelrod_f_sweep,157,scale_free,10,10,100,196,3.92,4,20,5,200000,0,100,1,76000,True
f_sweep,axelrod_f_sweep,158,scale_free,10,10,100,196,3.92,4,20,5,200000,0,100,1,86700,True
f_sweep,axelrod_f_sweep,159,scale_free,10,10,100,196,3.92,4,20,5,200000,0,100,1,72500,True
f_sweep,axelrod_f_sweep,160,scale_free,10,10,100,196,3.92,4,20,5,200000,0,100,1,73700,True
f_sweep,axelrod_f_sweep,161,scale_free,10,10,100,196,3.92,4,20,5,200000,0,100,1,70700,True
f_sweep,axelrod_f_sweep,162,scale_free,10,10,100,196,3.92,4,20,5,200000,0,100,1,96400,True
f_sweep,axelrod_f_sweep,163,scale_free,10,10,100,196,3.92,4,20,5,200000,0,100,1,76600,True
f_sweep,axelrod_f_sweep,164,scale_free,10,10,100,196,3.92,4,20,5,200000,0,100,1,67800,True
f_sweep,axelrod_f_sweep,165,scale_free,10,10,100,196,3.92,4,20,5,200000,0,100,1,76500,True
f_sweep,axelrod_f_sweep,166,scale_free,10,10,100,196,3.92,4,20,5,200000,0,100,1,85900,True
f_sweep,axelrod_f_sweep,167,scale_free,10,10,100,196,3.92,4,20,5,200000,0,100,1,98000,True
f_sweep,axelrod_f_sweep,168,scale_free,10,10,100,196,3.92,4,20,5,200000,0,100,1,72400,True
f_sweep,axelrod_f_sweep,169,scale_free,10,10,100,196,3.92,4,20,5,200000,0,100,1,90700,True
f_sweep,axelrod_f_sweep,170,scale_free,10,10,100,196,3.92,4,20,5,200000,0,100,1,66500,True
f_sweep,axelrod_f_sweep,171,scale_free,10,10,100,196,3.92,4,20,5,200000,0,100,1,73200,True
f_sweep,axelrod_f_sweep,172,scale_free,10,10,100,196,3.92,4,20,5,200000,0,100,1,80400,True
f_sweep,axelrod_f_sweep,173,scale_free,10,10,100,196,3.92,4,20,5,200000,0,100,1,84900,True
f_sweep,axelrod_f_sweep,174,scale_free,10,10,100,196,3.92,4,20,5,200000,0,100,1,75800,True
f_sweep,axelrod_f_sweep,175,scale_free,10,10,100,196,3.92,4,20,5,200000,0,100,1,85700,True
f_sweep,axelrod_f_sweep,176,scale_free,10,10,100,196,3.92,4,20,5,200000,0,100,1,56500,True
f_sweep,axelrod_f_sweep,177,scale_free,10,10,100,196,3.92,4,20,5,200000,0,100,1,69000,True
f_sweep,axelrod_f_sweep,178,scale_free,10,10,100,196,3.92,4,20,5,200000,0,100,1,96900,True
f_sweep,axelrod_f_sweep,179,scale_free,10,10,100,196,3.92,4,20,5,200000,0,100,1,62900,True
f_sweep,axelrod_f_sweep,180,scale_free,10,10,100,196,3.92,4,20,5,200000,0,100,1,77800,True
f_sweep,axelrod_f_sweep,181,scale_free,10,10,100,196,3.92,4,20,5,200000,0,100,1,80000,True
f_sweep,axelrod_f_sweep,182,scale_free,10,10,100,196,3.92,4,20,5,200000,0,100,1,68600,True
f_sweep,axelrod_f_sweep,183,scale_free,10,10,100,196,3.92,4,20,5,200000,0,100,1,67000,True
f_sweep,axelrod_f_sweep,184,scale_free,10,10,100,196,3.92,4,20,5,200000,0,100,1,61200,True
f_sweep,axelrod_f_sweep,185,scale_free,10,10,100,196,3.92,4,20,5,200000,0,100,1,82200,True
f_sweep,axelrod_f_sweep,186,scale_free,10,10,100,196,3.92,4,20,5,200000,0,100,1,67200,True
f_sweep,axelrod_f_sweep,187,scale_free,10,10,100,196,3.92,4,20,5,200000,0,100,1,96300,True
f_sweep,axelrod_f_sweep,188,scale_free,10,10,100,196,3.92,4,20,5,200000,0,100,1,69900,True
f_sweep,axelrod_f_sweep,189,scale_free,10,10,100,196,3.92,4,20,5,200000,0,100,1,70700,True
f_sweep,axelrod_f_sweep,190,scale_free,10,10,100,196,3.92,4,20,5,200000,0,100,1,79300,True
f_sweep,axelrod_f_sweep,191,scale_free,10,10,100,196,3.92,4,20,5,200000,0,100,1,69500,True
f_sweep,axelrod_f_sweep,192,scale_free,10,10,100,196,3.92,4,20,5,200000,0,100,1,66500,True
f_sweep,axelrod_f_sweep,193,scale_free,10,10,100,196,3.92,4,20,5,200000,0,100,1,89900,True
f_sweep,axelrod_f_sweep,194,scale_free,10,10,100,196,3.92,4,20,5,200000,0,100,1,75300,True
f_sweep,axelrod_f_sweep,195,scale_free,10,10,100,196,3.92,4,20,5,200000,0,100,1,66000,True
f_sweep,axelrod_f_sweep,196,scale_free,10,10,100,196,3.92,4,20,5,200000,0,100,1,71700,True
f_sweep,axelrod_f_sweep,197,scale_free,10,10,100,196,3.92,4,20,5,200000,0,100,1,75600,True
f_sweep,axelrod_f_sweep,198,scale_free,10,10,100,196,3.92,4,20,5,200000,0,100,1,72000,True
f_sweep,axelrod_f_sweep,199,scale_free,10,10,100,196,3.92,4,20,5,200000,0,100,1,67100,True
f_sweep,axelrod_f_sweep,0,complete,10,10,100,4950,99.0,4,3,5,200000,0,61,2,29600,True
f_sweep,axelrod_f_sweep,1,complete,10,10,100,4950,99.0,4,3,5,200000,0,72,1,52500,True
f_sweep,axelrod_f_sweep,2,complete,10,10,100,4950,99.0,4,3,5,200000,0,69,2,42400,True
f_sweep,axelrod_f_sweep,3,complete,10,10,100,4950,99.0,4,3,5,200000,0,67,1,28400,True
f_sweep,axelrod_f_sweep,4,complete,10,10,100,4950,99.0,4,3,5,200000,0,66,1,34600,True
f_sweep,axelrod_f_sweep,5,complete,10,10,100,4950,99.0,4,3,5,200000,0,64,1,27300,True
f_sweep,axelrod_f_sweep,6,complete,10,10,100,4950,99.0,4,3,5,200000,0,68,2,33100,True
f_sweep,axelrod_f_sweep,7,complete,10,10,100,4950,99.0,4,3,5,200000,0,69,2,45800,True
f_sweep,axelrod_f_sweep,8,complete,10,10,100,4950,99.0,4,3,5,200000,0,75,2,30900,True
f_sweep,axelrod_f_sweep,9,complete,10,10,100,4950,99.0,4,3,5,200000,0,67,1,43900,True
f_sweep,axelrod_f_sweep,10,complete,10,10,100,4950,99.0,4,3,5,200000,0,61,2,68400,True
f_sweep,axelrod_f_sweep,11,complete,10,10,100,4950,99.0,4,3,5,200000,0,73,1,54900,True
f_sweep,axelrod_f_sweep,12,complete,10,10,100,4950,99.0,4,3,5,200000,0,71,1,41700,True
f_sweep,axelrod_f_sweep,13,complete,10,10,100,4950,99.0,4,3,5,200000,0,71,3,38900,True
f_sweep,axelrod_f_sweep,14,complete,10,10,100,4950,99.0,4,3,5,200000,0,69,1,39200,True
f_sweep,axelrod_f_sweep,15,complete,10,10,100,4950,99.0,4,3,5,200000,0,61,1,35300,True
f_sweep,axelrod_f_sweep,16,complete,10,10,100,4950,99.0,4,3,5,200000,0,66,1,25000,True
f_sweep,axelrod_f_sweep,17,complete,10,10,100,4950,99.0,4,3,5,200000,0,66,1,36200,True
f_sweep,axelrod_f_sweep,18,complete,10,10,100,4950,99.0,4,3,5,200000,0,68,1,37500,True
f_sweep,axelrod_f_sweep,19,complete,10,10,100,4950,99.0,4,3,5,200000,0,65,1,28100,True
f_sweep,axelrod_f_sweep,20,complete,10,10,100,4950,99.0,4,3,5,200000,0,67,1,29100,True
f_sweep,axelrod_f_sweep,21,complete,10,10,100,4950,99.0,4,3,5,200000,0,68,2,31700,True
f_sweep,axelrod_f_sweep,22,complete,10,10,100,4950,99.0,4,3,5,200000,0,68,2,29100,True
f_sweep,axelrod_f_sweep,23,complete,10,10,100,4950,99.0,4,3,5,200000,0,71,1,26200,True
f_sweep,axelrod_f_sweep,24,complete,10,10,100,4950,99.0,4,3,5,200000,0,68,1,29000,True
f_sweep,axelrod_f_sweep,25,complete,10,10,100,4950,99.0,4,3,5,200000,0,69,1,54100,True
f_sweep,axelrod_f_sweep,26,complete,10,10,100,4950,99.0,4,3,5,200000,0,70,1,37400,True
f_sweep,axelrod_f_sweep,27,complete,10,10,100,4950,99.0,4,3,5,200000,0,67,2,37300,True
f_sweep,axelrod_f_sweep,28,complete,10,10,100,4950,99.0,4,3,5,200000,0,70,1,49300,True
f_sweep,axelrod_f_sweep,29,complete,10,10,100,4950,99.0,4,3,5,200000,0,66,1,39500,True
f_sweep,axelrod_f_sweep,30,complete,10,10,100,4950,99.0,4,3,5,200000,0,70,1,58800,True
f_sweep,axelrod_f_sweep,31,complete,10,10,100,4950,99.0,4,3,5,200000,0,71,1,42500,True
f_sweep,axelrod_f_sweep,32,complete,10,10,100,4950,99.0,4,3,5,200000,0,72,2,39300,True
f_sweep,axelrod_f_sweep,33,complete,10,10,100,4950,99.0,4,3,5,200000,0,71,1,28500,True
f_sweep,axelrod_f_sweep,34,complete,10,10,100,4950,99.0,4,3,5,200000,0,69,1,44100,True
f_sweep,axelrod_f_sweep,35,complete,10,10,100,4950,99.0,4,3,5,200000,0,70,1,30000,True
f_sweep,axelrod_f_sweep,36,complete,10,10,100,4950,99.0,4,3,5,200000,0,66,1,56300,True
f_sweep,axelrod_f_sweep,37,complete,10,10,100,4950,99.0,4,3,5,200000,0,69,1,26300,True
f_sweep,axelrod_f_sweep,38,complete,10,10,100,4950,99.0,4,3,5,200000,0,70,2,60900,True
f_sweep,axelrod_f_sweep,39,complete,10,10,100,4950,99.0,4,3,5,200000,0,64,2,48300,True
f_sweep,axelrod_f_sweep,40,complete,10,10,100,4950,99.0,4,3,5,200000,0,70,1,79200,True
f_sweep,axelrod_f_sweep,41,complete,10,10,100,4950,99.0,4,3,5,200000,0,69,1,40500,True
f_sweep,axelrod_f_sweep,42,complete,10,10,100,4950,99.0,4,3,5,200000,0,68,2,23800,True
f_sweep,axelrod_f_sweep,43,complete,10,10,100,4950,99.0,4,3,5,200000,0,71,1,33300,True
f_sweep,axelrod_f_sweep,44,complete,10,10,100,4950,99.0,4,3,5,200000,0,68,1,37100,True
f_sweep,axelrod_f_sweep,45,complete,10,10,100,4950,99.0,4,3,5,200000,0,74,1,28100,True
f_sweep,axelrod_f_sweep,46,complete,10,10,100,4950,99.0,4,3,5,200000,0,74,2,20700,True
f_sweep,axelrod_f_sweep,47,complete,10,10,100,4950,99.0,4,3,5,200000,0,67,1,28400,True
f_sweep,axelrod_f_sweep,48,complete,10,10,100,4950,99.0,4,3,5,200000,0,67,1,34000,True
f_sweep,axelrod_f_sweep,49,complete,10,10,100,4950,99.0,4,3,5,200000,0,73,2,34600,True
f_sweep,axelrod_f_sweep,50,complete,10,10,100,4950,99.0,4,3,5,200000,0,63,1,66400,True
f_sweep,axelrod_f_sweep,51,complete,10,10,100,4950,99.0,4,3,5,200000,0,64,1,55400,True
f_sweep,axelrod_f_sweep,52,complete,10,10,100,4950,99.0,4,3,5,200000,0,76,1,39000,True
f_sweep,axelrod_f_sweep,53,complete,10,10,100,4950,99.0,4,3,5,200000,0,70,1,62200,True
f_sweep,axelrod_f_sweep,54,complete,10,10,100,4950,99.0,4,3,5,200000,0,68,1,41500,True
f_sweep,axelrod_f_sweep,55,complete,10,10,100,4950,99.0,4,3,5,200000,0,72,1,48800,True
f_sweep,axelrod_f_sweep,56,complete,10,10,100,4950,99.0,4,3,5,200000,0,72,1,25600,True
f_sweep,axelrod_f_sweep,57,complete,10,10,100,4950,99.0,4,3,5,200000,0,73,1,36900,True
f_sweep,axelrod_f_sweep,58,complete,10,10,100,4950,99.0,4,3,5,200000,0,68,1,45500,True
f_sweep,axelrod_f_sweep,59,complete,10,10,100,4950,99.0,4,3,5,200000,0,74,2,27500,True
f_sweep,axelrod_f_sweep,60,complete,10,10,100,4950,99.0,4,3,5,200000,0,72,1,34600,True
f_sweep,axelrod_f_sweep,61,complete,10,10,100,4950,99.0,4,3,5,200000,0,68,2,18700,True
f_sweep,axelrod_f_sweep,62,complete,10,10,100,4950,99.0,4,3,5,200000,0,71,1,29100,True
f_sweep,axelrod_f_sweep,63,complete,10,10,100,4950,99.0,4,3,5,200000,0,72,1,49400,True
f_sweep,axelrod_f_sweep,64,complete,10,10,100,4950,99.0,4,3,5,200000,0,72,1,54500,True
f_sweep,axelrod_f_sweep,65,complete,10,10,100,4950,99.0,4,3,5,200000,0,64,1,26100,True
f_sweep,axelrod_f_sweep,66,complete,10,10,100,4950,99.0,4,3,5,200000,0,73,3,49800,True
f_sweep,axelrod_f_sweep,67,complete,10,10,100,4950,99.0,4,3,5,200000,0,73,1,32900,True
f_sweep,axelrod_f_sweep,68,complete,10,10,100,4950,99.0,4,3,5,200000,0,58,2,32500,True
f_sweep,axelrod_f_sweep,69,complete,10,10,100,4950,99.0,4,3,5,200000,0,65,2,41400,True
f_sweep,axelrod_f_sweep,70,complete,10,10,100,4950,99.0,4,3,5,200000,0,70,1,64400,True
f_sweep,axelrod_f_sweep,71,complete,10,10,100,4950,99.0,4,3,5,200000,0,71,1,41100,True
f_sweep,axelrod_f_sweep,72,complete,10,10,100,4950,99.0,4,3,5,200000,0,74,1,29700,True
f_sweep,axelrod_f_sweep,73,complete,10,10,100,4950,99.0,4,3,5,200000,0,72,3,36900,True
f_sweep,axelrod_f_sweep,74,complete,10,10,100,4950,99.0,4,3,5,200000,0,70,2,52300,True
f_sweep,axelrod_f_sweep,75,complete,10,10,100,4950,99.0,4,3,5,200000,0,66,2,24500,True
f_sweep,axelrod_f_sweep,76,complete,10,10,100,4950,99.0,4,3,5,200000,0,70,1,33400,True
f_sweep,axelrod_f_sweep,77,complete,10,10,100,4950,99.0,4,3,5,200000,0,69,2,40000,True
f_sweep,axelrod_f_sweep,78,complete,10,10,100,4950,99.0,4,3,5,200000,0,73,1,46000,True
f_sweep,axelrod_f_sweep,79,complete,10,10,100,4950,99.0,4,3,5,200000,0,70,1,26000,True
f_sweep,axelrod_f_sweep,80,complete,10,10,100,4950,99.0,4,3,5,200000,0,68,2,44200,True
f_sweep,axelrod_f_sweep,81,complete,10,10,100,4950,99.0,4,3,5,200000,0,75,1,26900,True
f_sweep,axelrod_f_sweep,82,complete,10,10,100,4950,99.0,4,3,5,200000,0,67,1,33000,True
f_sweep,axelrod_f_sweep,83,complete,10,10,100,4950,99.0,4,3,5,200000,0,69,2,20200,True
f_sweep,axelrod_f_sweep,84,complete,10,10,100,4950,99.0,4,3,5,200000,0,67,2,33300,True
f_sweep,axelrod_f_sweep,85,complete,10,10,100,4950,99.0,4,3,5,200000,0,65,1,28300,True
f_sweep,axelrod_f_sweep,86,complete,10,10,100,4950,99.0,4,3,5,200000,0,67,1,44000,True
f_sweep,axelrod_f_sweep,87,complete,10,10,100,4950,99.0,4,3,5,200000,0,73,2,50500,True
f_sweep,axelrod_f_sweep,88,complete,10,10,100,4950,99.0,4,3,5,200000,0,67,1,42800,True
f_sweep,axelrod_f_sweep,89,complete,10,10,100,4950,99.0,4,3,5,200000,0,66,1,48100,True
f_sweep,axelrod_f_sweep,90,complete,10,10,100,4950,99.0,4,3,5,200000,0,65,1,55300,True
f_sweep,axelrod_f_sweep,91,complete,10,10,100,4950,99.0,4,3,5,200000,0,70,1,37600,True
f_sweep,axelrod_f_sweep,92,complete,10,10,100,4950,99.0,4,3,5,200000,0,68,1,35900,True
f_sweep,axelrod_f_sweep,93,complete,10,10,100,4950,99.0,4,3,5,200000,0,68,1,51000,True
f_sweep,axelrod_f_sweep,94,complete,10,10,100,4950,99.0,4,3,5,200000,0,69,2,37100,True
f_sweep,axelrod_f_sweep,95,complete,10,10,100,4950,99.0,4,3,5,200000,0,68,1,34700,True
f_sweep,axelrod_f_sweep,96,complete,10,10,100,4950,99.0,4,3,5,200000,0,72,1,52900,True
f_sweep,axelrod_f_sweep,97,complete,10,10,100,4950,99.0,4,3,5,200000,0,69,1,31700,True
f_sweep,axelrod_f_sweep,98,complete,10,10,100,4950,99.0,4,3,5,200000,0,66,1,33100,True
f_sweep,axelrod_f_sweep,99,complete,10,10,100,4950,99.0,4,3,5,200000,0,73,2,54500,True
f_sweep,axelrod_f_sweep,100,complete,10,10,100,4950,99.0,4,3,5,200000,0,69,1,21900,True
f_sweep,axelrod_f_sweep,101,complete,10,10,100,4950,99.0,4,3,5,200000,0,70,2,27700,True
f_sweep,axelrod_f_sweep,102,complete,10,10,100,4950,99.0,4,3,5,200000,0,63,1,43500,True
f_sweep,axelrod_f_sweep,103,complete,10,10,100,4950,99.0,4,3,5,200000,0,71,1,50300,True
f_sweep,axelrod_f_sweep,104,complete,10,10,100,4950,99.0,4,3,5,200000,0,68,1,48600,True
f_sweep,axelrod_f_sweep,105,complete,10,10,100,4950,99.0,4,3,5,200000,0,67,1,42300,True
f_sweep,axelrod_f_sweep,106,complete,10,10,100,4950,99.0,4,3,5,200000,0,74,2,24700,True
f_sweep,axelrod_f_sweep,107,complete,10,10,100,4950,99.0,4,3,5,200000,0,69,2,60200,True
f_sweep,axelrod_f_sweep,108,complete,10,10,100,4950,99.0,4,3,5,200000,0,68,1,32800,True
f_sweep,axelrod_f_sweep,109,complete,10,10,100,4950,99.0,4,3,5,200000,0,73,1,21500,True
f_sweep,axelrod_f_sweep,110,complete,10,10,100,4950,99.0,4,3,5,200000,0,71,1,37800,True
f_sweep,axelrod_f_sweep,111,complete,10,10,100,4950,99.0,4,3,5,200000,0,71,1,24200,True
f_sweep,axelrod_f_sweep,112,complete,10,10,100,4950,99.0,4,3,5,200000,0,73,1,28200,True
f_sweep,axelrod_f_sweep,113,complete,10,10,100,4950,99.0,4,3,5,200000,0,72,1,54600,True
f_sweep,axelrod_f_sweep,114,complete,10,10,100,4950,99.0,4,3,5,200000,0,67,2,33500,True
f_sweep,axelrod_f_sweep,115,complete,10,10,100,4950,99.0,4,3,5,200000,0,67,1,62200,True
f_sweep,axelrod_f_sweep,116,complete,10,10,100,4950,99.0,4,3,5,200000,0,66,1,55900,True
f_sweep,axelrod_f_sweep,117,complete,10,10,100,4950,99.0,4,3,5,200000,0,67,1,52200,True
f_sweep,axelrod_f_sweep,118,complete,10,10,100,4950,99.0,4,3,5,200000,0,74,1,32600,True
f_sweep,axelrod_f_sweep,119,complete,10,10,100,4950,99.0,4,3,5,200000,0,71,1,29100,True
f_sweep,axelrod_f_sweep,120,complete,10,10,100,4950,99.0,4,3,5,200000,0,65,1,24100,True
f_sweep,axelrod_f_sweep,121,complete,10,10,100,4950,99.0,4,3,5,200000,0,67,1,36800,True
f_sweep,axelrod_f_sweep,122,complete,10,10,100,4950,99.0,4,3,5,200000,0,63,2,43800,True
f_sweep,axelrod_f_sweep,123,complete,10,10,100,4950,99.0,4,3,5,200000,0,74,1,44300,True
f_sweep,axelrod_f_sweep,124,complete,10,10,100,4950,99.0,4,3,5,200000,0,70,2,47800,True
f_sweep,axelrod_f_sweep,125,complete,10,10,100,4950,99.0,4,3,5,200000,0,68,1,30200,True
f_sweep,axelrod_f_sweep,126,complete,10,10,100,4950,99.0,4,3,5,200000,0,70,1,30000,True
f_sweep,axelrod_f_sweep,127,complete,10,10,100,4950,99.0,4,3,5,200000,0,71,1,46800,True
f_sweep,axelrod_f_sweep,128,complete,10,10,100,4950,99.0,4,3,5,200000,0,64,1,46700,True
f_sweep,axelrod_f_sweep,129,complete,10,10,100,4950,99.0,4,3,5,200000,0,65,1,30200,True
f_sweep,axelrod_f_sweep,130,complete,10,10,100,4950,99.0,4,3,5,200000,0,64,1,35100,True
f_sweep,axelrod_f_sweep,131,complete,10,10,100,4950,99.0,4,3,5,200000,0,72,1,28800,True
f_sweep,axelrod_f_sweep,132,complete,10,10,100,4950,99.0,4,3,5,200000,0,74,1,35400,True
f_sweep,axelrod_f_sweep,133,complete,10,10,100,4950,99.0,4,3,5,200000,0,70,2,41100,True
f_sweep,axelrod_f_sweep,134,complete,10,10,100,4950,99.0,4,3,5,200000,0,66,1,28200,True
f_sweep,axelrod_f_sweep,135,complete,10,10,100,4950,99.0,4,3,5,200000,0,69,1,43800,True
f_sweep,axelrod_f_sweep,136,complete,10,10,100,4950,99.0,4,3,5,200000,0,69,1,54200,True
f_sweep,axelrod_f_sweep,137,complete,10,10,100,4950,99.0,4,3,5,200000,0,63,1,25000,True
f_sweep,axelrod_f_sweep,138,complete,10,10,100,4950,99.0,4,3,5,200000,0,71,2,25100,True
f_sweep,axelrod_f_sweep,139,complete,10,10,100,4950,99.0,4,3,5,200000,0,69,1,44500,True
f_sweep,axelrod_f_sweep,140,complete,10,10,100,4950,99.0,4,3,5,200000,0,70,1,30300,True
f_sweep,axelrod_f_sweep,141,complete,10,10,100,4950,99.0,4,3,5,200000,0,71,1,76000,True
f_sweep,axelrod_f_sweep,142,complete,10,10,100,4950,99.0,4,3,5,200000,0,75,1,56400,True
f_sweep,axelrod_f_sweep,143,complete,10,10,100,4950,99.0,4,3,5,200000,0,69,1,32400,True
f_sweep,axelrod_f_sweep,144,complete,10,10,100,4950,99.0,4,3,5,200000,0,65,1,65500,True
f_sweep,axelrod_f_sweep,145,complete,10,10,100,4950,99.0,4,3,5,200000,0,67,1,38800,True
f_sweep,axelrod_f_sweep,146,complete,10,10,100,4950,99.0,4,3,5,200000,0,72,1,34700,True
f_sweep,axelrod_f_sweep,147,complete,10,10,100,4950,99.0,4,3,5,200000,0,66,2,33700,True
f_sweep,axelrod_f_sweep,148,complete,10,10,100,4950,99.0,4,3,5,200000,0,75,2,32500,True
f_sweep,axelrod_f_sweep,149,complete,10,10,100,4950,99.0,4,3,5,200000,0,67,1,39100,True
f_sweep,axelrod_f_sweep,150,complete,10,10,100,4950,99.0,4,3,5,200000,0,69,1,30100,True
f_sweep,axelrod_f_sweep,151,complete,10,10,100,4950,99.0,4,3,5,200000,0,73,1,47900,True
f_sweep,axelrod_f_sweep,152,complete,10,10,100,4950,99.0,4,3,5,200000,0,70,1,47200,True
f_sweep,axelrod_f_sweep,153,complete,10,10,100,4950,99.0,4,3,5,200000,0,67,2,38700,True
f_sweep,axelrod_f_sweep,154,complete,10,10,100,4950,99.0,4,3,5,200000,0,68,1,32900,True
f_sweep,axelrod_f_sweep,155,complete,10,10,100,4950,99.0,4,3,5,200000,0,63,1,26700,True
f_sweep,axelrod_f_sweep,156,complete,10,10,100,4950,99.0,4,3,5,200000,0,71,1,57700,True
f_sweep,axelrod_f_sweep,157,complete,10,10,100,4950,99.0,4,3,5,200000,0,69,1,20300,True
f_sweep,axelrod_f_sweep,158,complete,10,10,100,4950,99.0,4,3,5,200000,0,69,1,44000,True
f_sweep,axelrod_f_sweep,159,complete,10,10,100,4950,99.0,4,3,5,200000,0,65,1,35100,True
f_sweep,axelrod_f_sweep,160,complete,10,10,100,4950,99.0,4,3,5,200000,0,76,1,45400,True
f_sweep,axelrod_f_sweep,161,complete,10,10,100,4950,99.0,4,3,5,200000,0,67,1,59200,True
f_sweep,axelrod_f_sweep,162,complete,10,10,100,4950,99.0,4,3,5,200000,0,65,1,38000,True
f_sweep,axelrod_f_sweep,163,complete,10,10,100,4950,99.0,4,3,5,200000,0,72,1,35700,True
f_sweep,axelrod_f_sweep,164,complete,10,10,100,4950,99.0,4,3,5,200000,0,69,1,30600,True
f_sweep,axelrod_f_sweep,165,complete,10,10,100,4950,99.0,4,3,5,200000,0,67,1,38900,True
f_sweep,axelrod_f_sweep,166,complete,10,10,100,4950,99.0,4,3,5,200000,0,68,1,34100,True
f_sweep,axelrod_f_sweep,167,complete,10,10,100,4950,99.0,4,3,5,200000,0,72,3,19800,True
f_sweep,axelrod_f_sweep,168,complete,10,10,100,4950,99.0,4,3,5,200000,0,73,1,29600,True
f_sweep,axelrod_f_sweep,169,complete,10,10,100,4950,99.0,4,3,5,200000,0,67,1,46200,True
f_sweep,axelrod_f_sweep,170,complete,10,10,100,4950,99.0,4,3,5,200000,0,71,1,42200,True
f_sweep,axelrod_f_sweep,171,complete,10,10,100,4950,99.0,4,3,5,200000,0,71,1,37400,True
f_sweep,axelrod_f_sweep,172,complete,10,10,100,4950,99.0,4,3,5,200000,0,67,1,66500,True
f_sweep,axelrod_f_sweep,173,complete,10,10,100,4950,99.0,4,3,5,200000,0,69,2,29200,True
f_sweep,axelrod_f_sweep,174,complete,10,10,100,4950,99.0,4,3,5,200000,0,71,1,39200,True
f_sweep,axelrod_f_sweep,175,complete,10,10,100,4950,99.0,4,3,5,200000,0,69,2,21300,True
f_sweep,axelrod_f_sweep,176,complete,10,10,100,4950,99.0,4,3,5,200000,0,65,1,39700,True
f_sweep,axelrod_f_sweep,177,complete,10,10,100,4950,99.0,4,3,5,200000,0,73,1,70100,True
f_sweep,axelrod_f_sweep,178,complete,10,10,100,4950,99.0,4,3,5,200000,0,66,1,23000,True
f_sweep,axelrod_f_sweep,179,complete,10,10,100,4950,99.0,4,3,5,200000,0,63,1,55800,True
f_sweep,axelrod_f_sweep,180,complete,10,10,100,4950,99.0,4,3,5,200000,0,67,3,25300,True
f_sweep,axelrod_f_sweep,181,complete,10,10,100,4950,99.0,4,3,5,200000,0,65,1,39000,True
f_sweep,axelrod_f_sweep,182,complete,10,10,100,4950,99.0,4,3,5,200000,0,72,1,52800,True
f_sweep,axelrod_f_sweep,183,complete,10,10,100,4950,99.0,4,3,5,200000,0,74,1,32000,True
f_sweep,axelrod_f_sweep,184,complete,10,10,100,4950,99.0,4,3,5,200000,0,70,1,37500,True
f_sweep,axelrod_f_sweep,185,complete,10,10,100,4950,99.0,4,3,5,200000,0,68,2,37800,True
f_sweep,axelrod_f_sweep,186,complete,10,10,100,4950,99.0,4,3,5,200000,0,72,1,40000,True
f_sweep,axelrod_f_sweep,187,complete,10,10,100,4950,99.0,4,3,5,200000,0,66,1,36100,True
f_sweep,axelrod_f_sweep,188,complete,10,10,100,4950,99.0,4,3,5,200000,0,71,1,27800,True
f_sweep,axelrod_f_sweep,189,complete,10,10,100,4950,99.0,4,3,5,200000,0,76,1,58200,True
f_sweep,axelrod_f_sweep,190,complete,10,10,100,4950,99.0,4,3,5,200000,0,71,2,35900,True
f_sweep,axelrod_f_sweep,191,complete,10,10,100,4950,99.0,4,3,5,200000,0,73,1,43300,True
f_sweep,axelrod_f_sweep,192,complete,10,10,100,4950,99.0,4,3,5,200000,0,66,1,28700,True
f_sweep,axelrod_f_sweep,193,complete,10,10,100,4950,99.0,4,3,5,200000,0,71,1,23300,True
f_sweep,axelrod_f_sweep,194,complete,10,10,100,4950,99.0,4,3,5,200000,0,68,1,35400,True
f_sweep,axelrod_f_sweep,195,complete,10,10,100,4950,99.0,4,3,5,200000,0,72,1,63400,True
f_sweep,axelrod_f_sweep,196,complete,10,10,100,4950,99.0,4,3,5,200000,0,69,3,24400,True
f_sweep,axelrod_f_sweep,197,complete,10,10,100,4950,99.0,4,3,5,200000,0,74,1,42600,True
f_sweep,axelrod_f_sweep,198,complete,10,10,100,4950,99.0,4,3,5,200000,0,69,1,48700,True
f_sweep,axelrod_f_sweep,199,complete,10,10,100,4950,99.0,4,3,5,200000,0,68,2,39300,True
f_sweep,axelrod_f_sweep,0,complete,10,10,100,4950,99.0,4,5,5,200000,0,99,1,33600,True
f_sweep,axelrod_f_sweep,1,complete,10,10,100,4950,99.0,4,5,5,200000,0,99,1,60500,True
f_sweep,axelrod_f_sweep,2,complete,10,10,100,4950,99.0,4,5,5,200000,0,99,1,45900,True
f_sweep,axelrod_f_sweep,3,complete,10,10,100,4950,99.0,4,5,5,200000,0,99,1,44100,True
f_sweep,axelrod_f_sweep,4,complete,10,10,100,4950,99.0,4,5,5,200000,0,100,1,57400,True
f_sweep,axelrod_f_sweep,5,complete,10,10,100,4950,99.0,4,5,5,200000,0,100,1,38100,True
f_sweep,axelrod_f_sweep,6,complete,10,10,100,4950,99.0,4,5,5,200000,0,100,1,50400,True
f_sweep,axelrod_f_sweep,7,complete,10,10,100,4950,99.0,4,5,5,200000,0,98,1,42100,True
f_sweep,axelrod_f_sweep,8,complete,10,10,100,4950,99.0,4,5,5,200000,0,99,1,55700,True
f_sweep,axelrod_f_sweep,9,complete,10,10,100,4950,99.0,4,5,5,200000,0,100,1,52200,True
f_sweep,axelrod_f_sweep,10,complete,10,10,100,4950,99.0,4,5,5,200000,0,100,1,63200,True
f_sweep,axelrod_f_sweep,11,complete,10,10,100,4950,99.0,4,5,5,200000,0,99,1,60100,True
f_sweep,axelrod_f_sweep,12,complete,10,10,100,4950,99.0,4,5,5,200000,0,98,1,31600,True
f_sweep,axelrod_f_sweep,13,complete,10,10,100,4950,99.0,4,5,5,200000,0,96,1,44400,True
f_sweep,axelrod_f_sweep,14,complete,10,10,100,4950,99.0,4,5,5,200000,0,100,1,54900,True
f_sweep,axelrod_f_sweep,15,complete,10,10,100,4950,99.0,4,5,5,200000,0,99,1,41500,True
f_sweep,axelrod_f_sweep,16,complete,10,10,100,4950,99.0,4,5,5,200000,0,100,1,46900,True
f_sweep,axelrod_f_sweep,17,complete,10,10,100,4950,99.0,4,5,5,200000,0,99,1,45900,True
f_sweep,axelrod_f_sweep,18,complete,10,10,100,4950,99.0,4,5,5,200000,0,100,1,49700,True
f_sweep,axelrod_f_sweep,19,complete,10,10,100,4950,99.0,4,5,5,200000,0,99,1,42500,True
f_sweep,axelrod_f_sweep,20,complete,10,10,100,4950,99.0,4,5,5,200000,0,100,1,42200,True
f_sweep,axelrod_f_sweep,21,complete,10,10,100,4950,99.0,4,5,5,200000,0,97,1,82800,True
f_sweep,axelrod_f_sweep,22,complete,10,10,100,4950,99.0,4,5,5,200000,0,98,1,56400,True
f_sweep,axelrod_f_sweep,23,complete,10,10,100,4950,99.0,4,5,5,200000,0,98,1,58600,True
f_sweep,axelrod_f_sweep,24,complete,10,10,100,4950,99.0,4,5,5,200000,0,100,1,50900,True
f_sweep,axelrod_f_sweep,25,complete,10,10,100,4950,99.0,4,5,5,200000,0,99,1,52500,True
f_sweep,axelrod_f_sweep,26,complete,10,10,100,4950,99.0,4,5,5,200000,0,100,1,59700,True
f_sweep,axelrod_f_sweep,27,complete,10,10,100,4950,99.0,4,5,5,200000,0,99,1,52700,True
f_sweep,axelrod_f_sweep,28,complete,10,10,100,4950,99.0,4,5,5,200000,0,100,1,50400,True
f_sweep,axelrod_f_sweep,29,complete,10,10,100,4950,99.0,4,5,5,200000,0,97,1,45100,True
f_sweep,axelrod_f_sweep,30,complete,10,10,100,4950,99.0,4,5,5,200000,0,100,1,30700,True
f_sweep,axelrod_f_sweep,31,complete,10,10,100,4950,99.0,4,5,5,200000,0,100,1,59400,True
f_sweep,axelrod_f_sweep,32,complete,10,10,100,4950,99.0,4,5,5,200000,0,96,1,56500,True
f_sweep,axelrod_f_sweep,33,complete,10,10,100,4950,99.0,4,5,5,200000,0,100,1,37900,True
f_sweep,axelrod_f_sweep,34,complete,10,10,100,4950,99.0,4,5,5,200000,0,98,1,48200,True
f_sweep,axelrod_f_sweep,35,complete,10,10,100,4950,99.0,4,5,5,200000,0,100,1,44700,True
f_sweep,axelrod_f_sweep,36,complete,10,10,100,4950,99.0,4,5,5,200000,0,99,1,39600,True
f_sweep,axelrod_f_sweep,37,complete,10,10,100,4950,99.0,4,5,5,200000,0,100,1,56800,True
f_sweep,axelrod_f_sweep,38,complete,10,10,100,4950,99.0,4,5,5,200000,0,100,1,43800,True
f_sweep,axelrod_f_sweep,39,complete,10,10,100,4950,99.0,4,5,5,200000,0,98,1,66300,True
f_sweep,axelrod_f_sweep,40,complete,10,10,100,4950,99.0,4,5,5,200000,0,98,1,30200,True
f_sweep,axelrod_f_sweep,41,complete,10,10,100,4950,99.0,4,5,5,200000,0,97,1,56600,True
f_sweep,axelrod_f_sweep,42,complete,10,10,100,4950,99.0,4,5,5,200000,0,99,1,50100,True
f_sweep,axelrod_f_sweep,43,complete,10,10,100,4950,99.0,4,5,5,200000,0,99,1,50700,True
f_sweep,axelrod_f_sweep,44,complete,10,10,100,4950,99.0,4,5,5,200000,0,100,1,56000,True
f_sweep,axelrod_f_sweep,45,complete,10,10,100,4950,99.0,4,5,5,200000,0,95,1,74100,True
f_sweep,axelrod_f_sweep,46,complete,10,10,100,4950,99.0,4,5,5,200000,0,98,1,39000,True
f_sweep,axelrod_f_sweep,47,complete,10,10,100,4950,99.0,4,5,5,200000,0,98,1,40800,True
f_sweep,axelrod_f_sweep,48,complete,10,10,100,4950,99.0,4,5,5,200000,0,98,1,40200,True
f_sweep,axelrod_f_sweep,49,complete,10,10,100,4950,99.0,4,5,5,200000,0,100,1,40500,True
f_sweep,axelrod_f_sweep,50,complete,10,10,100,4950,99.0,4,5,5,200000,0,99,1,71800,True
f_sweep,axelrod_f_sweep,51,complete,10,10,100,4950,99.0,4,5,5,200000,0,99,1,46000,True
f_sweep,axelrod_f_sweep,52,complete,10,10,100,4950,99.0,4,5,5,200000,0,100,1,48400,True
f_sweep,axelrod_f_sweep,53,complete,10,10,100,4950,99.0,4,5,5,200000,0,96,1,69900,True
f_sweep,axelrod_f_sweep,54,complete,10,10,100,4950,99.0,4,5,5,200000,0,98,1,48000,True
f_sweep,axelrod_f_sweep,55,complete,10,10,100,4950,99.0,4,5,5,200000,0,98,1,56500,True
f_sweep,axelrod_f_sweep,56,complete,10,10,100,4950,99.0,4,5,5,200000,0,100,1,55600,True
f_sweep,axelrod_f_sweep,57,complete,10,10,100,4950,99.0,4,5,5,200000,0,98,1,41900,True
f_sweep,axelrod_f_sweep,58,complete,10,10,100,4950,99.0,4,5,5,200000,0,98,1,54200,True
f_sweep,axelrod_f_sweep,59,complete,10,10,100,4950,99.0,4,5,5,200000,0,99,1,55700,True
f_sweep,axelrod_f_sweep,60,complete,10,10,100,4950,99.0,4,5,5,200000,0,99,1,36500,True
f_sweep,axelrod_f_sweep,61,complete,10,10,100,4950,99.0,4,5,5,200000,0,99,1,25300,True
f_sweep,axelrod_f_sweep,62,complete,10,10,100,4950,99.0,4,5,5,200000,0,100,1,46900,True
f_sweep,axelrod_f_sweep,63,complete,10,10,100,4950,99.0,4,5,5,200000,0,99,1,48700,True
f_sweep,axelrod_f_sweep,64,complete,10,10,100,4950,99.0,4,5,5,200000,0,99,1,62900,True
f_sweep,axelrod_f_sweep,65,complete,10,10,100,4950,99.0,4,5,5,200000,0,98,1,61700,True
f_sweep,axelrod_f_sweep,66,complete,10,10,100,4950,99.0,4,5,5,200000,0,97,1,81100,True
f_sweep,axelrod_f_sweep,67,complete,10,10,100,4950,99.0,4,5,5,200000,0,99,1,49600,True
f_sweep,axelrod_f_sweep,68,complete,10,10,100,4950,99.0,4,5,5,200000,0,98,1,47600,True
f_sweep,axelrod_f_sweep,69,complete,10,10,100,4950,99.0,4,5,5,200000,0,97,1,61000,True
f_sweep,axelrod_f_sweep,70,complete,10,10,100,4950,99.0,4,5,5,200000,0,100,1,57100,True
f_sweep,axelrod_f_sweep,71,complete,10,10,100,4950,99.0,4,5,5,200000,0,99,1,54600,True
f_sweep,axelrod_f_sweep,72,complete,10,10,100,4950,99.0,4,5,5,200000,0,100,1,75000,True
f_sweep,axelrod_f_sweep,73,complete,10,10,100,4950,99.0,4,5,5,200000,0,99,1,49200,True
f_sweep,axelrod_f_sweep,74,complete,10,10,100,4950,99.0,4,5,5,200000,0,99,1,45600,True
f_sweep,axelrod_f_sweep,75,complete,10,10,100,4950,99.0,4,5,5,200000,0,99,1,61400,True
f_sweep,axelrod_f_sweep,76,complete,10,10,100,4950,99.0,4,5,5,200000,0,98,1,46400,True
f_sweep,axelrod_f_sweep,77,complete,10,10,100,4950,99.0,4,5,5,200000,0,97,1,43700,True
f_sweep,axelrod_f_sweep,78,complete,10,10,100,4950,99.0,4,5,5,200000,0,98,1,45600,True
f_sweep,axelrod_f_sweep,79,complete,10,10,100,4950,99.0,4,5,5,200000,0,99,1,56900,True
f_sweep,axelrod_f_sweep,80,complete,10,10,100,4950,99.0,4,5,5,200000,0,100,1,47300,True
f_sweep,axelrod_f_sweep,81,complete,10,10,100,4950,99.0,4,5,5,200000,0,99,1,54800,True
f_sweep,axelrod_f_sweep,82,complete,10,10,100,4950,99.0,4,5,5,200000,0,99,1,35800,True
f_sweep,axelrod_f_sweep,83,complete,10,10,100,4950,99.0,4,5,5,200000,0,98,1,48000,True
f_sweep,axelrod_f_sweep,84,complete,10,10,100,4950,99.0,4,5,5,200000,0,99,1,51600,True
f_sweep,axelrod_f_sweep,85,complete,10,10,100,4950,99.0,4,5,5,200000,0,99,1,49100,True
f_sweep,axelrod_f_sweep,86,complete,10,10,100,4950,99.0,4,5,5,200000,0,99,1,61300,True
f_sweep,axelrod_f_sweep,87,complete,10,10,100,4950,99.0,4,5,5,200000,0,100,1,53400,True
f_sweep,axelrod_f_sweep,88,complete,10,10,100,4950,99.0,4,5,5,200000,0,98,1,56100,True
f_sweep,axelrod_f_sweep,89,complete,10,10,100,4950,99.0,4,5,5,200000,0,96,1,60100,True
f_sweep,axelrod_f_sweep,90,complete,10,10,100,4950,99.0,4,5,5,200000,0,98,1,40300,True
f_sweep,axelrod_f_sweep,91,complete,10,10,100,4950,99.0,4,5,5,200000,0,98,1,47700,True
f_sweep,axelrod_f_sweep,92,complete,10,10,100,4950,99.0,4,5,5,200000,0,98,1,52700,True
f_sweep,axelrod_f_sweep,93,complete,10,10,100,4950,99.0,4,5,5,200000,0,97,1,37700,True
f_sweep,axelrod_f_sweep,94,complete,10,10,100,4950,99.0,4,5,5,200000,0,100,1,55600,True
f_sweep,axelrod_f_sweep,95,complete,10,10,100,4950,99.0,4,5,5,200000,0,100,1,44900,True
f_sweep,axelrod_f_sweep,96,complete,10,10,100,4950,99.0,4,5,5,200000,0,98,1,86100,True
f_sweep,axelrod_f_sweep,97,complete,10,10,100,4950,99.0,4,5,5,200000,0,99,1,38300,True
f_sweep,axelrod_f_sweep,98,complete,10,10,100,4950,99.0,4,5,5,200000,0,99,1,37600,True
f_sweep,axelrod_f_sweep,99,complete,10,10,100,4950,99.0,4,5,5,200000,0,99,1,52300,True
f_sweep,axelrod_f_sweep,100,complete,10,10,100,4950,99.0,4,5,5,200000,0,96,1,70600,True
f_sweep,axelrod_f_sweep,101,complete,10,10,100,4950,99.0,4,5,5,200000,0,98,1,48900,True
f_sweep,axelrod_f_sweep,102,complete,10,10,100,4950,99.0,4,5,5,200000,0,97,1,32100,True
f_sweep,axelrod_f_sweep,103,complete,10,10,100,4950,99.0,4,5,5,200000,0,99,1,44200,True
f_sweep,axelrod_f_sweep,104,complete,10,10,100,4950,99.0,4,5,5,200000,0,98,1,51000,True
f_sweep,axelrod_f_sweep,105,complete,10,10,100,4950,99.0,4,5,5,200000,0,96,1,41800,True
f_sweep,axelrod_f_sweep,106,complete,10,10,100,4950,99.0,4,5,5,200000,0,100,1,53500,True
f_sweep,axelrod_f_sweep,107,complete,10,10,100,4950,99.0,4,5,5,200000,0,96,1,56600,True
f_sweep,axelrod_f_sweep,108,complete,10,10,100,4950,99.0,4,5,5,200000,0,98,1,54500,True
f_sweep,axelrod_f_sweep,109,complete,10,10,100,4950,99.0,4,5,5,200000,0,99,1,42700,True
f_sweep,axelrod_f_sweep,110,complete,10,10,100,4950,99.0,4,5,5,200000,0,97,1,45600,True
f_sweep,axelrod_f_sweep,111,complete,10,10,100,4950,99.0,4,5,5,200000,0,98,1,54900,True
f_sweep,axelrod_f_sweep,112,complete,10,10,100,4950,99.0,4,5,5,200000,0,96,1,50200,True
f_sweep,axelrod_f_sweep,113,complete,10,10,100,4950,99.0,4,5,5,200000,0,99,1,35000,True
f_sweep,axelrod_f_sweep,114,complete,10,10,100,4950,99.0,4,5,5,200000,0,97,1,58200,True
f_sweep,axelrod_f_sweep,115,complete,10,10,100,4950,99.0,4,5,5,200000,0,99,1,60600,True
f_sweep,axelrod_f_sweep,116,complete,10,10,100,4950,99.0,4,5,5,200000,0,99,1,52500,True
f_sweep,axelrod_f_sweep,117,complete,10,10,100,4950,99.0,4,5,5,200000,0,99,1,60800,True
f_sweep,axelrod_f_sweep,118,complete,10,10,100,4950,99.0,4,5,5,200000,0,99,1,52100,True
f_sweep,axelrod_f_sweep,119,complete,10,10,100,4950,99.0,4,5,5,200000,0,96,1,45900,True
f_sweep,axelrod_f_sweep,120,complete,10,10,100,4950,99.0,4,5,5,200000,0,99,1,50200,True
f_sweep,axelrod_f_sweep,121,complete,10,10,100,4950,99.0,4,5,5,200000,0,99,1,52900,True
f_sweep,axelrod_f_sweep,122,complete,10,10,100,4950,99.0,4,5,5,200000,0,99,1,44900,True
f_sweep,axelrod_f_sweep,123,complete,10,10,100,4950,99.0,4,5,5,200000,0,98,1,60400,True
f_sweep,axelrod_f_sweep,124,complete,10,10,100,4950,99.0,4,5,5,200000,0,99,1,46700,True
f_sweep,axelrod_f_sweep,125,complete,10,10,100,4950,99.0,4,5,5,200000,0,99,1,46800,True
f_sweep,axelrod_f_sweep,126,complete,10,10,100,4950,99.0,4,5,5,200000,0,95,1,44800,True
f_sweep,axelrod_f_sweep,127,complete,10,10,100,4950,99.0,4,5,5,200000,0,98,1,67200,True
f_sweep,axelrod_f_sweep,128,complete,10,10,100,4950,99.0,4,5,5,200000,0,100,2,44500,True
f_sweep,axelrod_f_sweep,129,complete,10,10,100,4950,99.0,4,5,5,200000,0,100,1,52200,True
f_sweep,axelrod_f_sweep,130,complete,10,10,100,4950,99.0,4,5,5,200000,0,97,1,50700,True
f_sweep,axelrod_f_sweep,131,complete,10,10,100,4950,99.0,4,5,5,200000,0,97,1,63500,True
f_sweep,axelrod_f_sweep,132,complete,10,10,100,4950,99.0,4,5,5,200000,0,98,1,50700,True
f_sweep,axelrod_f_sweep,133,complete,10,10,100,4950,99.0,4,5,5,200000,0,96,1,45800,True
f_sweep,axelrod_f_sweep,134,complete,10,10,100,4950,99.0,4,5,5,200000,0,97,1,71500,True
f_sweep,axelrod_f_sweep,135,complete,10,10,100,4950,99.0,4,5,5,200000,0,96,1,46200,True
f_sweep,axelrod_f_sweep,136,complete,10,10,100,4950,99.0,4,5,5,200000,0,99,1,54900,True
f_sweep,axelrod_f_sweep,137,complete,10,10,100,4950,99.0,4,5,5,200000,0,99,1,45600,True
f_sweep,axelrod_f_sweep,138,complete,10,10,100,4950,99.0,4,5,5,200000,0,99,1,35800,True
f_sweep,axelrod_f_sweep,139,complete,10,10,100,4950,99.0,4,5,5,200000,0,97,1,33200,True
f_sweep,axelrod_f_sweep,140,complete,10,10,100,4950,99.0,4,5,5,200000,0,96,1,45000,True
f_sweep,axelrod_f_sweep,141,complete,10,10,100,4950,99.0,4,5,5,200000,0,99,1,39400,True
f_sweep,axelrod_f_sweep,142,complete,10,10,100,4950,99.0,4,5,5,200000,0,99,1,65400,True
f_sweep,axelrod_f_sweep,143,complete,10,10,100,4950,99.0,4,5,5,200000,0,98,1,45700,True
f_sweep,axelrod_f_sweep,144,complete,10,10,100,4950,99.0,4,5,5,200000,0,98,2,39400,True
f_sweep,axelrod_f_sweep,145,complete,10,10,100,4950,99.0,4,5,5,200000,0,100,1,54100,True
f_sweep,axelrod_f_sweep,146,complete,10,10,100,4950,99.0,4,5,5,200000,0,98,1,52400,True
f_sweep,axelrod_f_sweep,147,complete,10,10,100,4950,99.0,4,5,5,200000,0,100,1,49100,True
f_sweep,axelrod_f_sweep,148,complete,10,10,100,4950,99.0,4,5,5,200000,0,98,1,33200,True
f_sweep,axelrod_f_sweep,149,complete,10,10,100,4950,99.0,4,5,5,200000,0,98,1,36600,True
f_sweep,axelrod_f_sweep,150,complete,10,10,100,4950,99.0,4,5,5,200000,0,99,1,65800,True
f_sweep,axelrod_f_sweep,151,complete,10,10,100,4950,99.0,4,5,5,200000,0,98,1,83300,True
f_sweep,axelrod_f_sweep,152,complete,10,10,100,4950,99.0,4,5,5,200000,0,97,1,49300,True
f_sweep,axelrod_f_sweep,153,complete,10,10,100,4950,99.0,4,5,5,200000,0,97,1,34400,True
f_sweep,axelrod_f_sweep,154,complete,10,10,100,4950,99.0,4,5,5,200000,0,98,1,77000,True
f_sweep,axelrod_f_sweep,155,complete,10,10,100,4950,99.0,4,5,5,200000,0,99,1,34400,True
f_sweep,axelrod_f_sweep,156,complete,10,10,100,4950,99.0,4,5,5,200000,0,98,1,58300,True
f_sweep,axelrod_f_sweep,157,complete,10,10,100,4950,99.0,4,5,5,200000,0,98,1,69600,True
f_sweep,axelrod_f_sweep,158,complete,10,10,100,4950,99.0,4,5,5,200000,0,100,1,70900,True
f_sweep,axelrod_f_sweep,159,complete,10,10,100,4950,99.0,4,5,5,200000,0,100,1,27700,True
f_sweep,axelrod_f_sweep,160,complete,10,10,100,4950,99.0,4,5,5,200000,0,99,1,58200,True
f_sweep,axelrod_f_sweep,161,complete,10,10,100,4950,99.0,4,5,5,200000,0,99,1,61500,True
f_sweep,axelrod_f_sweep,162,complete,10,10,100,4950,99.0,4,5,5,200000,0,97,1,59000,True
f_sweep,axelrod_f_sweep,163,complete,10,10,100,4950,99.0,4,5,5,200000,0,98,1,55000,True
f_sweep,axelrod_f_sweep,164,complete,10,10,100,4950,99.0,4,5,5,200000,0,98,1,70600,True
f_sweep,axelrod_f_sweep,165,complete,10,10,100,4950,99.0,4,5,5,200000,0,98,1,60300,True
f_sweep,axelrod_f_sweep,166,complete,10,10,100,4950,99.0,4,5,5,200000,0,98,1,38600,True
f_sweep,axelrod_f_sweep,167,complete,10,10,100,4950,99.0,4,5,5,200000,0,100,1,44200,True
f_sweep,axelrod_f_sweep,168,complete,10,10,100,4950,99.0,4,5,5,200000,0,96,1,65300,True
f_sweep,axelrod_f_sweep,169,complete,10,10,100,4950,99.0,4,5,5,200000,0,100,1,47800,True
f_sweep,axelrod_f_sweep,170,complete,10,10,100,4950,99.0,4,5,5,200000,0,100,1,67800,True
f_sweep,axelrod_f_sweep,171,complete,10,10,100,4950,99.0,4,5,5,200000,0,97,1,44200,True
f_sweep,axelrod_f_sweep,172,complete,10,10,100,4950,99.0,4,5,5,200000,0,98,1,43100,True
f_sweep,axelrod_f_sweep,173,complete,10,10,100,4950,99.0,4,5,5,200000,0,98,1,52100,True
f_sweep,axelrod_f_sweep,174,complete,10,10,100,4950,99.0,4,5,5,200000,0,99,1,55400,True
f_sweep,axelrod_f_sweep,175,complete,10,10,100,4950,99.0,4,5,5,200000,0,99,1,62900,True
f_sweep,axelrod_f_sweep,176,complete,10,10,100,4950,99.0,4,5,5,200000,0,98,1,79900,True
f_sweep,axelrod_f_sweep,177,complete,10,10,100,4950,99.0,4,5,5,200000,0,98,1,62100,True
f_sweep,axelrod_f_sweep,178,complete,10,10,100,4950,99.0,4,5,5,200000,0,99,1,46300,True
f_sweep,axelrod_f_sweep,179,complete,10,10,100,4950,99.0,4,5,5,200000,0,97,1,37300,True
f_sweep,axelrod_f_sweep,180,complete,10,10,100,4950,99.0,4,5,5,200000,0,97,1,44200,True
f_sweep,axelrod_f_sweep,181,complete,10,10,100,4950,99.0,4,5,5,200000,0,100,1,56700,True
f_sweep,axelrod_f_sweep,182,complete,10,10,100,4950,99.0,4,5,5,200000,0,100,1,50800,True
f_sweep,axelrod_f_sweep,183,complete,10,10,100,4950,99.0,4,5,5,200000,0,99,1,56500,True
f_sweep,axelrod_f_sweep,184,complete,10,10,100,4950,99.0,4,5,5,200000,0,98,1,49400,True
f_sweep,axelrod_f_sweep,185,complete,10,10,100,4950,99.0,4,5,5,200000,0,98,1,51900,True
f_sweep,axelrod_f_sweep,186,complete,10,10,100,4950,99.0,4,5,5,200000,0,97,1,33200,True
f_sweep,axelrod_f_sweep,187,complete,10,10,100,4950,99.0,4,5,5,200000,0,99,1,41800,True
f_sweep,axelrod_f_sweep,188,complete,10,10,100,4950,99.0,4,5,5,200000,0,98,1,49000,True
f_sweep,axelrod_f_sweep,189,complete,10,10,100,4950,99.0,4,5,5,200000,0,99,1,58300,True
f_sweep,axelrod_f_sweep,190,complete,10,10,100,4950,99.0,4,5,5,200000,0,100,1,40200,True
f_sweep,axelrod_f_sweep,191,complete,10,10,100,4950,99.0,4,5,5,200000,0,98,1,51400,True
f_sweep,axelrod_f_sweep,192,complete,10,10,100,4950,99.0,4,5,5,200000,0,99,1,63300,True
f_sweep,axelrod_f_sweep,193,complete,10,10,100,4950,99.0,4,5,5,200000,0,96,1,69600,True
f_sweep,axelrod_f_sweep,194,complete,10,10,100,4950,99.0,4,5,5,200000,0,98,1,44800,True
f_sweep,axelrod_f_sweep,195,complete,10,10,100,4950,99.0,4,5,5,200000,0,99,1,80100,True
f_sweep,axelrod_f_sweep,196,complete,10,10,100,4950,99.0,4,5,5,200000,0,99,1,60000,True
f_sweep,axelrod_f_sweep,197,complete,10,10,100,4950,99.0,4,5,5,200000,0,99,1,53900,True
f_sweep,axelrod_f_sweep,198,complete,10,10,100,4950,99.0,4,5,5,200000,0,99,1,52700,True
f_sweep,axelrod_f_sweep,199,complete,10,10,100,4950,99.0,4,5,5,200000,0,98,1,59000,True
f_sweep,axelrod_f_sweep,0,complete,10,10,100,4950,99.0,4,10,5,200000,0,100,1,96200,True
f_sweep,axelrod_f_sweep,1,complete,10,10,100,4950,99.0,4,10,5,200000,0,100,1,91300,True
f_sweep,axelrod_f_sweep,2,complete,10,10,100,4950,99.0,4,10,5,200000,0,100,1,93600,True
f_sweep,axelrod_f_sweep,3,complete,10,10,100,4950,99.0,4,10,5,200000,0,100,1,91600,True
f_sweep,axelrod_f_sweep,4,complete,10,10,100,4950,99.0,4,10,5,200000,0,100,1,113700,True
f_sweep,axelrod_f_sweep,5,complete,10,10,100,4950,99.0,4,10,5,200000,0,100,1,75100,True
f_sweep,axelrod_f_sweep,6,complete,10,10,100,4950,99.0,4,10,5,200000,0,100,1,122200,True
f_sweep,axelrod_f_sweep,7,complete,10,10,100,4950,99.0,4,10,5,200000,0,100,1,77300,True
f_sweep,axelrod_f_sweep,8,complete,10,10,100,4950,99.0,4,10,5,200000,0,100,1,71800,True
f_sweep,axelrod_f_sweep,9,complete,10,10,100,4950,99.0,4,10,5,200000,0,100,1,103200,True
f_sweep,axelrod_f_sweep,10,complete,10,10,100,4950,99.0,4,10,5,200000,0,100,1,59100,True
f_sweep,axelrod_f_sweep,11,complete,10,10,100,4950,99.0,4,10,5,200000,0,100,1,111000,True
f_sweep,axelrod_f_sweep,12,complete,10,10,100,4950,99.0,4,10,5,200000,0,100,1,93500,True
f_sweep,axelrod_f_sweep,13,complete,10,10,100,4950,99.0,4,10,5,200000,0,100,1,80500,True
f_sweep,axelrod_f_sweep,14,complete,10,10,100,4950,99.0,4,10,5,200000,0,100,1,71500,True
f_sweep,axelrod_f_sweep,15,complete,10,10,100,4950,99.0,4,10,5,200000,0,100,1,86000,True
f_sweep,axelrod_f_sweep,16,complete,10,10,100,4950,99.0,4,10,5,200000,0,100,1,69500,True
f_sweep,axelrod_f_sweep,17,complete,10,10,100,4950,99.0,4,10,5,200000,0,100,1,87300,True
f_sweep,axelrod_f_sweep,18,complete,10,10,100,4950,99.0,4,10,5,200000,0,100,1,100600,True
f_sweep,axelrod_f_sweep,19,complete,10,10,100,4950,99.0,4,10,5,200000,0,100,1,65400,True
f_sweep,axelrod_f_sweep,20,complete,10,10,100,4950,99.0,4,10,5,200000,0,100,1,100400,True
f_sweep,axelrod_f_sweep,21,complete,10,10,100,4950,99.0,4,10,5,200000,0,100,1,83600,True
f_sweep,axelrod_f_sweep,22,complete,10,10,100,4950,99.0,4,10,5,200000,0,100,1,88600,True
f_sweep,axelrod_f_sweep,23,complete,10,10,100,4950,99.0,4,10,5,200000,0,100,1,48400,True
f_sweep,axelrod_f_sweep,24,complete,10,10,100,4950,99.0,4,10,5,200000,0,100,1,101100,True
f_sweep,axelrod_f_sweep,25,complete,10,10,100,4950,99.0,4,10,5,200000,0,100,1,95300,True
f_sweep,axelrod_f_sweep,26,complete,10,10,100,4950,99.0,4,10,5,200000,0,100,1,87400,True
f_sweep,axelrod_f_sweep,27,complete,10,10,100,4950,99.0,4,10,5,200000,0,100,1,70700,True
f_sweep,axelrod_f_sweep,28,complete,10,10,100,4950,99.0,4,10,5,200000,0,100,1,71200,True
f_sweep,axelrod_f_sweep,29,complete,10,10,100,4950,99.0,4,10,5,200000,0,100,1,79600,True
f_sweep,axelrod_f_sweep,30,complete,10,10,100,4950,99.0,4,10,5,200000,0,100,1,68600,True
f_sweep,axelrod_f_sweep,31,complete,10,10,100,4950,99.0,4,10,5,200000,0,100,1,102500,True
f_sweep,axelrod_f_sweep,32,complete,10,10,100,4950,99.0,4,10,5,200000,0,100,1,104300,True
f_sweep,axelrod_f_sweep,33,complete,10,10,100,4950,99.0,4,10,5,200000,0,100,1,68000,True
f_sweep,axelrod_f_sweep,34,complete,10,10,100,4950,99.0,4,10,5,200000,0,100,1,104200,True
f_sweep,axelrod_f_sweep,35,complete,10,10,100,4950,99.0,4,10,5,200000,0,100,1,120500,True
f_sweep,axelrod_f_sweep,36,complete,10,10,100,4950,99.0,4,10,5,200000,0,100,1,80700,True
f_sweep,axelrod_f_sweep,37,complete,10,10,100,4950,99.0,4,10,5,200000,0,100,1,72300,True
f_sweep,axelrod_f_sweep,38,complete,10,10,100,4950,99.0,4,10,5,200000,0,100,1,124800,True
f_sweep,axelrod_f_sweep,39,complete,10,10,100,4950,99.0,4,10,5,200000,0,100,1,77300,True
f_sweep,axelrod_f_sweep,40,complete,10,10,100,4950,99.0,4,10,5,200000,0,100,1,64400,True
f_sweep,axelrod_f_sweep,41,complete,10,10,100,4950,99.0,4,10,5,200000,0,100,1,75200,True
f_sweep,axelrod_f_sweep,42,complete,10,10,100,4950,99.0,4,10,5,200000,0,100,1,98500,True
f_sweep,axelrod_f_sweep,43,complete,10,10,100,4950,99.0,4,10,5,200000,0,100,1,82700,True
f_sweep,axelrod_f_sweep,44,complete,10,10,100,4950,99.0,4,10,5,200000,0,100,1,89800,True
f_sweep,axelrod_f_sweep,45,complete,10,10,100,4950,99.0,4,10,5,200000,0,100,1,96600,True
f_sweep,axelrod_f_sweep,46,complete,10,10,100,4950,99.0,4,10,5,200000,0,100,1,76900,True
f_sweep,axelrod_f_sweep,47,complete,10,10,100,4950,99.0,4,10,5,200000,0,100,1,124800,True
f_sweep,axelrod_f_sweep,48,complete,10,10,100,4950,99.0,4,10,5,200000,0,100,1,79300,True
f_sweep,axelrod_f_sweep,49,complete,10,10,100,4950,99.0,4,10,5,200000,0,100,1,106600,True
f_sweep,axelrod_f_sweep,50,complete,10,10,100,4950,99.0,4,10,5,200000,0,100,1,81000,True
f_sweep,axelrod_f_sweep,51,complete,10,10,100,4950,99.0,4,10,5,200000,0,100,1,65800,True
f_sweep,axelrod_f_sweep,52,complete,10,10,100,4950,99.0,4,10,5,200000,0,100,1,97800,True
f_sweep,axelrod_f_sweep,53,complete,10,10,100,4950,99.0,4,10,5,200000,0,100,1,91400,True
f_sweep,axelrod_f_sweep,54,complete,10,10,100,4950,99.0,4,10,5,200000,0,100,1,81600,True
f_sweep,axelrod_f_sweep,55,complete,10,10,100,4950,99.0,4,10,5,200000,0,100,1,87900,True
f_sweep,axelrod_f_sweep,56,complete,10,10,100,4950,99.0,4,10,5,200000,0,100,1,93900,True
f_sweep,axelrod_f_sweep,57,complete,10,10,100,4950,99.0,4,10,5,200000,0,100,1,87200,True
f_sweep,axelrod_f_sweep,58,complete,10,10,100,4950,99.0,4,10,5,200000,0,100,1,89300,True
f_sweep,axelrod_f_sweep,59,complete,10,10,100,4950,99.0,4,10,5,200000,0,100,1,94100,True
f_sweep,axelrod_f_sweep,60,complete,10,10,100,4950,99.0,4,10,5,200000,0,100,1,105700,True
f_sweep,axelrod_f_sweep,61,complete,10,10,100,4950,99.0,4,10,5,200000,0,100,1,105000,True
f_sweep,axelrod_f_sweep,62,complete,10,10,100,4950,99.0,4,10,5,200000,0,100,1,97200,True
f_sweep,axelrod_f_sweep,63,complete,10,10,100,4950,99.0,4,10,5,200000,0,100,1,82500,True
f_sweep,axelrod_f_sweep,64,complete,10,10,100,4950,99.0,4,10,5,200000,0,100,1,122500,True
f_sweep,axelrod_f_sweep,65,complete,10,10,100,4950,99.0,4,10,5,200000,0,100,1,81100,True
f_sweep,axelrod_f_sweep,66,complete,10,10,100,4950,99.0,4,10,5,200000,0,100,1,84800,True
f_sweep,axelrod_f_sweep,67,complete,10,10,100,4950,99.0,4,10,5,200000,0,100,1,80900,True
f_sweep,axelrod_f_sweep,68,complete,10,10,100,4950,99.0,4,10,5,200000,0,100,1,129200,True
f_sweep,axelrod_f_sweep,69,complete,10,10,100,4950,99.0,4,10,5,200000,0,100,1,87600,True
f_sweep,axelrod_f_sweep,70,complete,10,10,100,4950,99.0,4,10,5,200000,0,100,1,64200,True
f_sweep,axelrod_f_sweep,71,complete,10,10,100,4950,99.0,4,10,5,200000,0,100,1,115500,True
f_sweep,axelrod_f_sweep,72,complete,10,10,100,4950,99.0,4,10,5,200000,0,100,1,100200,True
f_sweep,axelrod_f_sweep,73,complete,10,10,100,4950,99.0,4,10,5,200000,0,100,1,119600,True
f_sweep,axelrod_f_sweep,74,complete,10,10,100,4950,99.0,4,10,5,200000,0,100,1,69600,True
f_sweep,axelrod_f_sweep,75,complete,10,10,100,4950,99.0,4,10,5,200000,0,100,1,82100,True
f_sweep,axelrod_f_sweep,76,complete,10,10,100,4950,99.0,4,10,5,200000,0,100,1,88500,True
f_sweep,axelrod_f_sweep,77,complete,10,10,100,4950,99.0,4,10,5,200000,0,100,1,96300,True
f_sweep,axelrod_f_sweep,78,complete,10,10,100,4950,99.0,4,10,5,200000,0,100,1,79700,True
f_sweep,axelrod_f_sweep,79,complete,10,10,100,4950,99.0,4,10,5,200000,0,100,1,66700,True
f_sweep,axelrod_f_sweep,80,complete,10,10,100,4950,99.0,4,10,5,200000,0,100,1,79700,True
f_sweep,axelrod_f_sweep,81,complete,10,10,100,4950,99.0,4,10,5,200000,0,100,1,69800,True
f_sweep,axelrod_f_sweep,82,complete,10,10,100,4950,99.0,4,10,5,200000,0,100,1,87300,True
f_sweep,axelrod_f_sweep,83,complete,10,10,100,4950,99.0,4,10,5,200000,0,100,1,101200,True
f_sweep,axelrod_f_sweep,84,complete,10,10,100,4950,99.0,4,10,5,200000,0,100,1,80000,True
f_sweep,axelrod_f_sweep,85,complete,10,10,100,4950,99.0,4,10,5,200000,0,100,1,85000,True
f_sweep,axelrod_f_sweep,86,complete,10,10,100,4950,99.0,4,10,5,200000,0,100,1,84900,True
f_sweep,axelrod_f_sweep,87,complete,10,10,100,4950,99.0,4,10,5,200000,0,100,1,108300,True
f_sweep,axelrod_f_sweep,88,complete,10,10,100,4950,99.0,4,10,5,200000,0,100,1,100900,True
f_sweep,axelrod_f_sweep,89,complete,10,10,100,4950,99.0,4,10,5,200000,0,100,1,90600,True
f_sweep,axelrod_f_sweep,90,complete,10,10,100,4950,99.0,4,10,5,200000,0,100,1,79700,True
f_sweep,axelrod_f_sweep,91,complete,10,10,100,4950,99.0,4,10,5,200000,0,100,1,107600,True
f_sweep,axelrod_f_sweep,92,complete,10,10,100,4950,99.0,4,10,5,200000,0,100,1,79900,True
f_sweep,axelrod_f_sweep,93,complete,10,10,100,4950,99.0,4,10,5,200000,0,100,1,99800,True
f_sweep,axelrod_f_sweep,94,complete,10,10,100,4950,99.0,4,10,5,200000,0,100,1,86800,True
f_sweep,axelrod_f_sweep,95,complete,10,10,100,4950,99.0,4,10,5,200000,0,100,1,80000,True
f_sweep,axelrod_f_sweep,96,complete,10,10,100,4950,99.0,4,10,5,200000,0,100,1,84400,True
f_sweep,axelrod_f_sweep,97,complete,10,10,100,4950,99.0,4,10,5,200000,0,100,1,84400,True
f_sweep,axelrod_f_sweep,98,complete,10,10,100,4950,99.0,4,10,5,200000,0,100,1,72200,True
f_sweep,axelrod_f_sweep,99,complete,10,10,100,4950,99.0,4,10,5,200000,0,100,1,104300,True
f_sweep,axelrod_f_sweep,100,complete,10,10,100,4950,99.0,4,10,5,200000,0,100,1,86400,True
f_sweep,axelrod_f_sweep,101,complete,10,10,100,4950,99.0,4,10,5,200000,0,100,1,105200,True
f_sweep,axelrod_f_sweep,102,complete,10,10,100,4950,99.0,4,10,5,200000,0,100,1,108400,True
f_sweep,axelrod_f_sweep,103,complete,10,10,100,4950,99.0,4,10,5,200000,0,100,1,99600,True
f_sweep,axelrod_f_sweep,104,complete,10,10,100,4950,99.0,4,10,5,200000,0,100,1,78400,True
f_sweep,axelrod_f_sweep,105,complete,10,10,100,4950,99.0,4,10,5,200000,0,100,1,84800,True
f_sweep,axelrod_f_sweep,106,complete,10,10,100,4950,99.0,4,10,5,200000,0,100,1,83600,True
f_sweep,axelrod_f_sweep,107,complete,10,10,100,4950,99.0,4,10,5,200000,0,100,1,82100,True
f_sweep,axelrod_f_sweep,108,complete,10,10,100,4950,99.0,4,10,5,200000,0,100,1,84200,True
f_sweep,axelrod_f_sweep,109,complete,10,10,100,4950,99.0,4,10,5,200000,0,100,1,72800,True
f_sweep,axelrod_f_sweep,110,complete,10,10,100,4950,99.0,4,10,5,200000,0,100,1,90600,True
f_sweep,axelrod_f_sweep,111,complete,10,10,100,4950,99.0,4,10,5,200000,0,100,1,85200,True
f_sweep,axelrod_f_sweep,112,complete,10,10,100,4950,99.0,4,10,5,200000,0,100,1,85100,True
f_sweep,axelrod_f_sweep,113,complete,10,10,100,4950,99.0,4,10,5,200000,0,100,1,75400,True
f_sweep,axelrod_f_sweep,114,complete,10,10,100,4950,99.0,4,10,5,200000,0,100,1,79700,True
f_sweep,axelrod_f_sweep,115,complete,10,10,100,4950,99.0,4,10,5,200000,0,100,1,73500,True
f_sweep,axelrod_f_sweep,116,complete,10,10,100,4950,99.0,4,10,5,200000,0,100,1,75300,True
f_sweep,axelrod_f_sweep,117,complete,10,10,100,4950,99.0,4,10,5,200000,0,100,1,103700,True
f_sweep,axelrod_f_sweep,118,complete,10,10,100,4950,99.0,4,10,5,200000,0,100,1,79800,True
f_sweep,axelrod_f_sweep,119,complete,10,10,100,4950,99.0,4,10,5,200000,0,100,1,82300,True
f_sweep,axelrod_f_sweep,120,complete,10,10,100,4950,99.0,4,10,5,200000,0,100,1,73600,True
f_sweep,axelrod_f_sweep,121,complete,10,10,100,4950,99.0,4,10,5,200000,0,100,1,69500,True
f_sweep,axelrod_f_sweep,122,complete,10,10,100,4950,99.0,4,10,5,200000,0,100,1,97700,True
f_sweep,axelrod_f_sweep,123,complete,10,10,100,4950,99.0,4,10,5,200000,0,100,1,105400,True
f_sweep,axelrod_f_sweep,124,complete,10,10,100,4950,99.0,4,10,5,200000,0,100,1,68700,True
f_sweep,axelrod_f_sweep,125,complete,10,10,100,4950,99.0,4,10,5,200000,0,100,1,72100,True
f_sweep,axelrod_f_sweep,126,complete,10,10,100,4950,99.0,4,10,5,200000,0,100,1,74700,True
f_sweep,axelrod_f_sweep,127,complete,10,10,100,4950,99.0,4,10,5,200000,0,100,1,104100,True
f_sweep,axelrod_f_sweep,128,complete,10,10,100,4950,99.0,4,10,5,200000,0,100,1,92600,True
f_sweep,axelrod_f_sweep,129,complete,10,10,100,4950,99.0,4,10,5,200000,0,100,1,90600,True
f_sweep,axelrod_f_sweep,130,complete,10,10,100,4950,99.0,4,10,5,200000,0,100,1,91300,True
f_sweep,axelrod_f_sweep,131,complete,10,10,100,4950,99.0,4,10,5,200000,0,100,1,97300,True
f_sweep,axelrod_f_sweep,132,complete,10,10,100,4950,99.0,4,10,5,200000,0,100,1,116400,True
f_sweep,axelrod_f_sweep,133,complete,10,10,100,4950,99.0,4,10,5,200000,0,100,1,81600,True
f_sweep,axelrod_f_sweep,134,complete,10,10,100,4950,99.0,4,10,5,200000,0,100,1,78900,True
f_sweep,axelrod_f_sweep,135,complete,10,10,100,4950,99.0,4,10,5,200000,0,100,1,73900,True
f_sweep,axelrod_f_sweep,136,complete,10,10,100,4950,99.0,4,10,5,200000,0,100,1,84300,True
f_sweep,axelrod_f_sweep,137,complete,10,10,100,4950,99.0,4,10,5,200000,0,100,1,91900,True
f_sweep,axelrod_f_sweep,138,complete,10,10,100,4950,99.0,4,10,5,200000,0,100,1,92700,True
f_sweep,axelrod_f_sweep,139,complete,10,10,100,4950,99.0,4,10,5,200000,0,100,1,83800,True
f_sweep,axelrod_f_sweep,140,complete,10,10,100,4950,99.0,4,10,5,200000,0,100,1,88300,True
f_sweep,axelrod_f_sweep,141,complete,10,10,100,4950,99.0,4,10,5,200000,0,100,1,109800,True
f_sweep,axelrod_f_sweep,142,complete,10,10,100,4950,99.0,4,10,5,200000,0,100,1,99900,True
f_sweep,axelrod_f_sweep,143,complete,10,10,100,4950,99.0,4,10,5,200000,0,100,1,94000,True
f_sweep,axelrod_f_sweep,144,complete,10,10,100,4950,99.0,4,10,5,200000,0,100,1,69700,True
f_sweep,axelrod_f_sweep,145,complete,10,10,100,4950,99.0,4,10,5,200000,0,100,1,82000,True
f_sweep,axelrod_f_sweep,146,complete,10,10,100,4950,99.0,4,10,5,200000,0,100,1,100200,True
f_sweep,axelrod_f_sweep,147,complete,10,10,100,4950,99.0,4,10,5,200000,0,100,1,115800,True
f_sweep,axelrod_f_sweep,148,complete,10,10,100,4950,99.0,4,10,5,200000,0,100,1,97200,True
f_sweep,axelrod_f_sweep,149,complete,10,10,100,4950,99.0,4,10,5,200000,0,100,1,94700,True
f_sweep,axelrod_f_sweep,150,complete,10,10,100,4950,99.0,4,10,5,200000,0,100,1,96000,True
f_sweep,axelrod_f_sweep,151,complete,10,10,100,4950,99.0,4,10,5,200000,0,100,1,93500,True
f_sweep,axelrod_f_sweep,152,complete,10,10,100,4950,99.0,4,10,5,200000,0,100,1,77600,True
f_sweep,axelrod_f_sweep,153,complete,10,10,100,4950,99.0,4,10,5,200000,0,100,1,104500,True
f_sweep,axelrod_f_sweep,154,complete,10,10,100,4950,99.0,4,10,5,200000,0,100,1,73300,True
f_sweep,axelrod_f_sweep,155,complete,10,10,100,4950,99.0,4,10,5,200000,0,100,1,77600,True
f_sweep,axelrod_f_sweep,156,complete,10,10,100,4950,99.0,4,10,5,200000,0,100,1,88700,True
f_sweep,axelrod_f_sweep,157,complete,10,10,100,4950,99.0,4,10,5,200000,0,100,1,99500,True
f_sweep,axelrod_f_sweep,158,complete,10,10,100,4950,99.0,4,10,5,200000,0,100,1,96700,True
f_sweep,axelrod_f_sweep,159,complete,10,10,100,4950,99.0,4,10,5,200000,0,100,1,75800,True
f_sweep,axelrod_f_sweep,160,complete,10,10,100,4950,99.0,4,10,5,200000,0,100,1,86000,True
f_sweep,axelrod_f_sweep,161,complete,10,10,100,4950,99.0,4,10,5,200000,0,100,1,114900,True
f_sweep,axelrod_f_sweep,162,complete,10,10,100,4950,99.0,4,10,5,200000,0,100,1,74400,True
f_sweep,axelrod_f_sweep,163,complete,10,10,100,4950,99.0,4,10,5,200000,0,100,1,66100,True
f_sweep,axelrod_f_sweep,164,complete,10,10,100,4950,99.0,4,10,5,200000,0,100,1,78800,True
f_sweep,axelrod_f_sweep,165,complete,10,10,100,4950,99.0,4,10,5,200000,0,100,1,110800,True
f_sweep,axelrod_f_sweep,166,complete,10,10,100,4950,99.0,4,10,5,200000,0,100,1,83600,True
f_sweep,axelrod_f_sweep,167,complete,10,10,100,4950,99.0,4,10,5,200000,0,100,1,88600,True
f_sweep,axelrod_f_sweep,168,complete,10,10,100,4950,99.0,4,10,5,200000,0,100,1,101000,True
f_sweep,axelrod_f_sweep,169,complete,10,10,100,4950,99.0,4,10,5,200000,0,100,1,101400,True
f_sweep,axelrod_f_sweep,170,complete,10,10,100,4950,99.0,4,10,5,200000,0,100,1,94200,True
f_sweep,axelrod_f_sweep,171,complete,10,10,100,4950,99.0,4,10,5,200000,0,100,1,90400,True
f_sweep,axelrod_f_sweep,172,complete,10,10,100,4950,99.0,4,10,5,200000,0,100,1,90300,True
f_sweep,axelrod_f_sweep,173,complete,10,10,100,4950,99.0,4,10,5,200000,0,100,1,94500,True
f_sweep,axelrod_f_sweep,174,complete,10,10,100,4950,99.0,4,10,5,200000,0,100,1,71300,True
f_sweep,axelrod_f_sweep,175,complete,10,10,100,4950,99.0,4,10,5,200000,0,100,1,57500,True
f_sweep,axelrod_f_sweep,176,complete,10,10,100,4950,99.0,4,10,5,200000,0,100,1,93700,True
f_sweep,axelrod_f_sweep,177,complete,10,10,100,4950,99.0,4,10,5,200000,0,100,1,122900,True
f_sweep,axelrod_f_sweep,178,complete,10,10,100,4950,99.0,4,10,5,200000,0,100,1,88900,True
f_sweep,axelrod_f_sweep,179,complete,10,10,100,4950,99.0,4,10,5,200000,0,100,1,93900,True
f_sweep,axelrod_f_sweep,180,complete,10,10,100,4950,99.0,4,10,5,200000,0,100,1,102700,True
f_sweep,axelrod_f_sweep,181,complete,10,10,100,4950,99.0,4,10,5,200000,0,100,1,83400,True
f_sweep,axelrod_f_sweep,182,complete,10,10,100,4950,99.0,4,10,5,200000,0,100,1,122500,True
f_sweep,axelrod_f_sweep,183,complete,10,10,100,4950,99.0,4,10,5,200000,0,100,1,96000,True
f_sweep,axelrod_f_sweep,184,complete,10,10,100,4950,99.0,4,10,5,200000,0,100,1,117000,True
f_sweep,axelrod_f_sweep,185,complete,10,10,100,4950,99.0,4,10,5,200000,0,100,1,106000,True
f_sweep,axelrod_f_sweep,186,complete,10,10,100,4950,99.0,4,10,5,200000,0,100,1,86500,True
f_sweep,axelrod_f_sweep,187,complete,10,10,100,4950,99.0,4,10,5,200000,0,100,1,116100,True
f_sweep,axelrod_f_sweep,188,complete,10,10,100,4950,99.0,4,10,5,200000,0,100,1,74900,True
f_sweep,axelrod_f_sweep,189,complete,10,10,100,4950,99.0,4,10,5,200000,0,100,1,77900,True
f_sweep,axelrod_f_sweep,190,complete,10,10,100,4950,99.0,4,10,5,200000,0,100,1,90900,True
f_sweep,axelrod_f_sweep,191,complete,10,10,100,4950,99.0,4,10,5,200000,0,100,1,85000,True
f_sweep,axelrod_f_sweep,192,complete,10,10,100,4950,99.0,4,10,5,200000,0,100,1,71600,True
f_sweep,axelrod_f_sweep,193,complete,10,10,100,4950,99.0,4,10,5,200000,0,100,1,63400,True
f_sweep,axelrod_f_sweep,194,complete,10,10,100,4950,99.0,4,10,5,200000,0,100,1,68100,True
f_sweep,axelrod_f_sweep,195,complete,10,10,100,4950,99.0,4,10,5,200000,0,100,1,97000,True
f_sweep,axelrod_f_sweep,196,complete,10,10,100,4950,99.0,4,10,5,200000,0,100,1,128000,True
f_sweep,axelrod_f_sweep,197,complete,10,10,100,4950,99.0,4,10,5,200000,0,100,1,88100,True
f_sweep,axelrod_f_sweep,198,complete,10,10,100,4950,99.0,4,10,5,200000,0,100,1,62100,True
f_sweep,axelrod_f_sweep,199,complete,10,10,100,4950,99.0,4,10,5,200000,0,100,1,102700,True
f_sweep,axelrod_f_sweep,0,complete,10,10,100,4950,99.0,4,20,5,200000,0,100,1,168500,True
f_sweep,axelrod_f_sweep,1,complete,10,10,100,4950,99.0,4,20,5,200000,0,100,1,156700,True
f_sweep,axelrod_f_sweep,2,complete,10,10,100,4950,99.0,4,20,5,200000,0,100,1,176300,True
f_sweep,axelrod_f_sweep,3,complete,10,10,100,4950,99.0,4,20,5,200000,0,100,1,174300,True
f_sweep,axelrod_f_sweep,4,complete,10,10,100,4950,99.0,4,20,5,200000,0,100,2,200000,False
f_sweep,axelrod_f_sweep,5,complete,10,10,100,4950,99.0,4,20,5,200000,0,100,1,149300,True
f_sweep,axelrod_f_sweep,6,complete,10,10,100,4950,99.0,4,20,5,200000,0,100,1,168300,True
f_sweep,axelrod_f_sweep,7,complete,10,10,100,4950,99.0,4,20,5,200000,0,100,1,182100,True
f_sweep,axelrod_f_sweep,8,complete,10,10,100,4950,99.0,4,20,5,200000,0,100,1,194100,True
f_sweep,axelrod_f_sweep,9,complete,10,10,100,4950,99.0,4,20,5,200000,0,100,1,177400,True
f_sweep,axelrod_f_sweep,10,complete,10,10,100,4950,99.0,4,20,5,200000,0,100,1,141700,True
f_sweep,axelrod_f_sweep,11,complete,10,10,100,4950,99.0,4,20,5,200000,0,100,1,188200,True
f_sweep,axelrod_f_sweep,12,complete,10,10,100,4950,99.0,4,20,5,200000,0,100,1,186000,True
f_sweep,axelrod_f_sweep,13,complete,10,10,100,4950,99.0,4,20,5,200000,0,100,9,200000,False
f_sweep,axelrod_f_sweep,14,complete,10,10,100,4950,99.0,4,20,5,200000,0,100,1,173700,True
f_sweep,axelrod_f_sweep,15,complete,10,10,100,4950,99.0,4,20,5,200000,0,100,1,154900,True
f_sweep,axelrod_f_sweep,16,complete,10,10,100,4950,99.0,4,20,5,200000,0,100,1,156100,True
f_sweep,axelrod_f_sweep,17,complete,10,10,100,4950,99.0,4,20,5,200000,0,100,1,150400,True
f_sweep,axelrod_f_sweep,18,complete,10,10,100,4950,99.0,4,20,5,200000,0,100,1,183800,True
f_sweep,axelrod_f_sweep,19,complete,10,10,100,4950,99.0,4,20,5,200000,0,100,1,141000,True
f_sweep,axelrod_f_sweep,20,complete,10,10,100,4950,99.0,4,20,5,200000,0,100,1,175900,True
f_sweep,axelrod_f_sweep,21,complete,10,10,100,4950,99.0,4,20,5,200000,0,100,1,186900,True
f_sweep,axelrod_f_sweep,22,complete,10,10,100,4950,99.0,4,20,5,200000,0,100,1,198400,True
f_sweep,axelrod_f_sweep,23,complete,10,10,100,4950,99.0,4,20,5,200000,0,100,1,185800,True
f_sweep,axelrod_f_sweep,24,complete,10,10,100,4950,99.0,4,20,5,200000,0,100,1,166700,True
f_sweep,axelrod_f_sweep,25,complete,10,10,100,4950,99.0,4,20,5,200000,0,100,1,189900,True
f_sweep,axelrod_f_sweep,26,complete,10,10,100,4950,99.0,4,20,5,200000,0,100,1,161000,True
f_sweep,axelrod_f_sweep,27,complete,10,10,100,4950,99.0,4,20,5,200000,0,100,1,154200,True
f_sweep,axelrod_f_sweep,28,complete,10,10,100,4950,99.0,4,20,5,200000,0,100,1,154400,True
f_sweep,axelrod_f_sweep,29,complete,10,10,100,4950,99.0,4,20,5,200000,0,100,1,158100,True
f_sweep,axelrod_f_sweep,30,complete,10,10,100,4950,99.0,4,20,5,200000,0,100,1,191500,True
f_sweep,axelrod_f_sweep,31,complete,10,10,100,4950,99.0,4,20,5,200000,0,100,1,153300,True
f_sweep,axelrod_f_sweep,32,complete,10,10,100,4950,99.0,4,20,5,200000,0,100,1,175700,True
f_sweep,axelrod_f_sweep,33,complete,10,10,100,4950,99.0,4,20,5,200000,0,100,1,175600,True
f_sweep,axelrod_f_sweep,34,complete,10,10,100,4950,99.0,4,20,5,200000,0,100,1,175100,True
f_sweep,axelrod_f_sweep,35,complete,10,10,100,4950,99.0,4,20,5,200000,0,100,1,169200,True
f_sweep,axelrod_f_sweep,36,complete,10,10,100,4950,99.0,4,20,5,200000,0,100,1,170100,True
f_sweep,axelrod_f_sweep,37,complete,10,10,100,4950,99.0,4,20,5,200000,0,100,1,137000,True
f_sweep,axelrod_f_sweep,38,complete,10,10,100,4950,99.0,4,20,5,200000,0,100,71,200000,False
f_sweep,axelrod_f_sweep,39,complete,10,10,100,4950,99.0,4,20,5,200000,0,100,1,127600,True
f_sweep,axelrod_f_sweep,40,complete,10,10,100,4950,99.0,4,20,5,200000,0,100,1,175600,True
f_sweep,axelrod_f_sweep,41,complete,10,10,100,4950,99.0,4,20,5,200000,0,100,1,150600,True
f_sweep,axelrod_f_sweep,42,complete,10,10,100,4950,99.0,4,20,5,200000,0,100,1,170800,True
f_sweep,axelrod_f_sweep,43,complete,10,10,100,4950,99.0,4,20,5,200000,0,100,1,171200,True
f_sweep,axelrod_f_sweep,44,complete,10,10,100,4950,99.0,4,20,5,200000,0,100,1,132800,True
f_sweep,axelrod_f_sweep,45,complete,10,10,100,4950,99.0,4,20,5,200000,0,100,1,157800,True
f_sweep,axelrod_f_sweep,46,complete,10,10,100,4950,99.0,4,20,5,200000,0,100,1,175100,True
f_sweep,axelrod_f_sweep,47,complete,10,10,100,4950,99.0,4,20,5,200000,0,100,1,157300,True
f_sweep,axelrod_f_sweep,48,complete,10,10,100,4950,99.0,4,20,5,200000,0,100,1,130100,True
f_sweep,axelrod_f_sweep,49,complete,10,10,100,4950,99.0,4,20,5,200000,0,100,1,160300,True
f_sweep,axelrod_f_sweep,50,complete,10,10,100,4950,99.0,4,20,5,200000,0,100,1,169800,True
f_sweep,axelrod_f_sweep,51,complete,10,10,100,4950,99.0,4,20,5,200000,0,100,1,159500,True
f_sweep,axelrod_f_sweep,52,complete,10,10,100,4950,99.0,4,20,5,200000,0,100,1,168900,True
f_sweep,axelrod_f_sweep,53,complete,10,10,100,4950,99.0,4,20,5,200000,0,100,1,173600,True
f_sweep,axelrod_f_sweep,54,complete,10,10,100,4950,99.0,4,20,5,200000,0,100,1,165300,True
f_sweep,axelrod_f_sweep,55,complete,10,10,100,4950,99.0,4,20,5,200000,0,100,1,159000,True
f_sweep,axelrod_f_sweep,56,complete,10,10,100,4950,99.0,4,20,5,200000,0,100,1,192000,True
f_sweep,axelrod_f_sweep,57,complete,10,10,100,4950,99.0,4,20,5,200000,0,100,1,149600,True
f_sweep,axelrod_f_sweep,58,complete,10,10,100,4950,99.0,4,20,5,200000,0,100,1,165800,True
f_sweep,axelrod_f_sweep,59,complete,10,10,100,4950,99.0,4,20,5,200000,0,100,1,156100,True
f_sweep,axelrod_f_sweep,60,complete,10,10,100,4950,99.0,4,20,5,200000,0,100,1,193500,True
f_sweep,axelrod_f_sweep,61,complete,10,10,100,4950,99.0,4,20,5,200000,0,100,1,157100,True
f_sweep,axelrod_f_sweep,62,complete,10,10,100,4950,99.0,4,20,5,200000,0,100,1,197600,True
f_sweep,axelrod_f_sweep,63,complete,10,10,100,4950,99.0,4,20,5,200000,0,100,1,183000,True
f_sweep,axelrod_f_sweep,64,complete,10,10,100,4950,99.0,4,20,5,200000,0,100,1,166300,True
f_sweep,axelrod_f_sweep,65,complete,10,10,100,4950,99.0,4,20,5,200000,0,100,1,150000,True
f_sweep,axelrod_f_sweep,66,complete,10,10,100,4950,99.0,4,20,5,200000,0,100,1,148100,True
f_sweep,axelrod_f_sweep,67,complete,10,10,100,4950,99.0,4,20,5,200000,0,100,1,168600,True
f_sweep,axelrod_f_sweep,68,complete,10,10,100,4950,99.0,4,20,5,200000,0,100,1,171000,True
f_sweep,axelrod_f_sweep,69,complete,10,10,100,4950,99.0,4,20,5,200000,0,100,1,157000,True
f_sweep,axelrod_f_sweep,70,complete,10,10,100,4950,99.0,4,20,5,200000,0,100,1,186600,True
f_sweep,axelrod_f_sweep,71,complete,10,10,100,4950,99.0,4,20,5,200000,0,100,1,166400,True
f_sweep,axelrod_f_sweep,72,complete,10,10,100,4950,99.0,4,20,5,200000,0,100,1,163800,True
f_sweep,axelrod_f_sweep,73,complete,10,10,100,4950,99.0,4,20,5,200000,0,100,1,169600,True
f_sweep,axelrod_f_sweep,74,complete,10,10,100,4950,99.0,4,20,5,200000,0,100,2,200000,False
f_sweep,axelrod_f_sweep,75,complete,10,10,100,4950,99.0,4,20,5,200000,0,100,1,155300,True
f_sweep,axelrod_f_sweep,76,complete,10,10,100,4950,99.0,4,20,5,200000,0,100,1,177700,True
f_sweep,axelrod_f_sweep,77,complete,10,10,100,4950,99.0,4,20,5,200000,0,100,1,129900,True
f_sweep,axelrod_f_sweep,78,complete,10,10,100,4950,99.0,4,20,5,200000,0,100,1,143400,True
f_sweep,axelrod_f_sweep,79,complete,10,10,100,4950,99.0,4,20,5,200000,0,100,1,191900,True
f_sweep,axelrod_f_sweep,80,complete,10,10,100,4950,99.0,4,20,5,200000,0,100,1,171300,True
f_sweep,axelrod_f_sweep,81,complete,10,10,100,4950,99.0,4,20,5,200000,0,100,1,166700,True
f_sweep,axelrod_f_sweep,82,complete,10,10,100,4950,99.0,4,20,5,200000,0,100,1,174800,True
f_sweep,axelrod_f_sweep,83,complete,10,10,100,4950,99.0,4,20,5,200000,0,100,1,171500,True
f_sweep,axelrod_f_sweep,84,complete,10,10,100,4950,99.0,4,20,5,200000,0,100,1,173900,True
f_sweep,axelrod_f_sweep,85,complete,10,10,100,4950,99.0,4,20,5,200000,0,100,1,164600,True
f_sweep,axelrod_f_sweep,86,complete,10,10,100,4950,99.0,4,20,5,200000,0,100,1,182100,True
f_sweep,axelrod_f_sweep,87,complete,10,10,100,4950,99.0,4,20,5,200000,0,100,1,171400,True
f_sweep,axelrod_f_sweep,88,complete,10,10,100,4950,99.0,4,20,5,200000,0,100,1,161500,True
f_sweep,axelrod_f_sweep,89,complete,10,10,100,4950,99.0,4,20,5,200000,0,100,1,160400,True
f_sweep,axelrod_f_sweep,90,complete,10,10,100,4950,99.0,4,20,5,200000,0,100,1,182500,True
f_sweep,axelrod_f_sweep,91,complete,10,10,100,4950,99.0,4,20,5,200000,0,100,1,191900,True
f_sweep,axelrod_f_sweep,92,complete,10,10,100,4950,99.0,4,20,5,200000,0,100,2,200000,False
f_sweep,axelrod_f_sweep,93,complete,10,10,100,4950,99.0,4,20,5,200000,0,100,1,162800,True
f_sweep,axelrod_f_sweep,94,complete,10,10,100,4950,99.0,4,20,5,200000,0,100,1,155200,True
f_sweep,axelrod_f_sweep,95,complete,10,10,100,4950,99.0,4,20,5,200000,0,100,1,150700,True
f_sweep,axelrod_f_sweep,96,complete,10,10,100,4950,99.0,4,20,5,200000,0,100,1,180000,True
f_sweep,axelrod_f_sweep,97,complete,10,10,100,4950,99.0,4,20,5,200000,0,100,1,155700,True
f_sweep,axelrod_f_sweep,98,complete,10,10,100,4950,99.0,4,20,5,200000,0,100,1,183900,True
f_sweep,axelrod_f_sweep,99,complete,10,10,100,4950,99.0,4,20,5,200000,0,100,1,166600,True
f_sweep,axelrod_f_sweep,100,complete,10,10,100,4950,99.0,4,20,5,200000,0,100,1,166000,True
f_sweep,axelrod_f_sweep,101,complete,10,10,100,4950,99.0,4,20,5,200000,0,100,1,166800,True
f_sweep,axelrod_f_sweep,102,complete,10,10,100,4950,99.0,4,20,5,200000,0,100,1,173200,True
f_sweep,axelrod_f_sweep,103,complete,10,10,100,4950,99.0,4,20,5,200000,0,100,1,159900,True
f_sweep,axelrod_f_sweep,104,complete,10,10,100,4950,99.0,4,20,5,200000,0,100,1,162200,True
f_sweep,axelrod_f_sweep,105,complete,10,10,100,4950,99.0,4,20,5,200000,0,100,8,200000,False
f_sweep,axelrod_f_sweep,106,complete,10,10,100,4950,99.0,4,20,5,200000,0,100,1,199900,True
f_sweep,axelrod_f_sweep,107,complete,10,10,100,4950,99.0,4,20,5,200000,0,100,1,181300,True
f_sweep,axelrod_f_sweep,108,complete,10,10,100,4950,99.0,4,20,5,200000,0,100,1,171200,True
f_sweep,axelrod_f_sweep,109,complete,10,10,100,4950,99.0,4,20,5,200000,0,100,1,150000,True
f_sweep,axelrod_f_sweep,110,complete,10,10,100,4950,99.0,4,20,5,200000,0,100,1,197900,True
f_sweep,axelrod_f_sweep,111,complete,10,10,100,4950,99.0,4,20,5,200000,0,100,1,165000,True
f_sweep,axelrod_f_sweep,112,complete,10,10,100,4950,99.0,4,20,5,200000,0,100,1,163000,True
f_sweep,axelrod_f_sweep,113,complete,10,10,100,4950,99.0,4,20,5,200000,0,100,1,134700,True
f_sweep,axelrod_f_sweep,114,complete,10,10,100,4950,99.0,4,20,5,200000,0,100,1,159000,True
f_sweep,axelrod_f_sweep,115,complete,10,10,100,4950,99.0,4,20,5,200000,0,100,1,160900,True
f_sweep,axelrod_f_sweep,116,complete,10,10,100,4950,99.0,4,20,5,200000,0,100,1,162600,True
f_sweep,axelrod_f_sweep,117,complete,10,10,100,4950,99.0,4,20,5,200000,0,100,1,158100,True
f_sweep,axelrod_f_sweep,118,complete,10,10,100,4950,99.0,4,20,5,200000,0,100,1,165700,True
f_sweep,axelrod_f_sweep,119,complete,10,10,100,4950,99.0,4,20,5,200000,0,100,1,167100,True
f_sweep,axelrod_f_sweep,120,complete,10,10,100,4950,99.0,4,20,5,200000,0,100,1,165600,True
f_sweep,axelrod_f_sweep,121,complete,10,10,100,4950,99.0,4,20,5,200000,0,100,1,150900,True
f_sweep,axelrod_f_sweep,122,complete,10,10,100,4950,99.0,4,20,5,200000,0,100,1,138700,True
f_sweep,axelrod_f_sweep,123,complete,10,10,100,4950,99.0,4,20,5,200000,0,100,1,146500,True
f_sweep,axelrod_f_sweep,124,complete,10,10,100,4950,99.0,4,20,5,200000,0,100,1,169600,True
f_sweep,axelrod_f_sweep,125,complete,10,10,100,4950,99.0,4,20,5,200000,0,100,1,171000,True
f_sweep,axelrod_f_sweep,126,complete,10,10,100,4950,99.0,4,20,5,200000,0,100,1,164300,True
f_sweep,axelrod_f_sweep,127,complete,10,10,100,4950,99.0,4,20,5,200000,0,100,1,155500,True
f_sweep,axelrod_f_sweep,128,complete,10,10,100,4950,99.0,4,20,5,200000,0,100,1,144800,True
f_sweep,axelrod_f_sweep,129,complete,10,10,100,4950,99.0,4,20,5,200000,0,100,4,200000,False
f_sweep,axelrod_f_sweep,130,complete,10,10,100,4950,99.0,4,20,5,200000,0,100,1,174800,True
f_sweep,axelrod_f_sweep,131,complete,10,10,100,4950,99.0,4,20,5,200000,0,100,1,169000,True
f_sweep,axelrod_f_sweep,132,complete,10,10,100,4950,99.0,4,20,5,200000,0,100,1,155700,True
f_sweep,axelrod_f_sweep,133,complete,10,10,100,4950,99.0,4,20,5,200000,0,100,1,167300,True
f_sweep,axelrod_f_sweep,134,complete,10,10,100,4950,99.0,4,20,5,200000,0,100,1,159300,True
f_sweep,axelrod_f_sweep,135,complete,10,10,100,4950,99.0,4,20,5,200000,0,100,1,160500,True
f_sweep,axelrod_f_sweep,136,complete,10,10,100,4950,99.0,4,20,5,200000,0,100,1,168600,True
f_sweep,axelrod_f_sweep,137,complete,10,10,100,4950,99.0,4,20,5,200000,0,100,1,169800,True
f_sweep,axelrod_f_sweep,138,complete,10,10,100,4950,99.0,4,20,5,200000,0,100,1,146600,True
f_sweep,axelrod_f_sweep,139,complete,10,10,100,4950,99.0,4,20,5,200000,0,100,2,200000,False
f_sweep,axelrod_f_sweep,140,complete,10,10,100,4950,99.0,4,20,5,200000,0,100,1,181700,True
f_sweep,axelrod_f_sweep,141,complete,10,10,100,4950,99.0,4,20,5,200000,0,100,1,154600,True
f_sweep,axelrod_f_sweep,142,complete,10,10,100,4950,99.0,4,20,5,200000,0,100,1,176000,True
f_sweep,axelrod_f_sweep,143,complete,10,10,100,4950,99.0,4,20,5,200000,0,100,1,133400,True
f_sweep,axelrod_f_sweep,144,complete,10,10,100,4950,99.0,4,20,5,200000,0,100,1,186100,True
f_sweep,axelrod_f_sweep,145,complete,10,10,100,4950,99.0,4,20,5,200000,0,100,1,186600,True
f_sweep,axelrod_f_sweep,146,complete,10,10,100,4950,99.0,4,20,5,200000,0,100,1,168400,True
f_sweep,axelrod_f_sweep,147,complete,10,10,100,4950,99.0,4,20,5,200000,0,100,1,157500,True
f_sweep,axelrod_f_sweep,148,complete,10,10,100,4950,99.0,4,20,5,200000,0,100,1,134500,True
f_sweep,axelrod_f_sweep,149,complete,10,10,100,4950,99.0,4,20,5,200000,0,100,1,160500,True
f_sweep,axelrod_f_sweep,150,complete,10,10,100,4950,99.0,4,20,5,200000,0,100,1,181400,True
f_sweep,axelrod_f_sweep,151,complete,10,10,100,4950,99.0,4,20,5,200000,0,100,1,159200,True
f_sweep,axelrod_f_sweep,152,complete,10,10,100,4950,99.0,4,20,5,200000,0,100,1,159400,True
f_sweep,axelrod_f_sweep,153,complete,10,10,100,4950,99.0,4,20,5,200000,0,100,1,153100,True
f_sweep,axelrod_f_sweep,154,complete,10,10,100,4950,99.0,4,20,5,200000,0,100,1,195200,True
f_sweep,axelrod_f_sweep,155,complete,10,10,100,4950,99.0,4,20,5,200000,0,100,1,159800,True
f_sweep,axelrod_f_sweep,156,complete,10,10,100,4950,99.0,4,20,5,200000,0,100,1,158200,True
f_sweep,axelrod_f_sweep,157,complete,10,10,100,4950,99.0,4,20,5,200000,0,100,1,150800,True
f_sweep,axelrod_f_sweep,158,complete,10,10,100,4950,99.0,4,20,5,200000,0,100,17,200000,False
f_sweep,axelrod_f_sweep,159,complete,10,10,100,4950,99.0,4,20,5,200000,0,100,1,169000,True
f_sweep,axelrod_f_sweep,160,complete,10,10,100,4950,99.0,4,20,5,200000,0,100,1,166200,True
f_sweep,axelrod_f_sweep,161,complete,10,10,100,4950,99.0,4,20,5,200000,0,100,1,164200,True
f_sweep,axelrod_f_sweep,162,complete,10,10,100,4950,99.0,4,20,5,200000,0,100,1,175300,True
f_sweep,axelrod_f_sweep,163,complete,10,10,100,4950,99.0,4,20,5,200000,0,100,1,148300,True
f_sweep,axelrod_f_sweep,164,complete,10,10,100,4950,99.0,4,20,5,200000,0,100,1,174100,True
f_sweep,axelrod_f_sweep,165,complete,10,10,100,4950,99.0,4,20,5,200000,0,100,1,169500,True
f_sweep,axelrod_f_sweep,166,complete,10,10,100,4950,99.0,4,20,5,200000,0,100,1,170100,True
f_sweep,axelrod_f_sweep,167,complete,10,10,100,4950,99.0,4,20,5,200000,0,100,1,160300,True
f_sweep,axelrod_f_sweep,168,complete,10,10,100,4950,99.0,4,20,5,200000,0,100,1,133500,True
f_sweep,axelrod_f_sweep,169,complete,10,10,100,4950,99.0,4,20,5,200000,0,100,1,154400,True
f_sweep,axelrod_f_sweep,170,complete,10,10,100,4950,99.0,4,20,5,200000,0,100,1,176800,True
f_sweep,axelrod_f_sweep,171,complete,10,10,100,4950,99.0,4,20,5,200000,0,100,1,199500,True
f_sweep,axelrod_f_sweep,172,complete,10,10,100,4950,99.0,4,20,5,200000,0,100,1,165700,True
f_sweep,axelrod_f_sweep,173,complete,10,10,100,4950,99.0,4,20,5,200000,0,100,1,177400,True
f_sweep,axelrod_f_sweep,174,complete,10,10,100,4950,99.0,4,20,5,200000,0,100,1,141600,True
f_sweep,axelrod_f_sweep,175,complete,10,10,100,4950,99.0,4,20,5,200000,0,100,1,145600,True
f_sweep,axelrod_f_sweep,176,complete,10,10,100,4950,99.0,4,20,5,200000,0,100,1,160800,True
f_sweep,axelrod_f_sweep,177,complete,10,10,100,4950,99.0,4,20,5,200000,0,100,1,196400,True
f_sweep,axelrod_f_sweep,178,complete,10,10,100,4950,99.0,4,20,5,200000,0,100,1,167100,True
f_sweep,axelrod_f_sweep,179,complete,10,10,100,4950,99.0,4,20,5,200000,0,100,2,200000,False
f_sweep,axelrod_f_sweep,180,complete,10,10,100,4950,99.0,4,20,5,200000,0,100,1,159500,True
f_sweep,axelrod_f_sweep,181,complete,10,10,100,4950,99.0,4,20,5,200000,0,100,1,163400,True
f_sweep,axelrod_f_sweep,182,complete,10,10,100,4950,99.0,4,20,5,200000,0,100,1,185200,True
f_sweep,axelrod_f_sweep,183,complete,10,10,100,4950,99.0,4,20,5,200000,0,100,1,147200,True
f_sweep,axelrod_f_sweep,184,complete,10,10,100,4950,99.0,4,20,5,200000,0,100,1,151900,True
f_sweep,axelrod_f_sweep,185,complete,10,10,100,4950,99.0,4,20,5,200000,0,100,1,168600,True
f_sweep,axelrod_f_sweep,186,complete,10,10,100,4950,99.0,4,20,5,200000,0,100,1,151600,True
f_sweep,axelrod_f_sweep,187,complete,10,10,100,4950,99.0,4,20,5,200000,0,100,1,162100,True
f_sweep,axelrod_f_sweep,188,complete,10,10,100,4950,99.0,4,20,5,200000,0,100,1,135300,True
f_sweep,axelrod_f_sweep,189,complete,10,10,100,4950,99.0,4,20,5,200000,0,100,1,183000,True
f_sweep,axelrod_f_sweep,190,complete,10,10,100,4950,99.0,4,20,5,200000,0,100,1,127400,True
f_sweep,axelrod_f_sweep,191,complete,10,10,100,4950,99.0,4,20,5,200000,0,100,4,200000,False
f_sweep,axelrod_f_sweep,192,complete,10,10,100,4950,99.0,4,20,5,200000,0,100,1,174500,True
f_sweep,axelrod_f_sweep,193,complete,10,10,100,4950,99.0,4,20,5,200000,0,100,1,159900,True
f_sweep,axelrod_f_sweep,194,complete,10,10,100,4950,99.0,4,20,5,200000,0,100,1,124200,True
f_sweep,axelrod_f_sweep,195,complete,10,10,100,4950,99.0,4,20,5,200000,0,100,1,146400,True
f_sweep,axelrod_f_sweep,196,complete,10,10,100,4950,99.0,4,20,5,200000,0,100,1,174900,True
f_sweep,axelrod_f_sweep,197,complete,10,10,100,4950,99.0,4,20,5,200000,0,100,1,162500,True
f_sweep,axelrod_f_sweep,198,complete,10,10,100,4950,99.0,4,20,5,200000,0,100,1,162400,True
f_sweep,axelrod_f_sweep,199,complete,10,10,100,4950,99.0,4,20,5,200000,0,100,1,148600,True
